series_id,date,value,source
PAYEMS,1939-01-01,29923,FRED monthly history
PAYEMS,1939-02-01,30100,FRED monthly history
PAYEMS,1939-03-01,30280,FRED monthly history
PAYEMS,1939-04-01,30094,FRED monthly history
PAYEMS,1939-05-01,30299,FRED monthly history
PAYEMS,1939-06-01,30502,FRED monthly history
PAYEMS,1939-07-01,30419,FRED monthly history
PAYEMS,1939-08-01,30663,FRED monthly history
PAYEMS,1939-09-01,31031,FRED monthly history
PAYEMS,1939-10-01,31411,FRED monthly history
PAYEMS,1939-11-01,31470,FRED monthly history
PAYEMS,1939-12-01,31542,FRED monthly history
PAYEMS,1940-01-01,31603,FRED monthly history
PAYEMS,1940-02-01,31715,FRED monthly history
PAYEMS,1940-03-01,31825,FRED monthly history
PAYEMS,1940-04-01,31701,FRED monthly history
PAYEMS,1940-05-01,31879,FRED monthly history
PAYEMS,1940-06-01,31977,FRED monthly history
PAYEMS,1940-07-01,31942,FRED monthly history
PAYEMS,1940-08-01,32352,FRED monthly history
PAYEMS,1940-09-01,32810,FRED monthly history
PAYEMS,1940-10-01,33267,FRED monthly history
PAYEMS,1940-11-01,33669,FRED monthly history
PAYEMS,1940-12-01,34174,FRED monthly history
PAYEMS,1941-01-01,34481,FRED monthly history
PAYEMS,1941-02-01,34843,FRED monthly history
PAYEMS,1941-03-01,35092,FRED monthly history
PAYEMS,1941-04-01,35468,FRED monthly history
PAYEMS,1941-05-01,36182,FRED monthly history
PAYEMS,1941-06-01,36650,FRED monthly history
PAYEMS,1941-07-01,37137,FRED monthly history
PAYEMS,1941-08-01,37544,FRED monthly history
PAYEMS,1941-09-01,37835,FRED monthly history
PAYEMS,1941-10-01,37949,FRED monthly history
PAYEMS,1941-11-01,38024,FRED monthly history
PAYEMS,1941-12-01,38104,FRED monthly history
PAYEMS,1942-01-01,38347,FRED monthly history
PAYEMS,1942-02-01,38512,FRED monthly history
PAYEMS,1942-03-01,38935,FRED monthly history
PAYEMS,1942-04-01,39352,FRED monthly history
PAYEMS,1942-05-01,39771,FRED monthly history
PAYEMS,1942-06-01,40029,FRED monthly history
PAYEMS,1942-07-01,40472,FRED monthly history
PAYEMS,1942-08-01,40988,FRED monthly history
PAYEMS,1942-09-01,41259,FRED monthly history
PAYEMS,1942-10-01,41515,FRED monthly history
PAYEMS,1942-11-01,41674,FRED monthly history
PAYEMS,1942-12-01,41915,FRED monthly history
PAYEMS,1943-01-01,42172,FRED monthly history
PAYEMS,1943-02-01,42393,FRED monthly history
PAYEMS,1943-03-01,42552,FRED monthly history
PAYEMS,1943-04-01,42647,FRED monthly history
PAYEMS,1943-05-01,42596,FRED monthly history
PAYEMS,1943-06-01,42781,FRED monthly history
PAYEMS,1943-07-01,42700,FRED monthly history
PAYEMS,1943-08-01,42546,FRED monthly history
PAYEMS,1943-09-01,42492,FRED monthly history
PAYEMS,1943-10-01,42675,FRED monthly history
PAYEMS,1943-11-01,42821,FRED monthly history
PAYEMS,1943-12-01,42746,FRED monthly history
PAYEMS,1944-01-01,42654,FRED monthly history
PAYEMS,1944-02-01,42538,FRED monthly history
PAYEMS,1944-03-01,42294,FRED monthly history
PAYEMS,1944-04-01,42063,FRED monthly history
PAYEMS,1944-05-01,41985,FRED monthly history
PAYEMS,1944-06-01,41947,FRED monthly history
PAYEMS,1944-07-01,41904,FRED monthly history
PAYEMS,1944-08-01,41850,FRED monthly history
PAYEMS,1944-09-01,41679,FRED monthly history
PAYEMS,1944-10-01,41708,FRED monthly history
PAYEMS,1944-11-01,41711,FRED monthly history
PAYEMS,1944-12-01,41860,FRED monthly history
PAYEMS,1945-01-01,41895,FRED monthly history
PAYEMS,1945-02-01,41897,FRED monthly history
PAYEMS,1945-03-01,41798,FRED monthly history
PAYEMS,1945-04-01,41446,FRED monthly history
PAYEMS,1945-05-01,41304,FRED monthly history
PAYEMS,1945-06-01,41149,FRED monthly history
PAYEMS,1945-07-01,40874,FRED monthly history
PAYEMS,1945-08-01,40466,FRED monthly history
PAYEMS,1945-09-01,38507,FRED monthly history
PAYEMS,1945-10-01,38600,FRED monthly history
PAYEMS,1945-11-01,38996,FRED monthly history
PAYEMS,1945-12-01,39110,FRED monthly history
PAYEMS,1946-01-01,39829,FRED monthly history
PAYEMS,1946-02-01,39244,FRED monthly history
PAYEMS,1946-03-01,40195,FRED monthly history
PAYEMS,1946-04-01,40913,FRED monthly history
PAYEMS,1946-05-01,41349,FRED monthly history
PAYEMS,1946-06-01,41735,FRED monthly history
PAYEMS,1946-07-01,42153,FRED monthly history
PAYEMS,1946-08-01,42642,FRED monthly history
PAYEMS,1946-09-01,42915,FRED monthly history
PAYEMS,1946-10-01,43093,FRED monthly history
PAYEMS,1946-11-01,43395,FRED monthly history
PAYEMS,1946-12-01,43379,FRED monthly history
PAYEMS,1947-01-01,43535,FRED monthly history
PAYEMS,1947-02-01,43557,FRED monthly history
PAYEMS,1947-03-01,43607,FRED monthly history
PAYEMS,1947-04-01,43499,FRED monthly history
PAYEMS,1947-05-01,43638,FRED monthly history
PAYEMS,1947-06-01,43810,FRED monthly history
PAYEMS,1947-07-01,43743,FRED monthly history
PAYEMS,1947-08-01,43960,FRED monthly history
PAYEMS,1947-09-01,44203,FRED monthly history
PAYEMS,1947-10-01,44411,FRED monthly history
PAYEMS,1947-11-01,44484,FRED monthly history
PAYEMS,1947-12-01,44581,FRED monthly history
PAYEMS,1948-01-01,44679,FRED monthly history
PAYEMS,1948-02-01,44533,FRED monthly history
PAYEMS,1948-03-01,44683,FRED monthly history
PAYEMS,1948-04-01,44379,FRED monthly history
PAYEMS,1948-05-01,44796,FRED monthly history
PAYEMS,1948-06-01,45034,FRED monthly history
PAYEMS,1948-07-01,45160,FRED monthly history
PAYEMS,1948-08-01,45178,FRED monthly history
PAYEMS,1948-09-01,45294,FRED monthly history
PAYEMS,1948-10-01,45245,FRED monthly history
PAYEMS,1948-11-01,45192,FRED monthly history
PAYEMS,1948-12-01,45032,FRED monthly history
PAYEMS,1949-01-01,44668,FRED monthly history
PAYEMS,1949-02-01,44497,FRED monthly history
PAYEMS,1949-03-01,44240,FRED monthly history
PAYEMS,1949-04-01,44236,FRED monthly history
PAYEMS,1949-05-01,43984,FRED monthly history
PAYEMS,1949-06-01,43739,FRED monthly history
PAYEMS,1949-07-01,43531,FRED monthly history
PAYEMS,1949-08-01,43624,FRED monthly history
PAYEMS,1949-09-01,43780,FRED monthly history
PAYEMS,1949-10-01,42942,FRED monthly history
PAYEMS,1949-11-01,43242,FRED monthly history
PAYEMS,1949-12-01,43522,FRED monthly history
PAYEMS,1950-01-01,43526,FRED monthly history
PAYEMS,1950-02-01,43297,FRED monthly history
PAYEMS,1950-03-01,43954,FRED monthly history
PAYEMS,1950-04-01,44382,FRED monthly history
PAYEMS,1950-05-01,44718,FRED monthly history
PAYEMS,1950-06-01,45083,FRED monthly history
PAYEMS,1950-07-01,45454,FRED monthly history
PAYEMS,1950-08-01,46192,FRED monthly history
PAYEMS,1950-09-01,46438,FRED monthly history
PAYEMS,1950-10-01,46706,FRED monthly history
PAYEMS,1950-11-01,46776,FRED monthly history
PAYEMS,1950-12-01,46861,FRED monthly history
PAYEMS,1951-01-01,47288,FRED monthly history
PAYEMS,1951-02-01,47577,FRED monthly history
PAYEMS,1951-03-01,47873,FRED monthly history
PAYEMS,1951-04-01,47861,FRED monthly history
PAYEMS,1951-05-01,47952,FRED monthly history
PAYEMS,1951-06-01,48064,FRED monthly history
PAYEMS,1951-07-01,48061,FRED monthly history
PAYEMS,1951-08-01,48012,FRED monthly history
PAYEMS,1951-09-01,47954,FRED monthly history
PAYEMS,1951-10-01,48006,FRED monthly history
PAYEMS,1951-11-01,48147,FRED monthly history
PAYEMS,1951-12-01,48314,FRED monthly history
PAYEMS,1952-01-01,48296,FRED monthly history
PAYEMS,1952-02-01,48522,FRED monthly history
PAYEMS,1952-03-01,48504,FRED monthly history
PAYEMS,1952-04-01,48620,FRED monthly history
PAYEMS,1952-05-01,48642,FRED monthly history
PAYEMS,1952-06-01,48282,FRED monthly history
PAYEMS,1952-07-01,48143,FRED monthly history
PAYEMS,1952-08-01,48924,FRED monthly history
PAYEMS,1952-09-01,49320,FRED monthly history
PAYEMS,1952-10-01,49597,FRED monthly history
PAYEMS,1952-11-01,49816,FRED monthly history
PAYEMS,1952-12-01,50166,FRED monthly history
PAYEMS,1953-01-01,50144,FRED monthly history
PAYEMS,1953-02-01,50339,FRED monthly history
PAYEMS,1953-03-01,50473,FRED monthly history
PAYEMS,1953-04-01,50435,FRED monthly history
PAYEMS,1953-05-01,50490,FRED monthly history
PAYEMS,1953-06-01,50519,FRED monthly history
PAYEMS,1953-07-01,50536,FRED monthly history
PAYEMS,1953-08-01,50489,FRED monthly history
PAYEMS,1953-09-01,50368,FRED monthly history
PAYEMS,1953-10-01,50240,FRED monthly history
PAYEMS,1953-11-01,49908,FRED monthly history
PAYEMS,1953-12-01,49703,FRED monthly history
PAYEMS,1954-01-01,49469,FRED monthly history
PAYEMS,1954-02-01,49382,FRED monthly history
PAYEMS,1954-03-01,49157,FRED monthly history
PAYEMS,1954-04-01,49179,FRED monthly history
PAYEMS,1954-05-01,48965,FRED monthly history
PAYEMS,1954-06-01,48895,FRED monthly history
PAYEMS,1954-07-01,48835,FRED monthly history
PAYEMS,1954-08-01,48826,FRED monthly history
PAYEMS,1954-09-01,48886,FRED monthly history
PAYEMS,1954-10-01,48942,FRED monthly history
PAYEMS,1954-11-01,49180,FRED monthly history
PAYEMS,1954-12-01,49331,FRED monthly history
PAYEMS,1955-01-01,49496,FRED monthly history
PAYEMS,1955-02-01,49644,FRED monthly history
PAYEMS,1955-03-01,49962,FRED monthly history
PAYEMS,1955-04-01,50248,FRED monthly history
PAYEMS,1955-05-01,50512,FRED monthly history
PAYEMS,1955-06-01,50790,FRED monthly history
PAYEMS,1955-07-01,50987,FRED monthly history
PAYEMS,1955-08-01,51111,FRED monthly history
PAYEMS,1955-09-01,51266,FRED monthly history
PAYEMS,1955-10-01,51429,FRED monthly history
PAYEMS,1955-11-01,51592,FRED monthly history
PAYEMS,1955-12-01,51805,FRED monthly history
PAYEMS,1956-01-01,51975,FRED monthly history
PAYEMS,1956-02-01,52167,FRED monthly history
PAYEMS,1956-03-01,52294,FRED monthly history
PAYEMS,1956-04-01,52375,FRED monthly history
PAYEMS,1956-05-01,52506,FRED monthly history
PAYEMS,1956-06-01,52586,FRED monthly history
PAYEMS,1956-07-01,51955,FRED monthly history
PAYEMS,1956-08-01,52631,FRED monthly history
PAYEMS,1956-09-01,52604,FRED monthly history
PAYEMS,1956-10-01,52777,FRED monthly history
PAYEMS,1956-11-01,52821,FRED monthly history
PAYEMS,1956-12-01,52929,FRED monthly history
PAYEMS,1957-01-01,52887,FRED monthly history
PAYEMS,1957-02-01,53097,FRED monthly history
PAYEMS,1957-03-01,53156,FRED monthly history
PAYEMS,1957-04-01,53238,FRED monthly history
PAYEMS,1957-05-01,53150,FRED monthly history
PAYEMS,1957-06-01,53067,FRED monthly history
PAYEMS,1957-07-01,53123,FRED monthly history
PAYEMS,1957-08-01,53128,FRED monthly history
PAYEMS,1957-09-01,52934,FRED monthly history
PAYEMS,1957-10-01,52763,FRED monthly history
PAYEMS,1957-11-01,52558,FRED monthly history
PAYEMS,1957-12-01,52384,FRED monthly history
PAYEMS,1958-01-01,52076,FRED monthly history
PAYEMS,1958-02-01,51576,FRED monthly history
PAYEMS,1958-03-01,51299,FRED monthly history
PAYEMS,1958-04-01,51027,FRED monthly history
PAYEMS,1958-05-01,50914,FRED monthly history
PAYEMS,1958-06-01,50914,FRED monthly history
PAYEMS,1958-07-01,51039,FRED monthly history
PAYEMS,1958-08-01,51233,FRED monthly history
PAYEMS,1958-09-01,51506,FRED monthly history
PAYEMS,1958-10-01,51485,FRED monthly history
PAYEMS,1958-11-01,51944,FRED monthly history
PAYEMS,1958-12-01,52085,FRED monthly history
PAYEMS,1959-01-01,52478,FRED monthly history
PAYEMS,1959-02-01,52688,FRED monthly history
PAYEMS,1959-03-01,53014,FRED monthly history
PAYEMS,1959-04-01,53321,FRED monthly history
PAYEMS,1959-05-01,53550,FRED monthly history
PAYEMS,1959-06-01,53681,FRED monthly history
PAYEMS,1959-07-01,53804,FRED monthly history
PAYEMS,1959-08-01,53336,FRED monthly history
PAYEMS,1959-09-01,53428,FRED monthly history
PAYEMS,1959-10-01,53358,FRED monthly history
PAYEMS,1959-11-01,53634,FRED monthly history
PAYEMS,1959-12-01,54174,FRED monthly history
PAYEMS,1960-01-01,54274,FRED monthly history
PAYEMS,1960-02-01,54513,FRED monthly history
PAYEMS,1960-03-01,54454,FRED monthly history
PAYEMS,1960-04-01,54813,FRED monthly history
PAYEMS,1960-05-01,54475,FRED monthly history
PAYEMS,1960-06-01,54348,FRED monthly history
PAYEMS,1960-07-01,54306,FRED monthly history
PAYEMS,1960-08-01,54272,FRED monthly history
PAYEMS,1960-09-01,54227,FRED monthly history
PAYEMS,1960-10-01,54142,FRED monthly history
PAYEMS,1960-11-01,53961,FRED monthly history
PAYEMS,1960-12-01,53742,FRED monthly history
PAYEMS,1961-01-01,53683,FRED monthly history
PAYEMS,1961-02-01,53557,FRED monthly history
PAYEMS,1961-03-01,53659,FRED monthly history
PAYEMS,1961-04-01,53627,FRED monthly history
PAYEMS,1961-05-01,53786,FRED monthly history
PAYEMS,1961-06-01,53977,FRED monthly history
PAYEMS,1961-07-01,54123,FRED monthly history
PAYEMS,1961-08-01,54298,FRED monthly history
PAYEMS,1961-09-01,54388,FRED monthly history
PAYEMS,1961-10-01,54522,FRED monthly history
PAYEMS,1961-11-01,54742,FRED monthly history
PAYEMS,1961-12-01,54872,FRED monthly history
PAYEMS,1962-01-01,54891,FRED monthly history
PAYEMS,1962-02-01,55188,FRED monthly history
PAYEMS,1962-03-01,55275,FRED monthly history
PAYEMS,1962-04-01,55602,FRED monthly history
PAYEMS,1962-05-01,55628,FRED monthly history
PAYEMS,1962-06-01,55644,FRED monthly history
PAYEMS,1962-07-01,55746,FRED monthly history
PAYEMS,1962-08-01,55838,FRED monthly history
PAYEMS,1962-09-01,55978,FRED monthly history
PAYEMS,1962-10-01,56041,FRED monthly history
PAYEMS,1962-11-01,56056,FRED monthly history
PAYEMS,1962-12-01,56028,FRED monthly history
PAYEMS,1963-01-01,56115,FRED monthly history
PAYEMS,1963-02-01,56230,FRED monthly history
PAYEMS,1963-03-01,56320,FRED monthly history
PAYEMS,1963-04-01,56580,FRED monthly history
PAYEMS,1963-05-01,56616,FRED monthly history
PAYEMS,1963-06-01,56659,FRED monthly history
PAYEMS,1963-07-01,56794,FRED monthly history
PAYEMS,1963-08-01,56910,FRED monthly history
PAYEMS,1963-09-01,57078,FRED monthly history
PAYEMS,1963-10-01,57283,FRED monthly history
PAYEMS,1963-11-01,57255,FRED monthly history
PAYEMS,1963-12-01,57361,FRED monthly history
PAYEMS,1964-01-01,57487,FRED monthly history
PAYEMS,1964-02-01,57753,FRED monthly history
PAYEMS,1964-03-01,57897,FRED monthly history
PAYEMS,1964-04-01,57922,FRED monthly history
PAYEMS,1964-05-01,58089,FRED monthly history
PAYEMS,1964-06-01,58219,FRED monthly history
PAYEMS,1964-07-01,58412,FRED monthly history
PAYEMS,1964-08-01,58619,FRED monthly history
PAYEMS,1964-09-01,58903,FRED monthly history
PAYEMS,1964-10-01,58793,FRED monthly history
PAYEMS,1964-11-01,59218,FRED monthly history
PAYEMS,1964-12-01,59421,FRED monthly history
PAYEMS,1965-01-01,59582,FRED monthly history
PAYEMS,1965-02-01,59800,FRED monthly history
PAYEMS,1965-03-01,60003,FRED monthly history
PAYEMS,1965-04-01,60259,FRED monthly history
PAYEMS,1965-05-01,60491,FRED monthly history
PAYEMS,1965-06-01,60690,FRED monthly history
PAYEMS,1965-07-01,60965,FRED monthly history
PAYEMS,1965-08-01,61228,FRED monthly history
PAYEMS,1965-09-01,61490,FRED monthly history
PAYEMS,1965-10-01,61719,FRED monthly history
PAYEMS,1965-11-01,61996,FRED monthly history
PAYEMS,1965-12-01,62322,FRED monthly history
PAYEMS,1966-01-01,62529,FRED monthly history
PAYEMS,1966-02-01,62796,FRED monthly history
PAYEMS,1966-03-01,63192,FRED monthly history
PAYEMS,1966-04-01,63437,FRED monthly history
PAYEMS,1966-05-01,63712,FRED monthly history
PAYEMS,1966-06-01,64111,FRED monthly history
PAYEMS,1966-07-01,64301,FRED monthly history
PAYEMS,1966-08-01,64507,FRED monthly history
PAYEMS,1966-09-01,64643,FRED monthly history
PAYEMS,1966-10-01,64854,FRED monthly history
PAYEMS,1966-11-01,65019,FRED monthly history
PAYEMS,1966-12-01,65199,FRED monthly history
PAYEMS,1967-01-01,65407,FRED monthly history
PAYEMS,1967-02-01,65429,FRED monthly history
PAYEMS,1967-03-01,65530,FRED monthly history
PAYEMS,1967-04-01,65466,FRED monthly history
PAYEMS,1967-05-01,65620,FRED monthly history
PAYEMS,1967-06-01,65750,FRED monthly history
PAYEMS,1967-07-01,65888,FRED monthly history
PAYEMS,1967-08-01,66143,FRED monthly history
PAYEMS,1967-09-01,66164,FRED monthly history
PAYEMS,1967-10-01,66225,FRED monthly history
PAYEMS,1967-11-01,66703,FRED monthly history
PAYEMS,1967-12-01,66900,FRED monthly history
PAYEMS,1968-01-01,66804,FRED monthly history
PAYEMS,1968-02-01,67215,FRED monthly history
PAYEMS,1968-03-01,67295,FRED monthly history
PAYEMS,1968-04-01,67556,FRED monthly history
PAYEMS,1968-05-01,67652,FRED monthly history
PAYEMS,1968-06-01,67905,FRED monthly history
PAYEMS,1968-07-01,68126,FRED monthly history
PAYEMS,1968-08-01,68330,FRED monthly history
PAYEMS,1968-09-01,68484,FRED monthly history
PAYEMS,1968-10-01,68721,FRED monthly history
PAYEMS,1968-11-01,68984,FRED monthly history
PAYEMS,1968-12-01,69248,FRED monthly history
PAYEMS,1969-01-01,69439,FRED monthly history
PAYEMS,1969-02-01,69699,FRED monthly history
PAYEMS,1969-03-01,69905,FRED monthly history
PAYEMS,1969-04-01,70072,FRED monthly history
PAYEMS,1969-05-01,70328,FRED monthly history
PAYEMS,1969-06-01,70636,FRED monthly history
PAYEMS,1969-07-01,70729,FRED monthly history
PAYEMS,1969-08-01,71008,FRED monthly history
PAYEMS,1969-09-01,70914,FRED monthly history
PAYEMS,1969-10-01,71121,FRED monthly history
PAYEMS,1969-11-01,71086,FRED monthly history
PAYEMS,1969-12-01,71241,FRED monthly history
PAYEMS,1970-01-01,71176,FRED monthly history
PAYEMS,1970-02-01,71305,FRED monthly history
PAYEMS,1970-03-01,71451,FRED monthly history
PAYEMS,1970-04-01,71348,FRED monthly history
PAYEMS,1970-05-01,71124,FRED monthly history
PAYEMS,1970-06-01,71029,FRED monthly history
PAYEMS,1970-07-01,71053,FRED monthly history
PAYEMS,1970-08-01,70937,FRED monthly history
PAYEMS,1970-09-01,70944,FRED monthly history
PAYEMS,1970-10-01,70521,FRED monthly history
PAYEMS,1970-11-01,70409,FRED monthly history
PAYEMS,1970-12-01,70792,FRED monthly history
PAYEMS,1971-01-01,70865,FRED monthly history
PAYEMS,1971-02-01,70807,FRED monthly history
PAYEMS,1971-03-01,70860,FRED monthly history
PAYEMS,1971-04-01,71036,FRED monthly history
PAYEMS,1971-05-01,71247,FRED monthly history
PAYEMS,1971-06-01,71254,FRED monthly history
PAYEMS,1971-07-01,71315,FRED monthly history
PAYEMS,1971-08-01,71373,FRED monthly history
PAYEMS,1971-09-01,71614,FRED monthly history
PAYEMS,1971-10-01,71642,FRED monthly history
PAYEMS,1971-11-01,71847,FRED monthly history
PAYEMS,1971-12-01,72109,FRED monthly history
PAYEMS,1972-01-01,72441,FRED monthly history
PAYEMS,1972-02-01,72648,FRED monthly history
PAYEMS,1972-03-01,72944,FRED monthly history
PAYEMS,1972-04-01,73162,FRED monthly history
PAYEMS,1972-05-01,73469,FRED monthly history
PAYEMS,1972-06-01,73758,FRED monthly history
PAYEMS,1972-07-01,73709,FRED monthly history
PAYEMS,1972-08-01,74141,FRED monthly history
PAYEMS,1972-09-01,74264,FRED monthly history
PAYEMS,1972-10-01,74674,FRED monthly history
PAYEMS,1972-11-01,74973,FRED monthly history
PAYEMS,1972-12-01,75268,FRED monthly history
PAYEMS,1973-01-01,75617,FRED monthly history
PAYEMS,1973-02-01,76014,FRED monthly history
PAYEMS,1973-03-01,76284,FRED monthly history
PAYEMS,1973-04-01,76455,FRED monthly history
PAYEMS,1973-05-01,76648,FRED monthly history
PAYEMS,1973-06-01,76887,FRED monthly history
PAYEMS,1973-07-01,76913,FRED monthly history
PAYEMS,1973-08-01,77168,FRED monthly history
PAYEMS,1973-09-01,77276,FRED monthly history
PAYEMS,1973-10-01,77607,FRED monthly history
PAYEMS,1973-11-01,77920,FRED monthly history
PAYEMS,1973-12-01,78031,FRED monthly history
PAYEMS,1974-01-01,78100,FRED monthly history
PAYEMS,1974-02-01,78254,FRED monthly history
PAYEMS,1974-03-01,78296,FRED monthly history
PAYEMS,1974-04-01,78382,FRED monthly history
PAYEMS,1974-05-01,78549,FRED monthly history
PAYEMS,1974-06-01,78604,FRED monthly history
PAYEMS,1974-07-01,78636,FRED monthly history
PAYEMS,1974-08-01,78619,FRED monthly history
PAYEMS,1974-09-01,78610,FRED monthly history
PAYEMS,1974-10-01,78630,FRED monthly history
PAYEMS,1974-11-01,78265,FRED monthly history
PAYEMS,1974-12-01,77652,FRED monthly history
PAYEMS,1975-01-01,77293,FRED monthly history
PAYEMS,1975-02-01,76918,FRED monthly history
PAYEMS,1975-03-01,76648,FRED monthly history
PAYEMS,1975-04-01,76460,FRED monthly history
PAYEMS,1975-05-01,76624,FRED monthly history
PAYEMS,1975-06-01,76521,FRED monthly history
PAYEMS,1975-07-01,76770,FRED monthly history
PAYEMS,1975-08-01,77153,FRED monthly history
PAYEMS,1975-09-01,77228,FRED monthly history
PAYEMS,1975-10-01,77540,FRED monthly history
PAYEMS,1975-11-01,77685,FRED monthly history
PAYEMS,1975-12-01,78017,FRED monthly history
PAYEMS,1976-01-01,78503,FRED monthly history
PAYEMS,1976-02-01,78816,FRED monthly history
PAYEMS,1976-03-01,79048,FRED monthly history
PAYEMS,1976-04-01,79292,FRED monthly history
PAYEMS,1976-05-01,79312,FRED monthly history
PAYEMS,1976-06-01,79376,FRED monthly history
PAYEMS,1976-07-01,79547,FRED monthly history
PAYEMS,1976-08-01,79704,FRED monthly history
PAYEMS,1976-09-01,79892,FRED monthly history
PAYEMS,1976-10-01,79911,FRED monthly history
PAYEMS,1976-11-01,80240,FRED monthly history
PAYEMS,1976-12-01,80448,FRED monthly history
PAYEMS,1977-01-01,80690,FRED monthly history
PAYEMS,1977-02-01,80988,FRED monthly history
PAYEMS,1977-03-01,81391,FRED monthly history
PAYEMS,1977-04-01,81728,FRED monthly history
PAYEMS,1977-05-01,82088,FRED monthly history
PAYEMS,1977-06-01,82488,FRED monthly history
PAYEMS,1977-07-01,82834,FRED monthly history
PAYEMS,1977-08-01,83075,FRED monthly history
PAYEMS,1977-09-01,83532,FRED monthly history
PAYEMS,1977-10-01,83800,FRED monthly history
PAYEMS,1977-11-01,84173,FRED monthly history
PAYEMS,1977-12-01,84410,FRED monthly history
PAYEMS,1978-01-01,84594,FRED monthly history
PAYEMS,1978-02-01,84948,FRED monthly history
PAYEMS,1978-03-01,85460,FRED monthly history
PAYEMS,1978-04-01,86162,FRED monthly history
PAYEMS,1978-05-01,86509,FRED monthly history
PAYEMS,1978-06-01,86950,FRED monthly history
PAYEMS,1978-07-01,87204,FRED monthly history
PAYEMS,1978-08-01,87483,FRED monthly history
PAYEMS,1978-09-01,87621,FRED monthly history
PAYEMS,1978-10-01,87956,FRED monthly history
PAYEMS,1978-11-01,88391,FRED monthly history
PAYEMS,1978-12-01,88671,FRED monthly history
PAYEMS,1979-01-01,88808,FRED monthly history
PAYEMS,1979-02-01,89055,FRED monthly history
PAYEMS,1979-03-01,89479,FRED monthly history
PAYEMS,1979-04-01,89417,FRED monthly history
PAYEMS,1979-05-01,89789,FRED monthly history
PAYEMS,1979-06-01,90108,FRED monthly history
PAYEMS,1979-07-01,90217,FRED monthly history
PAYEMS,1979-08-01,90300,FRED monthly history
PAYEMS,1979-09-01,90327,FRED monthly history
PAYEMS,1979-10-01,90481,FRED monthly history
PAYEMS,1979-11-01,90573,FRED monthly history
PAYEMS,1979-12-01,90672,FRED monthly history
PAYEMS,1980-01-01,90800,FRED monthly history
PAYEMS,1980-02-01,90883,FRED monthly history
PAYEMS,1980-03-01,90994,FRED monthly history
PAYEMS,1980-04-01,90849,FRED monthly history
PAYEMS,1980-05-01,90420,FRED monthly history
PAYEMS,1980-06-01,90101,FRED monthly history
PAYEMS,1980-07-01,89840,FRED monthly history
PAYEMS,1980-08-01,90099,FRED monthly history
PAYEMS,1980-09-01,90213,FRED monthly history
PAYEMS,1980-10-01,90490,FRED monthly history
PAYEMS,1980-11-01,90747,FRED monthly history
PAYEMS,1980-12-01,90943,FRED monthly history
PAYEMS,1981-01-01,91033,FRED monthly history
PAYEMS,1981-02-01,91105,FRED monthly history
PAYEMS,1981-03-01,91210,FRED monthly history
PAYEMS,1981-04-01,91283,FRED monthly history
PAYEMS,1981-05-01,91296,FRED monthly history
PAYEMS,1981-06-01,91490,FRED monthly history
PAYEMS,1981-07-01,91601,FRED monthly history
PAYEMS,1981-08-01,91565,FRED monthly history
PAYEMS,1981-09-01,91477,FRED monthly history
PAYEMS,1981-10-01,91380,FRED monthly history
PAYEMS,1981-11-01,91171,FRED monthly history
PAYEMS,1981-12-01,90895,FRED monthly history
PAYEMS,1982-01-01,90565,FRED monthly history
PAYEMS,1982-02-01,90563,FRED monthly history
PAYEMS,1982-03-01,90434,FRED monthly history
PAYEMS,1982-04-01,90150,FRED monthly history
PAYEMS,1982-05-01,90107,FRED monthly history
PAYEMS,1982-06-01,89865,FRED monthly history
PAYEMS,1982-07-01,89521,FRED monthly history
PAYEMS,1982-08-01,89363,FRED monthly history
PAYEMS,1982-09-01,89183,FRED monthly history
PAYEMS,1982-10-01,88907,FRED monthly history
PAYEMS,1982-11-01,88786,FRED monthly history
PAYEMS,1982-12-01,88771,FRED monthly history
PAYEMS,1983-01-01,88990,FRED monthly history
PAYEMS,1983-02-01,88917,FRED monthly history
PAYEMS,1983-03-01,89090,FRED monthly history
PAYEMS,1983-04-01,89364,FRED monthly history
PAYEMS,1983-05-01,89644,FRED monthly history
PAYEMS,1983-06-01,90021,FRED monthly history
PAYEMS,1983-07-01,90437,FRED monthly history
PAYEMS,1983-08-01,90129,FRED monthly history
PAYEMS,1983-09-01,91247,FRED monthly history
PAYEMS,1983-10-01,91520,FRED monthly history
PAYEMS,1983-11-01,91875,FRED monthly history
PAYEMS,1983-12-01,92230,FRED monthly history
PAYEMS,1984-01-01,92673,FRED monthly history
PAYEMS,1984-02-01,93157,FRED monthly history
PAYEMS,1984-03-01,93429,FRED monthly history
PAYEMS,1984-04-01,93792,FRED monthly history
PAYEMS,1984-05-01,94098,FRED monthly history
PAYEMS,1984-06-01,94479,FRED monthly history
PAYEMS,1984-07-01,94789,FRED monthly history
PAYEMS,1984-08-01,95032,FRED monthly history
PAYEMS,1984-09-01,95344,FRED monthly history
PAYEMS,1984-10-01,95629,FRED monthly history
PAYEMS,1984-11-01,95982,FRED monthly history
PAYEMS,1984-12-01,96107,FRED monthly history
PAYEMS,1985-01-01,96372,FRED monthly history
PAYEMS,1985-02-01,96503,FRED monthly history
PAYEMS,1985-03-01,96842,FRED monthly history
PAYEMS,1985-04-01,97038,FRED monthly history
PAYEMS,1985-05-01,97312,FRED monthly history
PAYEMS,1985-06-01,97459,FRED monthly history
PAYEMS,1985-07-01,97648,FRED monthly history
PAYEMS,1985-08-01,97840,FRED monthly history
PAYEMS,1985-09-01,98045,FRED monthly history
PAYEMS,1985-10-01,98233,FRED monthly history
PAYEMS,1985-11-01,98443,FRED monthly history
PAYEMS,1985-12-01,98609,FRED monthly history
PAYEMS,1986-01-01,98732,FRED monthly history
PAYEMS,1986-02-01,98847,FRED monthly history
PAYEMS,1986-03-01,98934,FRED monthly history
PAYEMS,1986-04-01,99121,FRED monthly history
PAYEMS,1986-05-01,99248,FRED monthly history
PAYEMS,1986-06-01,99155,FRED monthly history
PAYEMS,1986-07-01,99473,FRED monthly history
PAYEMS,1986-08-01,99588,FRED monthly history
PAYEMS,1986-09-01,99934,FRED monthly history
PAYEMS,1986-10-01,100121,FRED monthly history
PAYEMS,1986-11-01,100308,FRED monthly history
PAYEMS,1986-12-01,100509,FRED monthly history
PAYEMS,1987-01-01,100678,FRED monthly history
PAYEMS,1987-02-01,100919,FRED monthly history
PAYEMS,1987-03-01,101164,FRED monthly history
PAYEMS,1987-04-01,101499,FRED monthly history
PAYEMS,1987-05-01,101728,FRED monthly history
PAYEMS,1987-06-01,101900,FRED monthly history
PAYEMS,1987-07-01,102247,FRED monthly history
PAYEMS,1987-08-01,102420,FRED monthly history
PAYEMS,1987-09-01,102647,FRED monthly history
PAYEMS,1987-10-01,103138,FRED monthly history
PAYEMS,1987-11-01,103372,FRED monthly history
PAYEMS,1987-12-01,103661,FRED monthly history
PAYEMS,1988-01-01,103753,FRED monthly history
PAYEMS,1988-02-01,104214,FRED monthly history
PAYEMS,1988-03-01,104489,FRED monthly history
PAYEMS,1988-04-01,104732,FRED monthly history
PAYEMS,1988-05-01,104962,FRED monthly history
PAYEMS,1988-06-01,105326,FRED monthly history
PAYEMS,1988-07-01,105550,FRED monthly history
PAYEMS,1988-08-01,105674,FRED monthly history
PAYEMS,1988-09-01,106013,FRED monthly history
PAYEMS,1988-10-01,106276,FRED monthly history
PAYEMS,1988-11-01,106617,FRED monthly history
PAYEMS,1988-12-01,106898,FRED monthly history
PAYEMS,1989-01-01,107161,FRED monthly history
PAYEMS,1989-02-01,107427,FRED monthly history
PAYEMS,1989-03-01,107621,FRED monthly history
PAYEMS,1989-04-01,107791,FRED monthly history
PAYEMS,1989-05-01,107913,FRED monthly history
PAYEMS,1989-06-01,108027,FRED monthly history
PAYEMS,1989-07-01,108069,FRED monthly history
PAYEMS,1989-08-01,108120,FRED monthly history
PAYEMS,1989-09-01,108369,FRED monthly history
PAYEMS,1989-10-01,108476,FRED monthly history
PAYEMS,1989-11-01,108752,FRED monthly history
PAYEMS,1989-12-01,108836,FRED monthly history
PAYEMS,1990-01-01,109196,FRED monthly history
PAYEMS,1990-02-01,109436,FRED monthly history
PAYEMS,1990-03-01,109640,FRED monthly history
PAYEMS,1990-04-01,109674,FRED monthly history
PAYEMS,1990-05-01,109828,FRED monthly history
PAYEMS,1990-06-01,109850,FRED monthly history
PAYEMS,1990-07-01,109815,FRED monthly history
PAYEMS,1990-08-01,109607,FRED monthly history
PAYEMS,1990-09-01,109522,FRED monthly history
PAYEMS,1990-10-01,109377,FRED monthly history
PAYEMS,1990-11-01,109222,FRED monthly history
PAYEMS,1990-12-01,109168,FRED monthly history
PAYEMS,1991-01-01,109058,FRED monthly history
PAYEMS,1991-02-01,108735,FRED monthly history
PAYEMS,1991-03-01,108568,FRED monthly history
PAYEMS,1991-04-01,108350,FRED monthly history
PAYEMS,1991-05-01,108253,FRED monthly history
PAYEMS,1991-06-01,108330,FRED monthly history
PAYEMS,1991-07-01,108290,FRED monthly history
PAYEMS,1991-08-01,108300,FRED monthly history
PAYEMS,1991-09-01,108335,FRED monthly history
PAYEMS,1991-10-01,108361,FRED monthly history
PAYEMS,1991-11-01,108300,FRED monthly history
PAYEMS,1991-12-01,108330,FRED monthly history
PAYEMS,1992-01-01,108365,FRED monthly history
PAYEMS,1992-02-01,108312,FRED monthly history
PAYEMS,1992-03-01,108367,FRED monthly history
PAYEMS,1992-04-01,108516,FRED monthly history
PAYEMS,1992-05-01,108646,FRED monthly history
PAYEMS,1992-06-01,108706,FRED monthly history
PAYEMS,1992-07-01,108793,FRED monthly history
PAYEMS,1992-08-01,108916,FRED monthly history
PAYEMS,1992-09-01,108951,FRED monthly history
PAYEMS,1992-10-01,109139,FRED monthly history
PAYEMS,1992-11-01,109283,FRED monthly history
PAYEMS,1992-12-01,109502,FRED monthly history
PAYEMS,1993-01-01,109790,FRED monthly history
PAYEMS,1993-02-01,110047,FRED monthly history
PAYEMS,1993-03-01,110004,FRED monthly history
PAYEMS,1993-04-01,110300,FRED monthly history
PAYEMS,1993-05-01,110571,FRED monthly history
PAYEMS,1993-06-01,110742,FRED monthly history
PAYEMS,1993-07-01,111054,FRED monthly history
PAYEMS,1993-08-01,111200,FRED monthly history
PAYEMS,1993-09-01,111448,FRED monthly history
PAYEMS,1993-10-01,111734,FRED monthly history
PAYEMS,1993-11-01,111987,FRED monthly history
PAYEMS,1993-12-01,112325,FRED monthly history
PAYEMS,1994-01-01,112601,FRED monthly history
PAYEMS,1994-02-01,112782,FRED monthly history
PAYEMS,1994-03-01,113245,FRED monthly history
PAYEMS,1994-04-01,113589,FRED monthly history
PAYEMS,1994-05-01,113922,FRED monthly history
PAYEMS,1994-06-01,114239,FRED monthly history
PAYEMS,1994-07-01,114608,FRED monthly history
PAYEMS,1994-08-01,114902,FRED monthly history
PAYEMS,1994-09-01,115246,FRED monthly history
PAYEMS,1994-10-01,115457,FRED monthly history
PAYEMS,1994-11-01,115867,FRED monthly history
PAYEMS,1994-12-01,116174,FRED monthly history
PAYEMS,1995-01-01,116505,FRED monthly history
PAYEMS,1995-02-01,116694,FRED monthly history
PAYEMS,1995-03-01,116908,FRED monthly history
PAYEMS,1995-04-01,117066,FRED monthly history
PAYEMS,1995-05-01,117046,FRED monthly history
PAYEMS,1995-06-01,117291,FRED monthly history
PAYEMS,1995-07-01,117382,FRED monthly history
PAYEMS,1995-08-01,117646,FRED monthly history
PAYEMS,1995-09-01,117873,FRED monthly history
PAYEMS,1995-10-01,118026,FRED monthly history
PAYEMS,1995-11-01,118165,FRED monthly history
PAYEMS,1995-12-01,118325,FRED monthly history
PAYEMS,1996-01-01,118317,FRED monthly history
PAYEMS,1996-02-01,118738,FRED monthly history
PAYEMS,1996-03-01,118992,FRED monthly history
PAYEMS,1996-04-01,119158,FRED monthly history
PAYEMS,1996-05-01,119497,FRED monthly history
PAYEMS,1996-06-01,119770,FRED monthly history
PAYEMS,1996-07-01,120019,FRED monthly history
PAYEMS,1996-08-01,120198,FRED monthly history
PAYEMS,1996-09-01,120400,FRED monthly history
PAYEMS,1996-10-01,120665,FRED monthly history
PAYEMS,1996-11-01,120947,FRED monthly history
PAYEMS,1996-12-01,121143,FRED monthly history
PAYEMS,1997-01-01,121356,FRED monthly history
PAYEMS,1997-02-01,121673,FRED monthly history
PAYEMS,1997-03-01,121991,FRED monthly history
PAYEMS,1997-04-01,122289,FRED monthly history
PAYEMS,1997-05-01,122560,FRED monthly history
PAYEMS,1997-06-01,122816,FRED monthly history
PAYEMS,1997-07-01,123114,FRED monthly history
PAYEMS,1997-08-01,123087,FRED monthly history
PAYEMS,1997-09-01,123575,FRED monthly history
PAYEMS,1997-10-01,123924,FRED monthly history
PAYEMS,1997-11-01,124225,FRED monthly history
PAYEMS,1997-12-01,124549,FRED monthly history
PAYEMS,1998-01-01,124806,FRED monthly history
PAYEMS,1998-02-01,125017,FRED monthly history
PAYEMS,1998-03-01,125165,FRED monthly history
PAYEMS,1998-04-01,125445,FRED monthly history
PAYEMS,1998-05-01,125845,FRED monthly history
PAYEMS,1998-06-01,126076,FRED monthly history
PAYEMS,1998-07-01,126212,FRED monthly history
PAYEMS,1998-08-01,126546,FRED monthly history
PAYEMS,1998-09-01,126744,FRED monthly history
PAYEMS,1998-10-01,126949,FRED monthly history
PAYEMS,1998-11-01,127222,FRED monthly history
PAYEMS,1998-12-01,127595,FRED monthly history
PAYEMS,1999-01-01,127699,FRED monthly history
PAYEMS,1999-02-01,128117,FRED monthly history
PAYEMS,1999-03-01,128234,FRED monthly history
PAYEMS,1999-04-01,128595,FRED monthly history
PAYEMS,1999-05-01,128813,FRED monthly history
PAYEMS,1999-06-01,129084,FRED monthly history
PAYEMS,1999-07-01,129422,FRED monthly history
PAYEMS,1999-08-01,129572,FRED monthly history
PAYEMS,1999-09-01,129771,FRED monthly history
PAYEMS,1999-10-01,130178,FRED monthly history
PAYEMS,1999-11-01,130466,FRED monthly history
PAYEMS,1999-12-01,130783,FRED monthly history
PAYEMS,2000-01-01,131011,FRED monthly history
PAYEMS,2000-02-01,131120,FRED monthly history
PAYEMS,2000-03-01,131604,FRED monthly history
PAYEMS,2000-04-01,131884,FRED monthly history
PAYEMS,2000-05-01,132105,FRED monthly history
PAYEMS,2000-06-01,132063,FRED monthly history
PAYEMS,2000-07-01,132228,FRED monthly history
PAYEMS,2000-08-01,132234,FRED monthly history
PAYEMS,2000-09-01,132337,FRED monthly history
PAYEMS,2000-10-01,132352,FRED monthly history
PAYEMS,2000-11-01,132556,FRED monthly history
PAYEMS,2000-12-01,132716,FRED monthly history
PAYEMS,2001-01-01,132703,FRED monthly history
PAYEMS,2001-02-01,132788,FRED monthly history
PAYEMS,2001-03-01,132751,FRED monthly history
PAYEMS,2001-04-01,132458,FRED monthly history
PAYEMS,2001-05-01,132408,FRED monthly history
PAYEMS,2001-06-01,132300,FRED monthly history
PAYEMS,2001-07-01,132172,FRED monthly history
PAYEMS,2001-08-01,132021,FRED monthly history
PAYEMS,2001-09-01,131763,FRED monthly history
PAYEMS,2001-10-01,131452,FRED monthly history
PAYEMS,2001-11-01,131144,FRED monthly history
PAYEMS,2001-12-01,130983,FRED monthly history
PAYEMS,2002-01-01,130859,FRED monthly history
PAYEMS,2002-02-01,130737,FRED monthly history
PAYEMS,2002-03-01,130722,FRED monthly history
PAYEMS,2002-04-01,130616,FRED monthly history
PAYEMS,2002-05-01,130632,FRED monthly history
PAYEMS,2002-06-01,130674,FRED monthly history
PAYEMS,2002-07-01,130584,FRED monthly history
PAYEMS,2002-08-01,130581,FRED monthly history
PAYEMS,2002-09-01,130502,FRED monthly history
PAYEMS,2002-10-01,130617,FRED monthly history
PAYEMS,2002-11-01,130616,FRED monthly history
PAYEMS,2002-12-01,130465,FRED monthly history
PAYEMS,2003-01-01,130573,FRED monthly history
PAYEMS,2003-02-01,130441,FRED monthly history
PAYEMS,2003-03-01,130235,FRED monthly history
PAYEMS,2003-04-01,130173,FRED monthly history
PAYEMS,2003-05-01,130197,FRED monthly history
PAYEMS,2003-06-01,130186,FRED monthly history
PAYEMS,2003-07-01,130184,FRED monthly history
PAYEMS,2003-08-01,130153,FRED monthly history
PAYEMS,2003-09-01,130252,FRED monthly history
PAYEMS,2003-10-01,130439,FRED monthly history
PAYEMS,2003-11-01,130480,FRED monthly history
PAYEMS,2003-12-01,130589,FRED monthly history
PAYEMS,2004-01-01,130756,FRED monthly history
PAYEMS,2004-02-01,130821,FRED monthly history
PAYEMS,2004-03-01,131140,FRED monthly history
PAYEMS,2004-04-01,131412,FRED monthly history
PAYEMS,2004-05-01,131697,FRED monthly history
PAYEMS,2004-06-01,131794,FRED monthly history
PAYEMS,2004-07-01,131854,FRED monthly history
PAYEMS,2004-08-01,131939,FRED monthly history
PAYEMS,2004-09-01,132089,FRED monthly history
PAYEMS,2004-10-01,132429,FRED monthly history
PAYEMS,2004-11-01,132503,FRED monthly history
PAYEMS,2004-12-01,132630,FRED monthly history
PAYEMS,2005-01-01,132781,FRED monthly history
PAYEMS,2005-02-01,133034,FRED monthly history
PAYEMS,2005-03-01,133154,FRED monthly history
PAYEMS,2005-04-01,133520,FRED monthly history
PAYEMS,2005-05-01,133689,FRED monthly history
PAYEMS,2005-06-01,133948,FRED monthly history
PAYEMS,2005-07-01,134300,FRED monthly history
PAYEMS,2005-08-01,134502,FRED monthly history
PAYEMS,2005-09-01,134552,FRED monthly history
PAYEMS,2005-10-01,134641,FRED monthly history
PAYEMS,2005-11-01,134997,FRED monthly history
PAYEMS,2005-12-01,135159,FRED monthly history
PAYEMS,2006-01-01,135427,FRED monthly history
PAYEMS,2006-02-01,135733,FRED monthly history
PAYEMS,2006-03-01,136038,FRED monthly history
PAYEMS,2006-04-01,136210,FRED monthly history
PAYEMS,2006-05-01,136249,FRED monthly history
PAYEMS,2006-06-01,136337,FRED monthly history
PAYEMS,2006-07-01,136529,FRED monthly history
PAYEMS,2006-08-01,136692,FRED monthly history
PAYEMS,2006-09-01,136826,FRED monthly history
PAYEMS,2006-10-01,136843,FRED monthly history
PAYEMS,2006-11-01,137060,FRED monthly history
PAYEMS,2006-12-01,137249,FRED monthly history
PAYEMS,2007-01-01,137472,FRED monthly history
PAYEMS,2007-02-01,137560,FRED monthly history
PAYEMS,2007-03-01,137784,FRED monthly history
PAYEMS,2007-04-01,137847,FRED monthly history
PAYEMS,2007-05-01,137992,FRED monthly history
PAYEMS,2007-06-01,138070,FRED monthly history
PAYEMS,2007-07-01,138044,FRED monthly history
PAYEMS,2007-08-01,138013,FRED monthly history
PAYEMS,2007-09-01,138099,FRED monthly history
PAYEMS,2007-10-01,138175,FRED monthly history
PAYEMS,2007-11-01,138290,FRED monthly history
PAYEMS,2007-12-01,138395,FRED monthly history
PAYEMS,2008-01-01,138391,FRED monthly history
PAYEMS,2008-02-01,138329,FRED monthly history
PAYEMS,2008-03-01,138259,FRED monthly history
PAYEMS,2008-04-01,138040,FRED monthly history
PAYEMS,2008-05-01,137851,FRED monthly history
PAYEMS,2008-06-01,137700,FRED monthly history
PAYEMS,2008-07-01,137497,FRED monthly history
PAYEMS,2008-08-01,137211,FRED monthly history
PAYEMS,2008-09-01,136760,FRED monthly history
PAYEMS,2008-10-01,136291,FRED monthly history
PAYEMS,2008-11-01,135541,FRED monthly history
PAYEMS,2008-12-01,134847,FRED monthly history
PAYEMS,2009-01-01,134079,FRED monthly history
PAYEMS,2009-02-01,133318,FRED monthly history
PAYEMS,2009-03-01,132494,FRED monthly history
PAYEMS,2009-04-01,131822,FRED monthly history
PAYEMS,2009-05-01,131466,FRED monthly history
PAYEMS,2009-06-01,131008,FRED monthly history
PAYEMS,2009-07-01,130662,FRED monthly history
PAYEMS,2009-08-01,130472,FRED monthly history
PAYEMS,2009-09-01,130246,FRED monthly history
PAYEMS,2009-10-01,130061,FRED monthly history
PAYEMS,2009-11-01,130057,FRED monthly history
PAYEMS,2009-12-01,129808,FRED monthly history
PAYEMS,2010-01-01,129802,FRED monthly history
PAYEMS,2010-02-01,129706,FRED monthly history
PAYEMS,2010-03-01,129866,FRED monthly history
PAYEMS,2010-04-01,130120,FRED monthly history
PAYEMS,2010-05-01,130642,FRED monthly history
PAYEMS,2010-06-01,130510,FRED monthly history
PAYEMS,2010-07-01,130415,FRED monthly history
PAYEMS,2010-08-01,130415,FRED monthly history
PAYEMS,2010-09-01,130341,FRED monthly history
PAYEMS,2010-10-01,130620,FRED monthly history
PAYEMS,2010-11-01,130749,FRED monthly history
PAYEMS,2010-12-01,130830,FRED monthly history
PAYEMS,2011-01-01,130837,FRED monthly history
PAYEMS,2011-02-01,131057,FRED monthly history
PAYEMS,2011-03-01,131283,FRED monthly history
PAYEMS,2011-04-01,131597,FRED monthly history
PAYEMS,2011-05-01,131703,FRED monthly history
PAYEMS,2011-06-01,131931,FRED monthly history
PAYEMS,2011-07-01,131992,FRED monthly history
PAYEMS,2011-08-01,132125,FRED monthly history
PAYEMS,2011-09-01,132344,FRED monthly history
PAYEMS,2011-10-01,132553,FRED monthly history
PAYEMS,2011-11-01,132690,FRED monthly history
PAYEMS,2011-12-01,132888,FRED monthly history
PAYEMS,2012-01-01,133246,FRED monthly history
PAYEMS,2012-02-01,133509,FRED monthly history
PAYEMS,2012-03-01,133748,FRED monthly history
PAYEMS,2012-04-01,133825,FRED monthly history
PAYEMS,2012-05-01,133932,FRED monthly history
PAYEMS,2012-06-01,134013,FRED monthly history
PAYEMS,2012-07-01,134157,FRED monthly history
PAYEMS,2012-08-01,134339,FRED monthly history
PAYEMS,2012-09-01,134517,FRED monthly history
PAYEMS,2012-10-01,134669,FRED monthly history
PAYEMS,2012-11-01,134825,FRED monthly history
PAYEMS,2012-12-01,135074,FRED monthly history
PAYEMS,2013-01-01,135257,FRED monthly history
PAYEMS,2013-02-01,135546,FRED monthly history
PAYEMS,2013-03-01,135689,FRED monthly history
PAYEMS,2013-04-01,135873,FRED monthly history
PAYEMS,2013-05-01,136096,FRED monthly history
PAYEMS,2013-06-01,136279,FRED monthly history
PAYEMS,2013-07-01,136391,FRED monthly history
PAYEMS,2013-08-01,136646,FRED monthly history
PAYEMS,2013-09-01,136821,FRED monthly history
PAYEMS,2013-10-01,137041,FRED monthly history
PAYEMS,2013-11-01,137317,FRED monthly history
PAYEMS,2013-12-01,137372,FRED monthly history
PAYEMS,2014-01-01,137561,FRED monthly history
PAYEMS,2014-02-01,137712,FRED monthly history
PAYEMS,2014-03-01,137985,FRED monthly history
PAYEMS,2014-04-01,138298,FRED monthly history
PAYEMS,2014-05-01,138513,FRED monthly history
PAYEMS,2014-06-01,138849,FRED monthly history
PAYEMS,2014-07-01,139072,FRED monthly history
PAYEMS,2014-08-01,139269,FRED monthly history
PAYEMS,2014-09-01,139563,FRED monthly history
PAYEMS,2014-10-01,139798,FRED monthly history
PAYEMS,2014-11-01,140089,FRED monthly history
PAYEMS,2014-12-01,140364,FRED monthly history
PAYEMS,2015-01-01,140568,FRED monthly history
PAYEMS,2015-02-01,140827,FRED monthly history
PAYEMS,2015-03-01,140923,FRED monthly history
PAYEMS,2015-04-01,141196,FRED monthly history
PAYEMS,2015-05-01,141538,FRED monthly history
PAYEMS,2015-06-01,141709,FRED monthly history
PAYEMS,2015-07-01,141991,FRED monthly history
PAYEMS,2015-08-01,142125,FRED monthly history
PAYEMS,2015-09-01,142275,FRED monthly history
PAYEMS,2015-10-01,142579,FRED monthly history
PAYEMS,2015-11-01,142808,FRED monthly history
PAYEMS,2015-12-01,143077,FRED monthly history
PAYEMS,2016-01-01,143210,FRED monthly history
PAYEMS,2016-02-01,143406,FRED monthly history
PAYEMS,2016-03-01,143662,FRED monthly history
PAYEMS,2016-04-01,143854,FRED monthly history
PAYEMS,2016-05-01,143900,FRED monthly history
PAYEMS,2016-06-01,144147,FRED monthly history
PAYEMS,2016-07-01,144520,FRED monthly history
PAYEMS,2016-08-01,144661,FRED monthly history
PAYEMS,2016-09-01,144967,FRED monthly history
PAYEMS,2016-10-01,145065,FRED monthly history
PAYEMS,2016-11-01,145183,FRED monthly history
PAYEMS,2016-12-01,145408,FRED monthly history
PAYEMS,2017-01-01,145628,FRED monthly history
PAYEMS,2017-02-01,145846,FRED monthly history
PAYEMS,2017-03-01,145970,FRED monthly history
PAYEMS,2017-04-01,146175,FRED monthly history
PAYEMS,2017-05-01,146380,FRED monthly history
PAYEMS,2017-06-01,146583,FRED monthly history
PAYEMS,2017-07-01,146772,FRED monthly history
PAYEMS,2017-08-01,146919,FRED monthly history
PAYEMS,2017-09-01,147008,FRED monthly history
PAYEMS,2017-10-01,147149,FRED monthly history
PAYEMS,2017-11-01,147372,FRED monthly history
PAYEMS,2017-12-01,147523,FRED monthly history
PAYEMS,2018-01-01,147660,FRED monthly history
PAYEMS,2018-02-01,148054,FRED monthly history
PAYEMS,2018-03-01,148280,FRED monthly history
PAYEMS,2018-04-01,148420,FRED monthly history
PAYEMS,2018-05-01,148742,FRED monthly history
PAYEMS,2018-06-01,148960,FRED monthly history
PAYEMS,2018-07-01,149020,FRED monthly history
PAYEMS,2018-08-01,149277,FRED monthly history
PAYEMS,2018-09-01,149358,FRED monthly history
PAYEMS,2018-10-01,149527,FRED monthly history
PAYEMS,2018-11-01,149617,FRED monthly history
PAYEMS,2018-12-01,149809,FRED monthly history
PAYEMS,2019-01-01,150060,FRED monthly history
PAYEMS,2019-02-01,150067,FRED monthly history
PAYEMS,2019-03-01,150295,FRED monthly history
PAYEMS,2019-04-01,150591,FRED monthly history
PAYEMS,2019-05-01,150618,FRED monthly history
PAYEMS,2019-06-01,150838,FRED monthly history
PAYEMS,2019-07-01,150937,FRED monthly history
PAYEMS,2019-08-01,151169,FRED monthly history
PAYEMS,2019-09-01,151365,FRED monthly history
PAYEMS,2019-10-01,151460,FRED monthly history
PAYEMS,2019-11-01,151667,FRED monthly history
PAYEMS,2019-12-01,151794,FRED monthly history
PAYEMS,2020-01-01,152031,FRED monthly history
PAYEMS,2020-02-01,152293,FRED monthly history
PAYEMS,2020-03-01,150895,FRED monthly history
PAYEMS,2020-04-01,130426,FRED monthly history
PAYEMS,2020-05-01,133040,FRED monthly history
PAYEMS,2020-06-01,137671,FRED monthly history
PAYEMS,2020-07-01,139255,FRED monthly history
PAYEMS,2020-08-01,140821,FRED monthly history
PAYEMS,2020-09-01,141770,FRED monthly history
PAYEMS,2020-10-01,142460,FRED monthly history
PAYEMS,2020-11-01,142733,FRED monthly history
PAYEMS,2020-12-01,142548,FRED monthly history
PAYEMS,2021-01-01,142863,FRED monthly history
PAYEMS,2021-02-01,143380,FRED monthly history
PAYEMS,2021-03-01,144232,FRED monthly history
PAYEMS,2021-04-01,144587,FRED monthly history
PAYEMS,2021-05-01,145065,FRED monthly history
PAYEMS,2021-06-01,145820,FRED monthly history
PAYEMS,2021-07-01,146762,FRED monthly history
PAYEMS,2021-08-01,147314,FRED monthly history
PAYEMS,2021-09-01,147771,FRED monthly history
PAYEMS,2021-10-01,148572,FRED monthly history
PAYEMS,2021-11-01,149230,FRED monthly history
PAYEMS,2021-12-01,149816,FRED monthly history
PAYEMS,2022-01-01,150006,FRED monthly history
PAYEMS,2022-02-01,150825,FRED monthly history
PAYEMS,2022-03-01,151315,FRED monthly history
PAYEMS,2022-04-01,151623,FRED monthly history
PAYEMS,2022-05-01,151924,FRED monthly history
PAYEMS,2022-06-01,152358,FRED monthly history
PAYEMS,2022-07-01,153072,FRED monthly history
PAYEMS,2022-08-01,153362,FRED monthly history
PAYEMS,2022-09-01,153582,FRED monthly history
PAYEMS,2022-10-01,153939,FRED monthly history
PAYEMS,2022-11-01,154242,FRED monthly history
PAYEMS,2022-12-01,154342,FRED monthly history
PAYEMS,2023-01-01,154776,FRED monthly history
PAYEMS,2023-02-01,155066,FRED monthly history
PAYEMS,2023-03-01,155134,FRED monthly history
PAYEMS,2023-04-01,155375,FRED monthly history
PAYEMS,2023-05-01,155655,FRED monthly history
PAYEMS,2023-06-01,155880,FRED monthly history
PAYEMS,2023-07-01,156043,FRED monthly history
PAYEMS,2023-08-01,156261,FRED monthly history
PAYEMS,2023-09-01,156417,FRED monthly history
PAYEMS,2023-10-01,156576,FRED monthly history
PAYEMS,2023-11-01,156703,FRED monthly history
PAYEMS,2023-12-01,156857,FRED monthly history
PAYEMS,2024-01-01,157032,FRED monthly history
PAYEMS,2024-02-01,157238,FRED monthly history
PAYEMS,2024-03-01,157466,FRED monthly history
PAYEMS,2024-04-01,157530,FRED monthly history
PAYEMS,2024-05-01,157608,FRED monthly history
PAYEMS,2024-06-01,157695,FRED monthly history
PAYEMS,2024-07-01,157748,FRED monthly history
PAYEMS,2024-08-01,157757,FRED monthly history
PAYEMS,2024-09-01,157912,FRED monthly history
PAYEMS,2024-10-01,157945,FRED monthly history
PAYEMS,2024-11-01,158079,FRED monthly history
PAYEMS,2024-12-01,158316,FRED monthly history
PAYEMS,2025-01-01,158268,FRED monthly history
PAYEMS,2025-02-01,158310,FRED monthly history
PAYEMS,2025-03-01,158377,FRED monthly history
PAYEMS,2025-04-01,158485,FRED monthly history
PAYEMS,2025-05-01,158498,FRED monthly history
PAYEMS,2025-06-01,158478,FRED monthly history
PAYEMS,2025-07-01,158542,FRED monthly history
PAYEMS,2025-08-01,158472,FRED monthly history
PAYEMS,2025-09-01,158548,FRED monthly history
PAYEMS,2025-10-01,158408,FRED monthly history
PAYEMS,2025-11-01,158449,FRED monthly history
PAYEMS,2025-12-01,158432,FRED monthly history
PAYEMS,2026-01-01,158592,FRED monthly history
PAYEMS,2026-02-01,158436,FRED monthly history
PAYEMS,2026-03-01,158621,FRED monthly history
PAYEMS,2026-04-01,158736,FRED monthly history
UNRATE,1948-01-01,3.4,FRED monthly history
UNRATE,1948-02-01,3.8,FRED monthly history
UNRATE,1948-03-01,4.0,FRED monthly history
UNRATE,1948-04-01,3.9,FRED monthly history
UNRATE,1948-05-01,3.5,FRED monthly history
UNRATE,1948-06-01,3.6,FRED monthly history
UNRATE,1948-07-01,3.6,FRED monthly history
UNRATE,1948-08-01,3.9,FRED monthly history
UNRATE,1948-09-01,3.8,FRED monthly history
UNRATE,1948-10-01,3.7,FRED monthly history
UNRATE,1948-11-01,3.8,FRED monthly history
UNRATE,1948-12-01,4.0,FRED monthly history
UNRATE,1949-01-01,4.3,FRED monthly history
UNRATE,1949-02-01,4.7,FRED monthly history
UNRATE,1949-03-01,5.0,FRED monthly history
UNRATE,1949-04-01,5.3,FRED monthly history
UNRATE,1949-05-01,6.1,FRED monthly history
UNRATE,1949-06-01,6.2,FRED monthly history
UNRATE,1949-07-01,6.7,FRED monthly history
UNRATE,1949-08-01,6.8,FRED monthly history
UNRATE,1949-09-01,6.6,FRED monthly history
UNRATE,1949-10-01,7.9,FRED monthly history
UNRATE,1949-11-01,6.4,FRED monthly history
UNRATE,1949-12-01,6.6,FRED monthly history
UNRATE,1950-01-01,6.5,FRED monthly history
UNRATE,1950-02-01,6.4,FRED monthly history
UNRATE,1950-03-01,6.3,FRED monthly history
UNRATE,1950-04-01,5.8,FRED monthly history
UNRATE,1950-05-01,5.5,FRED monthly history
UNRATE,1950-06-01,5.4,FRED monthly history
UNRATE,1950-07-01,5.0,FRED monthly history
UNRATE,1950-08-01,4.5,FRED monthly history
UNRATE,1950-09-01,4.4,FRED monthly history
UNRATE,1950-10-01,4.2,FRED monthly history
UNRATE,1950-11-01,4.2,FRED monthly history
UNRATE,1950-12-01,4.3,FRED monthly history
UNRATE,1951-01-01,3.7,FRED monthly history
UNRATE,1951-02-01,3.4,FRED monthly history
UNRATE,1951-03-01,3.4,FRED monthly history
UNRATE,1951-04-01,3.1,FRED monthly history
UNRATE,1951-05-01,3.0,FRED monthly history
UNRATE,1951-06-01,3.2,FRED monthly history
UNRATE,1951-07-01,3.1,FRED monthly history
UNRATE,1951-08-01,3.1,FRED monthly history
UNRATE,1951-09-01,3.3,FRED monthly history
UNRATE,1951-10-01,3.5,FRED monthly history
UNRATE,1951-11-01,3.5,FRED monthly history
UNRATE,1951-12-01,3.1,FRED monthly history
UNRATE,1952-01-01,3.2,FRED monthly history
UNRATE,1952-02-01,3.1,FRED monthly history
UNRATE,1952-03-01,2.9,FRED monthly history
UNRATE,1952-04-01,2.9,FRED monthly history
UNRATE,1952-05-01,3.0,FRED monthly history
UNRATE,1952-06-01,3.0,FRED monthly history
UNRATE,1952-07-01,3.2,FRED monthly history
UNRATE,1952-08-01,3.4,FRED monthly history
UNRATE,1952-09-01,3.1,FRED monthly history
UNRATE,1952-10-01,3.0,FRED monthly history
UNRATE,1952-11-01,2.8,FRED monthly history
UNRATE,1952-12-01,2.7,FRED monthly history
UNRATE,1953-01-01,2.9,FRED monthly history
UNRATE,1953-02-01,2.6,FRED monthly history
UNRATE,1953-03-01,2.6,FRED monthly history
UNRATE,1953-04-01,2.7,FRED monthly history
UNRATE,1953-05-01,2.5,FRED monthly history
UNRATE,1953-06-01,2.5,FRED monthly history
UNRATE,1953-07-01,2.6,FRED monthly history
UNRATE,1953-08-01,2.7,FRED monthly history
UNRATE,1953-09-01,2.9,FRED monthly history
UNRATE,1953-10-01,3.1,FRED monthly history
UNRATE,1953-11-01,3.5,FRED monthly history
UNRATE,1953-12-01,4.5,FRED monthly history
UNRATE,1954-01-01,4.9,FRED monthly history
UNRATE,1954-02-01,5.2,FRED monthly history
UNRATE,1954-03-01,5.7,FRED monthly history
UNRATE,1954-04-01,5.9,FRED monthly history
UNRATE,1954-05-01,5.9,FRED monthly history
UNRATE,1954-06-01,5.6,FRED monthly history
UNRATE,1954-07-01,5.8,FRED monthly history
UNRATE,1954-08-01,6.0,FRED monthly history
UNRATE,1954-09-01,6.1,FRED monthly history
UNRATE,1954-10-01,5.7,FRED monthly history
UNRATE,1954-11-01,5.3,FRED monthly history
UNRATE,1954-12-01,5.0,FRED monthly history
UNRATE,1955-01-01,4.9,FRED monthly history
UNRATE,1955-02-01,4.7,FRED monthly history
UNRATE,1955-03-01,4.6,FRED monthly history
UNRATE,1955-04-01,4.7,FRED monthly history
UNRATE,1955-05-01,4.3,FRED monthly history
UNRATE,1955-06-01,4.2,FRED monthly history
UNRATE,1955-07-01,4.0,FRED monthly history
UNRATE,1955-08-01,4.2,FRED monthly history
UNRATE,1955-09-01,4.1,FRED monthly history
UNRATE,1955-10-01,4.3,FRED monthly history
UNRATE,1955-11-01,4.2,FRED monthly history
UNRATE,1955-12-01,4.2,FRED monthly history
UNRATE,1956-01-01,4.0,FRED monthly history
UNRATE,1956-02-01,3.9,FRED monthly history
UNRATE,1956-03-01,4.2,FRED monthly history
UNRATE,1956-04-01,4.0,FRED monthly history
UNRATE,1956-05-01,4.3,FRED monthly history
UNRATE,1956-06-01,4.3,FRED monthly history
UNRATE,1956-07-01,4.4,FRED monthly history
UNRATE,1956-08-01,4.1,FRED monthly history
UNRATE,1956-09-01,3.9,FRED monthly history
UNRATE,1956-10-01,3.9,FRED monthly history
UNRATE,1956-11-01,4.3,FRED monthly history
UNRATE,1956-12-01,4.2,FRED monthly history
UNRATE,1957-01-01,4.2,FRED monthly history
UNRATE,1957-02-01,3.9,FRED monthly history
UNRATE,1957-03-01,3.7,FRED monthly history
UNRATE,1957-04-01,3.9,FRED monthly history
UNRATE,1957-05-01,4.1,FRED monthly history
UNRATE,1957-06-01,4.3,FRED monthly history
UNRATE,1957-07-01,4.2,FRED monthly history
UNRATE,1957-08-01,4.1,FRED monthly history
UNRATE,1957-09-01,4.4,FRED monthly history
UNRATE,1957-10-01,4.5,FRED monthly history
UNRATE,1957-11-01,5.1,FRED monthly history
UNRATE,1957-12-01,5.2,FRED monthly history
UNRATE,1958-01-01,5.8,FRED monthly history
UNRATE,1958-02-01,6.4,FRED monthly history
UNRATE,1958-03-01,6.7,FRED monthly history
UNRATE,1958-04-01,7.4,FRED monthly history
UNRATE,1958-05-01,7.4,FRED monthly history
UNRATE,1958-06-01,7.3,FRED monthly history
UNRATE,1958-07-01,7.5,FRED monthly history
UNRATE,1958-08-01,7.4,FRED monthly history
UNRATE,1958-09-01,7.1,FRED monthly history
UNRATE,1958-10-01,6.7,FRED monthly history
UNRATE,1958-11-01,6.2,FRED monthly history
UNRATE,1958-12-01,6.2,FRED monthly history
UNRATE,1959-01-01,6.0,FRED monthly history
UNRATE,1959-02-01,5.9,FRED monthly history
UNRATE,1959-03-01,5.6,FRED monthly history
UNRATE,1959-04-01,5.2,FRED monthly history
UNRATE,1959-05-01,5.1,FRED monthly history
UNRATE,1959-06-01,5.0,FRED monthly history
UNRATE,1959-07-01,5.1,FRED monthly history
UNRATE,1959-08-01,5.2,FRED monthly history
UNRATE,1959-09-01,5.5,FRED monthly history
UNRATE,1959-10-01,5.7,FRED monthly history
UNRATE,1959-11-01,5.8,FRED monthly history
UNRATE,1959-12-01,5.3,FRED monthly history
UNRATE,1960-01-01,5.2,FRED monthly history
UNRATE,1960-02-01,4.8,FRED monthly history
UNRATE,1960-03-01,5.4,FRED monthly history
UNRATE,1960-04-01,5.2,FRED monthly history
UNRATE,1960-05-01,5.1,FRED monthly history
UNRATE,1960-06-01,5.4,FRED monthly history
UNRATE,1960-07-01,5.5,FRED monthly history
UNRATE,1960-08-01,5.6,FRED monthly history
UNRATE,1960-09-01,5.5,FRED monthly history
UNRATE,1960-10-01,6.1,FRED monthly history
UNRATE,1960-11-01,6.1,FRED monthly history
UNRATE,1960-12-01,6.6,FRED monthly history
UNRATE,1961-01-01,6.6,FRED monthly history
UNRATE,1961-02-01,6.9,FRED monthly history
UNRATE,1961-03-01,6.9,FRED monthly history
UNRATE,1961-04-01,7.0,FRED monthly history
UNRATE,1961-05-01,7.1,FRED monthly history
UNRATE,1961-06-01,6.9,FRED monthly history
UNRATE,1961-07-01,7.0,FRED monthly history
UNRATE,1961-08-01,6.6,FRED monthly history
UNRATE,1961-09-01,6.7,FRED monthly history
UNRATE,1961-10-01,6.5,FRED monthly history
UNRATE,1961-11-01,6.1,FRED monthly history
UNRATE,1961-12-01,6.0,FRED monthly history
UNRATE,1962-01-01,5.8,FRED monthly history
UNRATE,1962-02-01,5.5,FRED monthly history
UNRATE,1962-03-01,5.6,FRED monthly history
UNRATE,1962-04-01,5.6,FRED monthly history
UNRATE,1962-05-01,5.5,FRED monthly history
UNRATE,1962-06-01,5.5,FRED monthly history
UNRATE,1962-07-01,5.4,FRED monthly history
UNRATE,1962-08-01,5.7,FRED monthly history
UNRATE,1962-09-01,5.6,FRED monthly history
UNRATE,1962-10-01,5.4,FRED monthly history
UNRATE,1962-11-01,5.7,FRED monthly history
UNRATE,1962-12-01,5.5,FRED monthly history
UNRATE,1963-01-01,5.7,FRED monthly history
UNRATE,1963-02-01,5.9,FRED monthly history
UNRATE,1963-03-01,5.7,FRED monthly history
UNRATE,1963-04-01,5.7,FRED monthly history
UNRATE,1963-05-01,5.9,FRED monthly history
UNRATE,1963-06-01,5.6,FRED monthly history
UNRATE,1963-07-01,5.6,FRED monthly history
UNRATE,1963-08-01,5.4,FRED monthly history
UNRATE,1963-09-01,5.5,FRED monthly history
UNRATE,1963-10-01,5.5,FRED monthly history
UNRATE,1963-11-01,5.7,FRED monthly history
UNRATE,1963-12-01,5.5,FRED monthly history
UNRATE,1964-01-01,5.6,FRED monthly history
UNRATE,1964-02-01,5.4,FRED monthly history
UNRATE,1964-03-01,5.4,FRED monthly history
UNRATE,1964-04-01,5.3,FRED monthly history
UNRATE,1964-05-01,5.1,FRED monthly history
UNRATE,1964-06-01,5.2,FRED monthly history
UNRATE,1964-07-01,4.9,FRED monthly history
UNRATE,1964-08-01,5.0,FRED monthly history
UNRATE,1964-09-01,5.1,FRED monthly history
UNRATE,1964-10-01,5.1,FRED monthly history
UNRATE,1964-11-01,4.8,FRED monthly history
UNRATE,1964-12-01,5.0,FRED monthly history
UNRATE,1965-01-01,4.9,FRED monthly history
UNRATE,1965-02-01,5.1,FRED monthly history
UNRATE,1965-03-01,4.7,FRED monthly history
UNRATE,1965-04-01,4.8,FRED monthly history
UNRATE,1965-05-01,4.6,FRED monthly history
UNRATE,1965-06-01,4.6,FRED monthly history
UNRATE,1965-07-01,4.4,FRED monthly history
UNRATE,1965-08-01,4.4,FRED monthly history
UNRATE,1965-09-01,4.3,FRED monthly history
UNRATE,1965-10-01,4.2,FRED monthly history
UNRATE,1965-11-01,4.1,FRED monthly history
UNRATE,1965-12-01,4.0,FRED monthly history
UNRATE,1966-01-01,4.0,FRED monthly history
UNRATE,1966-02-01,3.8,FRED monthly history
UNRATE,1966-03-01,3.8,FRED monthly history
UNRATE,1966-04-01,3.8,FRED monthly history
UNRATE,1966-05-01,3.9,FRED monthly history
UNRATE,1966-06-01,3.8,FRED monthly history
UNRATE,1966-07-01,3.8,FRED monthly history
UNRATE,1966-08-01,3.8,FRED monthly history
UNRATE,1966-09-01,3.7,FRED monthly history
UNRATE,1966-10-01,3.7,FRED monthly history
UNRATE,1966-11-01,3.6,FRED monthly history
UNRATE,1966-12-01,3.8,FRED monthly history
UNRATE,1967-01-01,3.9,FRED monthly history
UNRATE,1967-02-01,3.8,FRED monthly history
UNRATE,1967-03-01,3.8,FRED monthly history
UNRATE,1967-04-01,3.8,FRED monthly history
UNRATE,1967-05-01,3.8,FRED monthly history
UNRATE,1967-06-01,3.9,FRED monthly history
UNRATE,1967-07-01,3.8,FRED monthly history
UNRATE,1967-08-01,3.8,FRED monthly history
UNRATE,1967-09-01,3.8,FRED monthly history
UNRATE,1967-10-01,4.0,FRED monthly history
UNRATE,1967-11-01,3.9,FRED monthly history
UNRATE,1967-12-01,3.8,FRED monthly history
UNRATE,1968-01-01,3.7,FRED monthly history
UNRATE,1968-02-01,3.8,FRED monthly history
UNRATE,1968-03-01,3.7,FRED monthly history
UNRATE,1968-04-01,3.5,FRED monthly history
UNRATE,1968-05-01,3.5,FRED monthly history
UNRATE,1968-06-01,3.7,FRED monthly history
UNRATE,1968-07-01,3.7,FRED monthly history
UNRATE,1968-08-01,3.5,FRED monthly history
UNRATE,1968-09-01,3.4,FRED monthly history
UNRATE,1968-10-01,3.4,FRED monthly history
UNRATE,1968-11-01,3.4,FRED monthly history
UNRATE,1968-12-01,3.4,FRED monthly history
UNRATE,1969-01-01,3.4,FRED monthly history
UNRATE,1969-02-01,3.4,FRED monthly history
UNRATE,1969-03-01,3.4,FRED monthly history
UNRATE,1969-04-01,3.4,FRED monthly history
UNRATE,1969-05-01,3.4,FRED monthly history
UNRATE,1969-06-01,3.5,FRED monthly history
UNRATE,1969-07-01,3.5,FRED monthly history
UNRATE,1969-08-01,3.5,FRED monthly history
UNRATE,1969-09-01,3.7,FRED monthly history
UNRATE,1969-10-01,3.7,FRED monthly history
UNRATE,1969-11-01,3.5,FRED monthly history
UNRATE,1969-12-01,3.5,FRED monthly history
UNRATE,1970-01-01,3.9,FRED monthly history
UNRATE,1970-02-01,4.2,FRED monthly history
UNRATE,1970-03-01,4.4,FRED monthly history
UNRATE,1970-04-01,4.6,FRED monthly history
UNRATE,1970-05-01,4.8,FRED monthly history
UNRATE,1970-06-01,4.9,FRED monthly history
UNRATE,1970-07-01,5.0,FRED monthly history
UNRATE,1970-08-01,5.1,FRED monthly history
UNRATE,1970-09-01,5.4,FRED monthly history
UNRATE,1970-10-01,5.5,FRED monthly history
UNRATE,1970-11-01,5.9,FRED monthly history
UNRATE,1970-12-01,6.1,FRED monthly history
UNRATE,1971-01-01,5.9,FRED monthly history
UNRATE,1971-02-01,5.9,FRED monthly history
UNRATE,1971-03-01,6.0,FRED monthly history
UNRATE,1971-04-01,5.9,FRED monthly history
UNRATE,1971-05-01,5.9,FRED monthly history
UNRATE,1971-06-01,5.9,FRED monthly history
UNRATE,1971-07-01,6.0,FRED monthly history
UNRATE,1971-08-01,6.1,FRED monthly history
UNRATE,1971-09-01,6.0,FRED monthly history
UNRATE,1971-10-01,5.8,FRED monthly history
UNRATE,1971-11-01,6.0,FRED monthly history
UNRATE,1971-12-01,6.0,FRED monthly history
UNRATE,1972-01-01,5.8,FRED monthly history
UNRATE,1972-02-01,5.7,FRED monthly history
UNRATE,1972-03-01,5.8,FRED monthly history
UNRATE,1972-04-01,5.7,FRED monthly history
UNRATE,1972-05-01,5.7,FRED monthly history
UNRATE,1972-06-01,5.7,FRED monthly history
UNRATE,1972-07-01,5.6,FRED monthly history
UNRATE,1972-08-01,5.6,FRED monthly history
UNRATE,1972-09-01,5.5,FRED monthly history
UNRATE,1972-10-01,5.6,FRED monthly history
UNRATE,1972-11-01,5.3,FRED monthly history
UNRATE,1972-12-01,5.2,FRED monthly history
UNRATE,1973-01-01,4.9,FRED monthly history
UNRATE,1973-02-01,5.0,FRED monthly history
UNRATE,1973-03-01,4.9,FRED monthly history
UNRATE,1973-04-01,5.0,FRED monthly history
UNRATE,1973-05-01,4.9,FRED monthly history
UNRATE,1973-06-01,4.9,FRED monthly history
UNRATE,1973-07-01,4.8,FRED monthly history
UNRATE,1973-08-01,4.8,FRED monthly history
UNRATE,1973-09-01,4.8,FRED monthly history
UNRATE,1973-10-01,4.6,FRED monthly history
UNRATE,1973-11-01,4.8,FRED monthly history
UNRATE,1973-12-01,4.9,FRED monthly history
UNRATE,1974-01-01,5.1,FRED monthly history
UNRATE,1974-02-01,5.2,FRED monthly history
UNRATE,1974-03-01,5.1,FRED monthly history
UNRATE,1974-04-01,5.1,FRED monthly history
UNRATE,1974-05-01,5.1,FRED monthly history
UNRATE,1974-06-01,5.4,FRED monthly history
UNRATE,1974-07-01,5.5,FRED monthly history
UNRATE,1974-08-01,5.5,FRED monthly history
UNRATE,1974-09-01,5.9,FRED monthly history
UNRATE,1974-10-01,6.0,FRED monthly history
UNRATE,1974-11-01,6.6,FRED monthly history
UNRATE,1974-12-01,7.2,FRED monthly history
UNRATE,1975-01-01,8.1,FRED monthly history
UNRATE,1975-02-01,8.1,FRED monthly history
UNRATE,1975-03-01,8.6,FRED monthly history
UNRATE,1975-04-01,8.8,FRED monthly history
UNRATE,1975-05-01,9.0,FRED monthly history
UNRATE,1975-06-01,8.8,FRED monthly history
UNRATE,1975-07-01,8.6,FRED monthly history
UNRATE,1975-08-01,8.4,FRED monthly history
UNRATE,1975-09-01,8.4,FRED monthly history
UNRATE,1975-10-01,8.4,FRED monthly history
UNRATE,1975-11-01,8.3,FRED monthly history
UNRATE,1975-12-01,8.2,FRED monthly history
UNRATE,1976-01-01,7.9,FRED monthly history
UNRATE,1976-02-01,7.7,FRED monthly history
UNRATE,1976-03-01,7.6,FRED monthly history
UNRATE,1976-04-01,7.7,FRED monthly history
UNRATE,1976-05-01,7.4,FRED monthly history
UNRATE,1976-06-01,7.6,FRED monthly history
UNRATE,1976-07-01,7.8,FRED monthly history
UNRATE,1976-08-01,7.8,FRED monthly history
UNRATE,1976-09-01,7.6,FRED monthly history
UNRATE,1976-10-01,7.7,FRED monthly history
UNRATE,1976-11-01,7.8,FRED monthly history
UNRATE,1976-12-01,7.8,FRED monthly history
UNRATE,1977-01-01,7.5,FRED monthly history
UNRATE,1977-02-01,7.6,FRED monthly history
UNRATE,1977-03-01,7.4,FRED monthly history
UNRATE,1977-04-01,7.2,FRED monthly history
UNRATE,1977-05-01,7.0,FRED monthly history
UNRATE,1977-06-01,7.2,FRED monthly history
UNRATE,1977-07-01,6.9,FRED monthly history
UNRATE,1977-08-01,7.0,FRED monthly history
UNRATE,1977-09-01,6.8,FRED monthly history
UNRATE,1977-10-01,6.8,FRED monthly history
UNRATE,1977-11-01,6.8,FRED monthly history
UNRATE,1977-12-01,6.4,FRED monthly history
UNRATE,1978-01-01,6.4,FRED monthly history
UNRATE,1978-02-01,6.3,FRED monthly history
UNRATE,1978-03-01,6.3,FRED monthly history
UNRATE,1978-04-01,6.1,FRED monthly history
UNRATE,1978-05-01,6.0,FRED monthly history
UNRATE,1978-06-01,5.9,FRED monthly history
UNRATE,1978-07-01,6.2,FRED monthly history
UNRATE,1978-08-01,5.9,FRED monthly history
UNRATE,1978-09-01,6.0,FRED monthly history
UNRATE,1978-10-01,5.8,FRED monthly history
UNRATE,1978-11-01,5.9,FRED monthly history
UNRATE,1978-12-01,6.0,FRED monthly history
UNRATE,1979-01-01,5.9,FRED monthly history
UNRATE,1979-02-01,5.9,FRED monthly history
UNRATE,1979-03-01,5.8,FRED monthly history
UNRATE,1979-04-01,5.8,FRED monthly history
UNRATE,1979-05-01,5.6,FRED monthly history
UNRATE,1979-06-01,5.7,FRED monthly history
UNRATE,1979-07-01,5.7,FRED monthly history
UNRATE,1979-08-01,6.0,FRED monthly history
UNRATE,1979-09-01,5.9,FRED monthly history
UNRATE,1979-10-01,6.0,FRED monthly history
UNRATE,1979-11-01,5.9,FRED monthly history
UNRATE,1979-12-01,6.0,FRED monthly history
UNRATE,1980-01-01,6.3,FRED monthly history
UNRATE,1980-02-01,6.3,FRED monthly history
UNRATE,1980-03-01,6.3,FRED monthly history
UNRATE,1980-04-01,6.9,FRED monthly history
UNRATE,1980-05-01,7.5,FRED monthly history
UNRATE,1980-06-01,7.6,FRED monthly history
UNRATE,1980-07-01,7.8,FRED monthly history
UNRATE,1980-08-01,7.7,FRED monthly history
UNRATE,1980-09-01,7.5,FRED monthly history
UNRATE,1980-10-01,7.5,FRED monthly history
UNRATE,1980-11-01,7.5,FRED monthly history
UNRATE,1980-12-01,7.2,FRED monthly history
UNRATE,1981-01-01,7.5,FRED monthly history
UNRATE,1981-02-01,7.4,FRED monthly history
UNRATE,1981-03-01,7.4,FRED monthly history
UNRATE,1981-04-01,7.2,FRED monthly history
UNRATE,1981-05-01,7.5,FRED monthly history
UNRATE,1981-06-01,7.5,FRED monthly history
UNRATE,1981-07-01,7.2,FRED monthly history
UNRATE,1981-08-01,7.4,FRED monthly history
UNRATE,1981-09-01,7.6,FRED monthly history
UNRATE,1981-10-01,7.9,FRED monthly history
UNRATE,1981-11-01,8.3,FRED monthly history
UNRATE,1981-12-01,8.5,FRED monthly history
UNRATE,1982-01-01,8.6,FRED monthly history
UNRATE,1982-02-01,8.9,FRED monthly history
UNRATE,1982-03-01,9.0,FRED monthly history
UNRATE,1982-04-01,9.3,FRED monthly history
UNRATE,1982-05-01,9.4,FRED monthly history
UNRATE,1982-06-01,9.6,FRED monthly history
UNRATE,1982-07-01,9.8,FRED monthly history
UNRATE,1982-08-01,9.8,FRED monthly history
UNRATE,1982-09-01,10.1,FRED monthly history
UNRATE,1982-10-01,10.4,FRED monthly history
UNRATE,1982-11-01,10.8,FRED monthly history
UNRATE,1982-12-01,10.8,FRED monthly history
UNRATE,1983-01-01,10.4,FRED monthly history
UNRATE,1983-02-01,10.4,FRED monthly history
UNRATE,1983-03-01,10.3,FRED monthly history
UNRATE,1983-04-01,10.2,FRED monthly history
UNRATE,1983-05-01,10.1,FRED monthly history
UNRATE,1983-06-01,10.1,FRED monthly history
UNRATE,1983-07-01,9.4,FRED monthly history
UNRATE,1983-08-01,9.5,FRED monthly history
UNRATE,1983-09-01,9.2,FRED monthly history
UNRATE,1983-10-01,8.8,FRED monthly history
UNRATE,1983-11-01,8.5,FRED monthly history
UNRATE,1983-12-01,8.3,FRED monthly history
UNRATE,1984-01-01,8.0,FRED monthly history
UNRATE,1984-02-01,7.8,FRED monthly history
UNRATE,1984-03-01,7.8,FRED monthly history
UNRATE,1984-04-01,7.7,FRED monthly history
UNRATE,1984-05-01,7.4,FRED monthly history
UNRATE,1984-06-01,7.2,FRED monthly history
UNRATE,1984-07-01,7.5,FRED monthly history
UNRATE,1984-08-01,7.5,FRED monthly history
UNRATE,1984-09-01,7.3,FRED monthly history
UNRATE,1984-10-01,7.4,FRED monthly history
UNRATE,1984-11-01,7.2,FRED monthly history
UNRATE,1984-12-01,7.3,FRED monthly history
UNRATE,1985-01-01,7.3,FRED monthly history
UNRATE,1985-02-01,7.2,FRED monthly history
UNRATE,1985-03-01,7.2,FRED monthly history
UNRATE,1985-04-01,7.3,FRED monthly history
UNRATE,1985-05-01,7.2,FRED monthly history
UNRATE,1985-06-01,7.4,FRED monthly history
UNRATE,1985-07-01,7.4,FRED monthly history
UNRATE,1985-08-01,7.1,FRED monthly history
UNRATE,1985-09-01,7.1,FRED monthly history
UNRATE,1985-10-01,7.1,FRED monthly history
UNRATE,1985-11-01,7.0,FRED monthly history
UNRATE,1985-12-01,7.0,FRED monthly history
UNRATE,1986-01-01,6.7,FRED monthly history
UNRATE,1986-02-01,7.2,FRED monthly history
UNRATE,1986-03-01,7.2,FRED monthly history
UNRATE,1986-04-01,7.1,FRED monthly history
UNRATE,1986-05-01,7.2,FRED monthly history
UNRATE,1986-06-01,7.2,FRED monthly history
UNRATE,1986-07-01,7.0,FRED monthly history
UNRATE,1986-08-01,6.9,FRED monthly history
UNRATE,1986-09-01,7.0,FRED monthly history
UNRATE,1986-10-01,7.0,FRED monthly history
UNRATE,1986-11-01,6.9,FRED monthly history
UNRATE,1986-12-01,6.6,FRED monthly history
UNRATE,1987-01-01,6.6,FRED monthly history
UNRATE,1987-02-01,6.6,FRED monthly history
UNRATE,1987-03-01,6.6,FRED monthly history
UNRATE,1987-04-01,6.3,FRED monthly history
UNRATE,1987-05-01,6.3,FRED monthly history
UNRATE,1987-06-01,6.2,FRED monthly history
UNRATE,1987-07-01,6.1,FRED monthly history
UNRATE,1987-08-01,6.0,FRED monthly history
UNRATE,1987-09-01,5.9,FRED monthly history
UNRATE,1987-10-01,6.0,FRED monthly history
UNRATE,1987-11-01,5.8,FRED monthly history
UNRATE,1987-12-01,5.7,FRED monthly history
UNRATE,1988-01-01,5.7,FRED monthly history
UNRATE,1988-02-01,5.7,FRED monthly history
UNRATE,1988-03-01,5.7,FRED monthly history
UNRATE,1988-04-01,5.4,FRED monthly history
UNRATE,1988-05-01,5.6,FRED monthly history
UNRATE,1988-06-01,5.4,FRED monthly history
UNRATE,1988-07-01,5.4,FRED monthly history
UNRATE,1988-08-01,5.6,FRED monthly history
UNRATE,1988-09-01,5.4,FRED monthly history
UNRATE,1988-10-01,5.4,FRED monthly history
UNRATE,1988-11-01,5.3,FRED monthly history
UNRATE,1988-12-01,5.3,FRED monthly history
UNRATE,1989-01-01,5.4,FRED monthly history
UNRATE,1989-02-01,5.2,FRED monthly history
UNRATE,1989-03-01,5.0,FRED monthly history
UNRATE,1989-04-01,5.2,FRED monthly history
UNRATE,1989-05-01,5.2,FRED monthly history
UNRATE,1989-06-01,5.3,FRED monthly history
UNRATE,1989-07-01,5.2,FRED monthly history
UNRATE,1989-08-01,5.2,FRED monthly history
UNRATE,1989-09-01,5.3,FRED monthly history
UNRATE,1989-10-01,5.3,FRED monthly history
UNRATE,1989-11-01,5.4,FRED monthly history
UNRATE,1989-12-01,5.4,FRED monthly history
UNRATE,1990-01-01,5.4,FRED monthly history
UNRATE,1990-02-01,5.3,FRED monthly history
UNRATE,1990-03-01,5.2,FRED monthly history
UNRATE,1990-04-01,5.4,FRED monthly history
UNRATE,1990-05-01,5.4,FRED monthly history
UNRATE,1990-06-01,5.2,FRED monthly history
UNRATE,1990-07-01,5.5,FRED monthly history
UNRATE,1990-08-01,5.7,FRED monthly history
UNRATE,1990-09-01,5.9,FRED monthly history
UNRATE,1990-10-01,5.9,FRED monthly history
UNRATE,1990-11-01,6.2,FRED monthly history
UNRATE,1990-12-01,6.3,FRED monthly history
UNRATE,1991-01-01,6.4,FRED monthly history
UNRATE,1991-02-01,6.6,FRED monthly history
UNRATE,1991-03-01,6.8,FRED monthly history
UNRATE,1991-04-01,6.7,FRED monthly history
UNRATE,1991-05-01,6.9,FRED monthly history
UNRATE,1991-06-01,6.9,FRED monthly history
UNRATE,1991-07-01,6.8,FRED monthly history
UNRATE,1991-08-01,6.9,FRED monthly history
UNRATE,1991-09-01,6.9,FRED monthly history
UNRATE,1991-10-01,7.0,FRED monthly history
UNRATE,1991-11-01,7.0,FRED monthly history
UNRATE,1991-12-01,7.3,FRED monthly history
UNRATE,1992-01-01,7.3,FRED monthly history
UNRATE,1992-02-01,7.4,FRED monthly history
UNRATE,1992-03-01,7.4,FRED monthly history
UNRATE,1992-04-01,7.4,FRED monthly history
UNRATE,1992-05-01,7.6,FRED monthly history
UNRATE,1992-06-01,7.8,FRED monthly history
UNRATE,1992-07-01,7.7,FRED monthly history
UNRATE,1992-08-01,7.6,FRED monthly history
UNRATE,1992-09-01,7.6,FRED monthly history
UNRATE,1992-10-01,7.3,FRED monthly history
UNRATE,1992-11-01,7.4,FRED monthly history
UNRATE,1992-12-01,7.4,FRED monthly history
UNRATE,1993-01-01,7.3,FRED monthly history
UNRATE,1993-02-01,7.1,FRED monthly history
UNRATE,1993-03-01,7.0,FRED monthly history
UNRATE,1993-04-01,7.1,FRED monthly history
UNRATE,1993-05-01,7.1,FRED monthly history
UNRATE,1993-06-01,7.0,FRED monthly history
UNRATE,1993-07-01,6.9,FRED monthly history
UNRATE,1993-08-01,6.8,FRED monthly history
UNRATE,1993-09-01,6.7,FRED monthly history
UNRATE,1993-10-01,6.8,FRED monthly history
UNRATE,1993-11-01,6.6,FRED monthly history
UNRATE,1993-12-01,6.5,FRED monthly history
UNRATE,1994-01-01,6.6,FRED monthly history
UNRATE,1994-02-01,6.6,FRED monthly history
UNRATE,1994-03-01,6.5,FRED monthly history
UNRATE,1994-04-01,6.4,FRED monthly history
UNRATE,1994-05-01,6.1,FRED monthly history
UNRATE,1994-06-01,6.1,FRED monthly history
UNRATE,1994-07-01,6.1,FRED monthly history
UNRATE,1994-08-01,6.0,FRED monthly history
UNRATE,1994-09-01,5.9,FRED monthly history
UNRATE,1994-10-01,5.8,FRED monthly history
UNRATE,1994-11-01,5.6,FRED monthly history
UNRATE,1994-12-01,5.5,FRED monthly history
UNRATE,1995-01-01,5.6,FRED monthly history
UNRATE,1995-02-01,5.4,FRED monthly history
UNRATE,1995-03-01,5.4,FRED monthly history
UNRATE,1995-04-01,5.8,FRED monthly history
UNRATE,1995-05-01,5.6,FRED monthly history
UNRATE,1995-06-01,5.6,FRED monthly history
UNRATE,1995-07-01,5.7,FRED monthly history
UNRATE,1995-08-01,5.7,FRED monthly history
UNRATE,1995-09-01,5.6,FRED monthly history
UNRATE,1995-10-01,5.5,FRED monthly history
UNRATE,1995-11-01,5.6,FRED monthly history
UNRATE,1995-12-01,5.6,FRED monthly history
UNRATE,1996-01-01,5.6,FRED monthly history
UNRATE,1996-02-01,5.5,FRED monthly history
UNRATE,1996-03-01,5.5,FRED monthly history
UNRATE,1996-04-01,5.6,FRED monthly history
UNRATE,1996-05-01,5.6,FRED monthly history
UNRATE,1996-06-01,5.3,FRED monthly history
UNRATE,1996-07-01,5.5,FRED monthly history
UNRATE,1996-08-01,5.1,FRED monthly history
UNRATE,1996-09-01,5.2,FRED monthly history
UNRATE,1996-10-01,5.2,FRED monthly history
UNRATE,1996-11-01,5.4,FRED monthly history
UNRATE,1996-12-01,5.4,FRED monthly history
UNRATE,1997-01-01,5.3,FRED monthly history
UNRATE,1997-02-01,5.2,FRED monthly history
UNRATE,1997-03-01,5.2,FRED monthly history
UNRATE,1997-04-01,5.1,FRED monthly history
UNRATE,1997-05-01,4.9,FRED monthly history
UNRATE,1997-06-01,5.0,FRED monthly history
UNRATE,1997-07-01,4.9,FRED monthly history
UNRATE,1997-08-01,4.8,FRED monthly history
UNRATE,1997-09-01,4.9,FRED monthly history
UNRATE,1997-10-01,4.7,FRED monthly history
UNRATE,1997-11-01,4.6,FRED monthly history
UNRATE,1997-12-01,4.7,FRED monthly history
UNRATE,1998-01-01,4.6,FRED monthly history
UNRATE,1998-02-01,4.6,FRED monthly history
UNRATE,1998-03-01,4.7,FRED monthly history
UNRATE,1998-04-01,4.3,FRED monthly history
UNRATE,1998-05-01,4.4,FRED monthly history
UNRATE,1998-06-01,4.5,FRED monthly history
UNRATE,1998-07-01,4.5,FRED monthly history
UNRATE,1998-08-01,4.5,FRED monthly history
UNRATE,1998-09-01,4.6,FRED monthly history
UNRATE,1998-10-01,4.5,FRED monthly history
UNRATE,1998-11-01,4.4,FRED monthly history
UNRATE,1998-12-01,4.4,FRED monthly history
UNRATE,1999-01-01,4.3,FRED monthly history
UNRATE,1999-02-01,4.4,FRED monthly history
UNRATE,1999-03-01,4.2,FRED monthly history
UNRATE,1999-04-01,4.3,FRED monthly history
UNRATE,1999-05-01,4.2,FRED monthly history
UNRATE,1999-06-01,4.3,FRED monthly history
UNRATE,1999-07-01,4.3,FRED monthly history
UNRATE,1999-08-01,4.2,FRED monthly history
UNRATE,1999-09-01,4.2,FRED monthly history
UNRATE,1999-10-01,4.1,FRED monthly history
UNRATE,1999-11-01,4.1,FRED monthly history
UNRATE,1999-12-01,4.0,FRED monthly history
UNRATE,2000-01-01,4.0,FRED monthly history
UNRATE,2000-02-01,4.1,FRED monthly history
UNRATE,2000-03-01,4.0,FRED monthly history
UNRATE,2000-04-01,3.8,FRED monthly history
UNRATE,2000-05-01,4.0,FRED monthly history
UNRATE,2000-06-01,4.0,FRED monthly history
UNRATE,2000-07-01,4.0,FRED monthly history
UNRATE,2000-08-01,4.1,FRED monthly history
UNRATE,2000-09-01,3.9,FRED monthly history
UNRATE,2000-10-01,3.9,FRED monthly history
UNRATE,2000-11-01,3.9,FRED monthly history
UNRATE,2000-12-01,3.9,FRED monthly history
UNRATE,2001-01-01,4.2,FRED monthly history
UNRATE,2001-02-01,4.2,FRED monthly history
UNRATE,2001-03-01,4.3,FRED monthly history
UNRATE,2001-04-01,4.4,FRED monthly history
UNRATE,2001-05-01,4.3,FRED monthly history
UNRATE,2001-06-01,4.5,FRED monthly history
UNRATE,2001-07-01,4.6,FRED monthly history
UNRATE,2001-08-01,4.9,FRED monthly history
UNRATE,2001-09-01,5.0,FRED monthly history
UNRATE,2001-10-01,5.3,FRED monthly history
UNRATE,2001-11-01,5.5,FRED monthly history
UNRATE,2001-12-01,5.7,FRED monthly history
UNRATE,2002-01-01,5.7,FRED monthly history
UNRATE,2002-02-01,5.7,FRED monthly history
UNRATE,2002-03-01,5.7,FRED monthly history
UNRATE,2002-04-01,5.9,FRED monthly history
UNRATE,2002-05-01,5.8,FRED monthly history
UNRATE,2002-06-01,5.8,FRED monthly history
UNRATE,2002-07-01,5.8,FRED monthly history
UNRATE,2002-08-01,5.7,FRED monthly history
UNRATE,2002-09-01,5.7,FRED monthly history
UNRATE,2002-10-01,5.7,FRED monthly history
UNRATE,2002-11-01,5.9,FRED monthly history
UNRATE,2002-12-01,6.0,FRED monthly history
UNRATE,2003-01-01,5.8,FRED monthly history
UNRATE,2003-02-01,5.9,FRED monthly history
UNRATE,2003-03-01,5.9,FRED monthly history
UNRATE,2003-04-01,6.0,FRED monthly history
UNRATE,2003-05-01,6.1,FRED monthly history
UNRATE,2003-06-01,6.3,FRED monthly history
UNRATE,2003-07-01,6.2,FRED monthly history
UNRATE,2003-08-01,6.1,FRED monthly history
UNRATE,2003-09-01,6.1,FRED monthly history
UNRATE,2003-10-01,6.0,FRED monthly history
UNRATE,2003-11-01,5.8,FRED monthly history
UNRATE,2003-12-01,5.7,FRED monthly history
UNRATE,2004-01-01,5.7,FRED monthly history
UNRATE,2004-02-01,5.6,FRED monthly history
UNRATE,2004-03-01,5.8,FRED monthly history
UNRATE,2004-04-01,5.6,FRED monthly history
UNRATE,2004-05-01,5.6,FRED monthly history
UNRATE,2004-06-01,5.6,FRED monthly history
UNRATE,2004-07-01,5.5,FRED monthly history
UNRATE,2004-08-01,5.4,FRED monthly history
UNRATE,2004-09-01,5.4,FRED monthly history
UNRATE,2004-10-01,5.5,FRED monthly history
UNRATE,2004-11-01,5.4,FRED monthly history
UNRATE,2004-12-01,5.4,FRED monthly history
UNRATE,2005-01-01,5.3,FRED monthly history
UNRATE,2005-02-01,5.4,FRED monthly history
UNRATE,2005-03-01,5.2,FRED monthly history
UNRATE,2005-04-01,5.2,FRED monthly history
UNRATE,2005-05-01,5.1,FRED monthly history
UNRATE,2005-06-01,5.0,FRED monthly history
UNRATE,2005-07-01,5.0,FRED monthly history
UNRATE,2005-08-01,4.9,FRED monthly history
UNRATE,2005-09-01,5.0,FRED monthly history
UNRATE,2005-10-01,5.0,FRED monthly history
UNRATE,2005-11-01,5.0,FRED monthly history
UNRATE,2005-12-01,4.9,FRED monthly history
UNRATE,2006-01-01,4.7,FRED monthly history
UNRATE,2006-02-01,4.8,FRED monthly history
UNRATE,2006-03-01,4.7,FRED monthly history
UNRATE,2006-04-01,4.7,FRED monthly history
UNRATE,2006-05-01,4.6,FRED monthly history
UNRATE,2006-06-01,4.6,FRED monthly history
UNRATE,2006-07-01,4.7,FRED monthly history
UNRATE,2006-08-01,4.7,FRED monthly history
UNRATE,2006-09-01,4.5,FRED monthly history
UNRATE,2006-10-01,4.4,FRED monthly history
UNRATE,2006-11-01,4.5,FRED monthly history
UNRATE,2006-12-01,4.4,FRED monthly history
UNRATE,2007-01-01,4.6,FRED monthly history
UNRATE,2007-02-01,4.5,FRED monthly history
UNRATE,2007-03-01,4.4,FRED monthly history
UNRATE,2007-04-01,4.5,FRED monthly history
UNRATE,2007-05-01,4.4,FRED monthly history
UNRATE,2007-06-01,4.6,FRED monthly history
UNRATE,2007-07-01,4.7,FRED monthly history
UNRATE,2007-08-01,4.6,FRED monthly history
UNRATE,2007-09-01,4.7,FRED monthly history
UNRATE,2007-10-01,4.7,FRED monthly history
UNRATE,2007-11-01,4.7,FRED monthly history
UNRATE,2007-12-01,5.0,FRED monthly history
UNRATE,2008-01-01,5.0,FRED monthly history
UNRATE,2008-02-01,4.9,FRED monthly history
UNRATE,2008-03-01,5.1,FRED monthly history
UNRATE,2008-04-01,5.0,FRED monthly history
UNRATE,2008-05-01,5.4,FRED monthly history
UNRATE,2008-06-01,5.6,FRED monthly history
UNRATE,2008-07-01,5.8,FRED monthly history
UNRATE,2008-08-01,6.1,FRED monthly history
UNRATE,2008-09-01,6.1,FRED monthly history
UNRATE,2008-10-01,6.5,FRED monthly history
UNRATE,2008-11-01,6.8,FRED monthly history
UNRATE,2008-12-01,7.3,FRED monthly history
UNRATE,2009-01-01,7.8,FRED monthly history
UNRATE,2009-02-01,8.3,FRED monthly history
UNRATE,2009-03-01,8.7,FRED monthly history
UNRATE,2009-04-01,9.0,FRED monthly history
UNRATE,2009-05-01,9.4,FRED monthly history
UNRATE,2009-06-01,9.5,FRED monthly history
UNRATE,2009-07-01,9.5,FRED monthly history
UNRATE,2009-08-01,9.6,FRED monthly history
UNRATE,2009-09-01,9.8,FRED monthly history
UNRATE,2009-10-01,10.0,FRED monthly history
UNRATE,2009-11-01,9.9,FRED monthly history
UNRATE,2009-12-01,9.9,FRED monthly history
UNRATE,2010-01-01,9.8,FRED monthly history
UNRATE,2010-02-01,9.8,FRED monthly history
UNRATE,2010-03-01,9.9,FRED monthly history
UNRATE,2010-04-01,9.9,FRED monthly history
UNRATE,2010-05-01,9.6,FRED monthly history
UNRATE,2010-06-01,9.4,FRED monthly history
UNRATE,2010-07-01,9.4,FRED monthly history
UNRATE,2010-08-01,9.5,FRED monthly history
UNRATE,2010-09-01,9.5,FRED monthly history
UNRATE,2010-10-01,9.4,FRED monthly history
UNRATE,2010-11-01,9.8,FRED monthly history
UNRATE,2010-12-01,9.3,FRED monthly history
UNRATE,2011-01-01,9.1,FRED monthly history
UNRATE,2011-02-01,9.0,FRED monthly history
UNRATE,2011-03-01,9.0,FRED monthly history
UNRATE,2011-04-01,9.1,FRED monthly history
UNRATE,2011-05-01,9.0,FRED monthly history
UNRATE,2011-06-01,9.1,FRED monthly history
UNRATE,2011-07-01,9.0,FRED monthly history
UNRATE,2011-08-01,9.0,FRED monthly history
UNRATE,2011-09-01,9.0,FRED monthly history
UNRATE,2011-10-01,8.8,FRED monthly history
UNRATE,2011-11-01,8.6,FRED monthly history
UNRATE,2011-12-01,8.5,FRED monthly history
UNRATE,2012-01-01,8.3,FRED monthly history
UNRATE,2012-02-01,8.3,FRED monthly history
UNRATE,2012-03-01,8.2,FRED monthly history
UNRATE,2012-04-01,8.2,FRED monthly history
UNRATE,2012-05-01,8.2,FRED monthly history
UNRATE,2012-06-01,8.2,FRED monthly history
UNRATE,2012-07-01,8.2,FRED monthly history
UNRATE,2012-08-01,8.1,FRED monthly history
UNRATE,2012-09-01,7.8,FRED monthly history
UNRATE,2012-10-01,7.8,FRED monthly history
UNRATE,2012-11-01,7.7,FRED monthly history
UNRATE,2012-12-01,7.9,FRED monthly history
UNRATE,2013-01-01,8.0,FRED monthly history
UNRATE,2013-02-01,7.7,FRED monthly history
UNRATE,2013-03-01,7.5,FRED monthly history
UNRATE,2013-04-01,7.6,FRED monthly history
UNRATE,2013-05-01,7.5,FRED monthly history
UNRATE,2013-06-01,7.5,FRED monthly history
UNRATE,2013-07-01,7.3,FRED monthly history
UNRATE,2013-08-01,7.2,FRED monthly history
UNRATE,2013-09-01,7.2,FRED monthly history
UNRATE,2013-10-01,7.2,FRED monthly history
UNRATE,2013-11-01,6.9,FRED monthly history
UNRATE,2013-12-01,6.7,FRED monthly history
UNRATE,2014-01-01,6.6,FRED monthly history
UNRATE,2014-02-01,6.7,FRED monthly history
UNRATE,2014-03-01,6.7,FRED monthly history
UNRATE,2014-04-01,6.2,FRED monthly history
UNRATE,2014-05-01,6.3,FRED monthly history
UNRATE,2014-06-01,6.1,FRED monthly history
UNRATE,2014-07-01,6.2,FRED monthly history
UNRATE,2014-08-01,6.1,FRED monthly history
UNRATE,2014-09-01,5.9,FRED monthly history
UNRATE,2014-10-01,5.7,FRED monthly history
UNRATE,2014-11-01,5.8,FRED monthly history
UNRATE,2014-12-01,5.6,FRED monthly history
UNRATE,2015-01-01,5.7,FRED monthly history
UNRATE,2015-02-01,5.5,FRED monthly history
UNRATE,2015-03-01,5.4,FRED monthly history
UNRATE,2015-04-01,5.4,FRED monthly history
UNRATE,2015-05-01,5.6,FRED monthly history
UNRATE,2015-06-01,5.3,FRED monthly history
UNRATE,2015-07-01,5.2,FRED monthly history
UNRATE,2015-08-01,5.1,FRED monthly history
UNRATE,2015-09-01,5.0,FRED monthly history
UNRATE,2015-10-01,5.0,FRED monthly history
UNRATE,2015-11-01,5.1,FRED monthly history
UNRATE,2015-12-01,5.0,FRED monthly history
UNRATE,2016-01-01,4.8,FRED monthly history
UNRATE,2016-02-01,4.9,FRED monthly history
UNRATE,2016-03-01,5.0,FRED monthly history
UNRATE,2016-04-01,5.1,FRED monthly history
UNRATE,2016-05-01,4.8,FRED monthly history
UNRATE,2016-06-01,4.9,FRED monthly history
UNRATE,2016-07-01,4.8,FRED monthly history
UNRATE,2016-08-01,4.9,FRED monthly history
UNRATE,2016-09-01,5.0,FRED monthly history
UNRATE,2016-10-01,4.9,FRED monthly history
UNRATE,2016-11-01,4.7,FRED monthly history
UNRATE,2016-12-01,4.7,FRED monthly history
UNRATE,2017-01-01,4.7,FRED monthly history
UNRATE,2017-02-01,4.6,FRED monthly history
UNRATE,2017-03-01,4.4,FRED monthly history
UNRATE,2017-04-01,4.4,FRED monthly history
UNRATE,2017-05-01,4.4,FRED monthly history
UNRATE,2017-06-01,4.3,FRED monthly history
UNRATE,2017-07-01,4.3,FRED monthly history
UNRATE,2017-08-01,4.4,FRED monthly history
UNRATE,2017-09-01,4.3,FRED monthly history
UNRATE,2017-10-01,4.2,FRED monthly history
UNRATE,2017-11-01,4.2,FRED monthly history
UNRATE,2017-12-01,4.1,FRED monthly history
UNRATE,2018-01-01,4.0,FRED monthly history
UNRATE,2018-02-01,4.1,FRED monthly history
UNRATE,2018-03-01,4.0,FRED monthly history
UNRATE,2018-04-01,4.0,FRED monthly history
UNRATE,2018-05-01,3.8,FRED monthly history
UNRATE,2018-06-01,4.0,FRED monthly history
UNRATE,2018-07-01,3.8,FRED monthly history
UNRATE,2018-08-01,3.8,FRED monthly history
UNRATE,2018-09-01,3.7,FRED monthly history
UNRATE,2018-10-01,3.8,FRED monthly history
UNRATE,2018-11-01,3.8,FRED monthly history
UNRATE,2018-12-01,3.9,FRED monthly history
UNRATE,2019-01-01,4.0,FRED monthly history
UNRATE,2019-02-01,3.8,FRED monthly history
UNRATE,2019-03-01,3.8,FRED monthly history
UNRATE,2019-04-01,3.7,FRED monthly history
UNRATE,2019-05-01,3.6,FRED monthly history
UNRATE,2019-06-01,3.6,FRED monthly history
UNRATE,2019-07-01,3.7,FRED monthly history
UNRATE,2019-08-01,3.6,FRED monthly history
UNRATE,2019-09-01,3.5,FRED monthly history
UNRATE,2019-10-01,3.6,FRED monthly history
UNRATE,2019-11-01,3.6,FRED monthly history
UNRATE,2019-12-01,3.6,FRED monthly history
UNRATE,2020-01-01,3.6,FRED monthly history
UNRATE,2020-02-01,3.5,FRED monthly history
UNRATE,2020-03-01,4.4,FRED monthly history
UNRATE,2020-04-01,14.8,FRED monthly history
UNRATE,2020-05-01,13.2,FRED monthly history
UNRATE,2020-06-01,11.0,FRED monthly history
UNRATE,2020-07-01,10.2,FRED monthly history
UNRATE,2020-08-01,8.4,FRED monthly history
UNRATE,2020-09-01,7.8,FRED monthly history
UNRATE,2020-10-01,6.9,FRED monthly history
UNRATE,2020-11-01,6.7,FRED monthly history
UNRATE,2020-12-01,6.7,FRED monthly history
UNRATE,2021-01-01,6.4,FRED monthly history
UNRATE,2021-02-01,6.2,FRED monthly history
UNRATE,2021-03-01,6.1,FRED monthly history
UNRATE,2021-04-01,6.1,FRED monthly history
UNRATE,2021-05-01,5.8,FRED monthly history
UNRATE,2021-06-01,5.9,FRED monthly history
UNRATE,2021-07-01,5.4,FRED monthly history
UNRATE,2021-08-01,5.1,FRED monthly history
UNRATE,2021-09-01,4.7,FRED monthly history
UNRATE,2021-10-01,4.5,FRED monthly history
UNRATE,2021-11-01,4.1,FRED monthly history
UNRATE,2021-12-01,3.9,FRED monthly history
UNRATE,2022-01-01,4.0,FRED monthly history
UNRATE,2022-02-01,3.9,FRED monthly history
UNRATE,2022-03-01,3.7,FRED monthly history
UNRATE,2022-04-01,3.7,FRED monthly history
UNRATE,2022-05-01,3.6,FRED monthly history
UNRATE,2022-06-01,3.6,FRED monthly history
UNRATE,2022-07-01,3.5,FRED monthly history
UNRATE,2022-08-01,3.6,FRED monthly history
UNRATE,2022-09-01,3.5,FRED monthly history
UNRATE,2022-10-01,3.6,FRED monthly history
UNRATE,2022-11-01,3.6,FRED monthly history
UNRATE,2022-12-01,3.5,FRED monthly history
UNRATE,2023-01-01,3.5,FRED monthly history
UNRATE,2023-02-01,3.6,FRED monthly history
UNRATE,2023-03-01,3.5,FRED monthly history
UNRATE,2023-04-01,3.4,FRED monthly history
UNRATE,2023-05-01,3.6,FRED monthly history
UNRATE,2023-06-01,3.6,FRED monthly history
UNRATE,2023-07-01,3.5,FRED monthly history
UNRATE,2023-08-01,3.7,FRED monthly history
UNRATE,2023-09-01,3.7,FRED monthly history
UNRATE,2023-10-01,3.9,FRED monthly history
UNRATE,2023-11-01,3.7,FRED monthly history
UNRATE,2023-12-01,3.8,FRED monthly history
UNRATE,2024-01-01,3.7,FRED monthly history
UNRATE,2024-02-01,3.9,FRED monthly history
UNRATE,2024-03-01,3.9,FRED monthly history
UNRATE,2024-04-01,3.9,FRED monthly history
UNRATE,2024-05-01,3.9,FRED monthly history
UNRATE,2024-06-01,4.1,FRED monthly history
UNRATE,2024-07-01,4.2,FRED monthly history
UNRATE,2024-08-01,4.2,FRED monthly history
UNRATE,2024-09-01,4.1,FRED monthly history
UNRATE,2024-10-01,4.1,FRED monthly history
UNRATE,2024-11-01,4.2,FRED monthly history
UNRATE,2024-12-01,4.1,FRED monthly history
UNRATE,2025-01-01,4.0,FRED monthly history
UNRATE,2025-02-01,4.2,FRED monthly history
UNRATE,2025-03-01,4.2,FRED monthly history
UNRATE,2025-04-01,4.2,FRED monthly history
UNRATE,2025-05-01,4.3,FRED monthly history
UNRATE,2025-06-01,4.1,FRED monthly history
UNRATE,2025-07-01,4.3,FRED monthly history
UNRATE,2025-08-01,4.3,FRED monthly history
UNRATE,2025-09-01,4.4,FRED monthly history
UNRATE,2025-11-01,4.5,FRED monthly history
UNRATE,2025-12-01,4.4,FRED monthly history
UNRATE,2026-01-01,4.3,FRED monthly history
UNRATE,2026-02-01,4.4,FRED monthly history
UNRATE,2026-03-01,4.3,FRED monthly history
UNRATE,2026-04-01,4.3,FRED monthly history
ICSA,1967-01-01,204000,FRED monthly history
ICSA,1967-02-01,242000,FRED monthly history
ICSA,1967-03-01,247000,FRED monthly history
ICSA,1967-04-01,255000,FRED monthly history
ICSA,1967-05-01,228000,FRED monthly history
ICSA,1967-06-01,218000,FRED monthly history
ICSA,1967-07-01,209000,FRED monthly history
ICSA,1967-08-01,213000,FRED monthly history
ICSA,1967-09-01,204000,FRED monthly history
ICSA,1967-10-01,207000,FRED monthly history
ICSA,1967-11-01,191000,FRED monthly history
ICSA,1967-12-01,216000,FRED monthly history
ICSA,1968-01-01,198000,FRED monthly history
ICSA,1968-02-01,193000,FRED monthly history
ICSA,1968-03-01,192000,FRED monthly history
ICSA,1968-04-01,251000,FRED monthly history
ICSA,1968-05-01,194000,FRED monthly history
ICSA,1968-06-01,194000,FRED monthly history
ICSA,1968-07-01,205000,FRED monthly history
ICSA,1968-08-01,188000,FRED monthly history
ICSA,1968-09-01,189000,FRED monthly history
ICSA,1968-10-01,182000,FRED monthly history
ICSA,1968-11-01,162000,FRED monthly history
ICSA,1968-12-01,223000,FRED monthly history
ICSA,1969-01-01,193000,FRED monthly history
ICSA,1969-02-01,192000,FRED monthly history
ICSA,1969-03-01,183000,FRED monthly history
ICSA,1969-04-01,177000,FRED monthly history
ICSA,1969-05-01,187000,FRED monthly history
ICSA,1969-06-01,203000,FRED monthly history
ICSA,1969-07-01,192000,FRED monthly history
ICSA,1969-08-01,195000,FRED monthly history
ICSA,1969-09-01,193000,FRED monthly history
ICSA,1969-10-01,205000,FRED monthly history
ICSA,1969-11-01,202000,FRED monthly history
ICSA,1969-12-01,223000,FRED monthly history
ICSA,1970-01-01,239000,FRED monthly history
ICSA,1970-02-01,242000,FRED monthly history
ICSA,1970-03-01,276000,FRED monthly history
ICSA,1970-04-01,349000,FRED monthly history
ICSA,1970-05-01,301000,FRED monthly history
ICSA,1970-06-01,291000,FRED monthly history
ICSA,1970-07-01,287000,FRED monthly history
ICSA,1970-08-01,297000,FRED monthly history
ICSA,1970-09-01,333000,FRED monthly history
ICSA,1970-10-01,327000,FRED monthly history
ICSA,1970-11-01,337000,FRED monthly history
ICSA,1970-12-01,321000,FRED monthly history
ICSA,1971-01-01,292000,FRED monthly history
ICSA,1971-02-01,290000,FRED monthly history
ICSA,1971-03-01,300000,FRED monthly history
ICSA,1971-04-01,288000,FRED monthly history
ICSA,1971-05-01,299000,FRED monthly history
ICSA,1971-06-01,291000,FRED monthly history
ICSA,1971-07-01,308000,FRED monthly history
ICSA,1971-08-01,307000,FRED monthly history
ICSA,1971-09-01,308000,FRED monthly history
ICSA,1971-10-01,283000,FRED monthly history
ICSA,1971-11-01,278000,FRED monthly history
ICSA,1971-12-01,244000,FRED monthly history
ICSA,1972-01-01,269000,FRED monthly history
ICSA,1972-02-01,254000,FRED monthly history
ICSA,1972-03-01,264000,FRED monthly history
ICSA,1972-04-01,265000,FRED monthly history
ICSA,1972-05-01,267000,FRED monthly history
ICSA,1972-06-01,286000,FRED monthly history
ICSA,1972-07-01,247000,FRED monthly history
ICSA,1972-08-01,262000,FRED monthly history
ICSA,1972-09-01,251000,FRED monthly history
ICSA,1972-10-01,234000,FRED monthly history
ICSA,1972-11-01,235000,FRED monthly history
ICSA,1972-12-01,225000,FRED monthly history
ICSA,1973-01-01,214000,FRED monthly history
ICSA,1973-02-01,218000,FRED monthly history
ICSA,1973-03-01,222000,FRED monthly history
ICSA,1973-04-01,236000,FRED monthly history
ICSA,1973-05-01,238000,FRED monthly history
ICSA,1973-06-01,237000,FRED monthly history
ICSA,1973-07-01,250000,FRED monthly history
ICSA,1973-08-01,254000,FRED monthly history
ICSA,1973-09-01,249000,FRED monthly history
ICSA,1973-10-01,235000,FRED monthly history
ICSA,1973-11-01,233000,FRED monthly history
ICSA,1973-12-01,300000,FRED monthly history
ICSA,1974-01-01,291000,FRED monthly history
ICSA,1974-02-01,292000,FRED monthly history
ICSA,1974-03-01,323000,FRED monthly history
ICSA,1974-04-01,283000,FRED monthly history
ICSA,1974-05-01,309000,FRED monthly history
ICSA,1974-06-01,325000,FRED monthly history
ICSA,1974-07-01,320000,FRED monthly history
ICSA,1974-08-01,350000,FRED monthly history
ICSA,1974-09-01,366000,FRED monthly history
ICSA,1974-10-01,414000,FRED monthly history
ICSA,1974-11-01,474000,FRED monthly history
ICSA,1974-12-01,537000,FRED monthly history
ICSA,1975-01-01,555000,FRED monthly history
ICSA,1975-02-01,544000,FRED monthly history
ICSA,1975-03-01,555000,FRED monthly history
ICSA,1975-04-01,513000,FRED monthly history
ICSA,1975-05-01,475000,FRED monthly history
ICSA,1975-06-01,459000,FRED monthly history
ICSA,1975-07-01,454000,FRED monthly history
ICSA,1975-08-01,446000,FRED monthly history
ICSA,1975-09-01,445000,FRED monthly history
ICSA,1975-10-01,426000,FRED monthly history
ICSA,1975-11-01,387000,FRED monthly history
ICSA,1975-12-01,391000,FRED monthly history
ICSA,1976-01-01,359000,FRED monthly history
ICSA,1976-02-01,349000,FRED monthly history
ICSA,1976-03-01,366000,FRED monthly history
ICSA,1976-04-01,367000,FRED monthly history
ICSA,1976-05-01,402000,FRED monthly history
ICSA,1976-06-01,387000,FRED monthly history
ICSA,1976-07-01,388000,FRED monthly history
ICSA,1976-08-01,394000,FRED monthly history
ICSA,1976-09-01,423000,FRED monthly history
ICSA,1976-10-01,414000,FRED monthly history
ICSA,1976-11-01,377000,FRED monthly history
ICSA,1976-12-01,333000,FRED monthly history
ICSA,1977-01-01,422000,FRED monthly history
ICSA,1977-02-01,362000,FRED monthly history
ICSA,1977-03-01,356000,FRED monthly history
ICSA,1977-04-01,375000,FRED monthly history
ICSA,1977-05-01,381000,FRED monthly history
ICSA,1977-06-01,365000,FRED monthly history
ICSA,1977-07-01,365000,FRED monthly history
ICSA,1977-08-01,365000,FRED monthly history
ICSA,1977-09-01,380000,FRED monthly history
ICSA,1977-10-01,349000,FRED monthly history
ICSA,1977-11-01,354000,FRED monthly history
ICSA,1977-12-01,364000,FRED monthly history
ICSA,1978-01-01,363000,FRED monthly history
ICSA,1978-02-01,371000,FRED monthly history
ICSA,1978-03-01,335000,FRED monthly history
ICSA,1978-04-01,324000,FRED monthly history
ICSA,1978-05-01,318000,FRED monthly history
ICSA,1978-06-01,330000,FRED monthly history
ICSA,1978-07-01,346000,FRED monthly history
ICSA,1978-08-01,333000,FRED monthly history
ICSA,1978-09-01,318000,FRED monthly history
ICSA,1978-10-01,316000,FRED monthly history
ICSA,1978-11-01,359000,FRED monthly history
ICSA,1978-12-01,358000,FRED monthly history
ICSA,1979-01-01,342000,FRED monthly history
ICSA,1979-02-01,360000,FRED monthly history
ICSA,1979-03-01,360000,FRED monthly history
ICSA,1979-04-01,357000,FRED monthly history
ICSA,1979-05-01,349000,FRED monthly history
ICSA,1979-06-01,369000,FRED monthly history
ICSA,1979-07-01,386000,FRED monthly history
ICSA,1979-08-01,390000,FRED monthly history
ICSA,1979-09-01,390000,FRED monthly history
ICSA,1979-10-01,398000,FRED monthly history
ICSA,1979-11-01,414000,FRED monthly history
ICSA,1979-12-01,428000,FRED monthly history
ICSA,1980-01-01,412000,FRED monthly history
ICSA,1980-02-01,428000,FRED monthly history
ICSA,1980-03-01,475000,FRED monthly history
ICSA,1980-04-01,563000,FRED monthly history
ICSA,1980-05-01,637000,FRED monthly history
ICSA,1980-06-01,627000,FRED monthly history
ICSA,1980-07-01,558000,FRED monthly history
ICSA,1980-08-01,502000,FRED monthly history
ICSA,1980-09-01,463000,FRED monthly history
ICSA,1980-10-01,418000,FRED monthly history
ICSA,1980-11-01,412000,FRED monthly history
ICSA,1980-12-01,399000,FRED monthly history
ICSA,1981-01-01,419000,FRED monthly history
ICSA,1981-02-01,434000,FRED monthly history
ICSA,1981-03-01,412000,FRED monthly history
ICSA,1981-04-01,436000,FRED monthly history
ICSA,1981-05-01,417000,FRED monthly history
ICSA,1981-06-01,444000,FRED monthly history
ICSA,1981-07-01,407000,FRED monthly history
ICSA,1981-08-01,451000,FRED monthly history
ICSA,1981-09-01,491000,FRED monthly history
ICSA,1981-10-01,514000,FRED monthly history
ICSA,1981-11-01,552000,FRED monthly history
ICSA,1981-12-01,556000,FRED monthly history
ICSA,1982-01-01,583000,FRED monthly history
ICSA,1982-02-01,528000,FRED monthly history
ICSA,1982-03-01,574000,FRED monthly history
ICSA,1982-04-01,588000,FRED monthly history
ICSA,1982-05-01,588000,FRED monthly history
ICSA,1982-06-01,582000,FRED monthly history
ICSA,1982-07-01,605000,FRED monthly history
ICSA,1982-08-01,647000,FRED monthly history
ICSA,1982-09-01,671000,FRED monthly history
ICSA,1982-10-01,637000,FRED monthly history
ICSA,1982-11-01,612000,FRED monthly history
ICSA,1982-12-01,489000,FRED monthly history
ICSA,1983-01-01,503000,FRED monthly history
ICSA,1983-02-01,481000,FRED monthly history
ICSA,1983-03-01,481000,FRED monthly history
ICSA,1983-04-01,490000,FRED monthly history
ICSA,1983-05-01,454000,FRED monthly history
ICSA,1983-06-01,442000,FRED monthly history
ICSA,1983-07-01,415000,FRED monthly history
ICSA,1983-08-01,426000,FRED monthly history
ICSA,1983-09-01,416000,FRED monthly history
ICSA,1983-10-01,404000,FRED monthly history
ICSA,1983-11-01,398000,FRED monthly history
ICSA,1983-12-01,372000,FRED monthly history
ICSA,1984-01-01,364000,FRED monthly history
ICSA,1984-02-01,343000,FRED monthly history
ICSA,1984-03-01,341000,FRED monthly history
ICSA,1984-04-01,375000,FRED monthly history
ICSA,1984-05-01,354000,FRED monthly history
ICSA,1984-06-01,360000,FRED monthly history
ICSA,1984-07-01,359000,FRED monthly history
ICSA,1984-08-01,395000,FRED monthly history
ICSA,1984-09-01,402000,FRED monthly history
ICSA,1984-10-01,425000,FRED monthly history
ICSA,1984-11-01,429000,FRED monthly history
ICSA,1984-12-01,379000,FRED monthly history
ICSA,1985-01-01,368000,FRED monthly history
ICSA,1985-02-01,390000,FRED monthly history
ICSA,1985-03-01,386000,FRED monthly history
ICSA,1985-04-01,386000,FRED monthly history
ICSA,1985-05-01,396000,FRED monthly history
ICSA,1985-06-01,390000,FRED monthly history
ICSA,1985-07-01,362000,FRED monthly history
ICSA,1985-08-01,409000,FRED monthly history
ICSA,1985-09-01,399000,FRED monthly history
ICSA,1985-10-01,418000,FRED monthly history
ICSA,1985-11-01,393000,FRED monthly history
ICSA,1985-12-01,390000,FRED monthly history
ICSA,1986-01-01,344000,FRED monthly history
ICSA,1986-02-01,390000,FRED monthly history
ICSA,1986-03-01,396000,FRED monthly history
ICSA,1986-04-01,391000,FRED monthly history
ICSA,1986-05-01,373000,FRED monthly history
ICSA,1986-06-01,371000,FRED monthly history
ICSA,1986-07-01,362000,FRED monthly history
ICSA,1986-08-01,401000,FRED monthly history
ICSA,1986-09-01,389000,FRED monthly history
ICSA,1986-10-01,370000,FRED monthly history
ICSA,1986-11-01,366000,FRED monthly history
ICSA,1986-12-01,345000,FRED monthly history
ICSA,1987-01-01,370000,FRED monthly history
ICSA,1987-02-01,348000,FRED monthly history
ICSA,1987-03-01,326000,FRED monthly history
ICSA,1987-04-01,328000,FRED monthly history
ICSA,1987-05-01,326000,FRED monthly history
ICSA,1987-06-01,326000,FRED monthly history
ICSA,1987-07-01,324000,FRED monthly history
ICSA,1987-08-01,322000,FRED monthly history
ICSA,1987-09-01,317000,FRED monthly history
ICSA,1987-10-01,289000,FRED monthly history
ICSA,1987-11-01,306000,FRED monthly history
ICSA,1987-12-01,316000,FRED monthly history
ICSA,1988-01-01,342000,FRED monthly history
ICSA,1988-02-01,319000,FRED monthly history
ICSA,1988-03-01,304000,FRED monthly history
ICSA,1988-04-01,313000,FRED monthly history
ICSA,1988-05-01,313000,FRED monthly history
ICSA,1988-06-01,307000,FRED monthly history
ICSA,1988-07-01,331000,FRED monthly history
ICSA,1988-08-01,315000,FRED monthly history
ICSA,1988-09-01,301000,FRED monthly history
ICSA,1988-10-01,294000,FRED monthly history
ICSA,1988-11-01,299000,FRED monthly history
ICSA,1988-12-01,304000,FRED monthly history
ICSA,1989-01-01,295000,FRED monthly history
ICSA,1989-02-01,300000,FRED monthly history
ICSA,1989-03-01,319000,FRED monthly history
ICSA,1989-04-01,311000,FRED monthly history
ICSA,1989-05-01,325000,FRED monthly history
ICSA,1989-06-01,338000,FRED monthly history
ICSA,1989-07-01,337000,FRED monthly history
ICSA,1989-08-01,332000,FRED monthly history
ICSA,1989-09-01,347000,FRED monthly history
ICSA,1989-10-01,354000,FRED monthly history
ICSA,1989-11-01,342000,FRED monthly history
ICSA,1989-12-01,358000,FRED monthly history
ICSA,1990-01-01,345000,FRED monthly history
ICSA,1990-02-01,350000,FRED monthly history
ICSA,1990-03-01,346000,FRED monthly history
ICSA,1990-04-01,363000,FRED monthly history
ICSA,1990-05-01,359000,FRED monthly history
ICSA,1990-06-01,364000,FRED monthly history
ICSA,1990-07-01,369000,FRED monthly history
ICSA,1990-08-01,394000,FRED monthly history
ICSA,1990-09-01,404000,FRED monthly history
ICSA,1990-10-01,440000,FRED monthly history
ICSA,1990-11-01,462000,FRED monthly history
ICSA,1990-12-01,454000,FRED monthly history
ICSA,1991-01-01,462000,FRED monthly history
ICSA,1991-02-01,499000,FRED monthly history
ICSA,1991-03-01,499000,FRED monthly history
ICSA,1991-04-01,462000,FRED monthly history
ICSA,1991-05-01,443000,FRED monthly history
ICSA,1991-06-01,418000,FRED monthly history
ICSA,1991-07-01,423000,FRED monthly history
ICSA,1991-08-01,425000,FRED monthly history
ICSA,1991-09-01,437000,FRED monthly history
ICSA,1991-10-01,423000,FRED monthly history
ICSA,1991-11-01,444000,FRED monthly history
ICSA,1991-12-01,441000,FRED monthly history
ICSA,1992-01-01,441000,FRED monthly history
ICSA,1992-02-01,444000,FRED monthly history
ICSA,1992-03-01,420000,FRED monthly history
ICSA,1992-04-01,424000,FRED monthly history
ICSA,1992-05-01,411000,FRED monthly history
ICSA,1992-06-01,420000,FRED monthly history
ICSA,1992-07-01,564000,FRED monthly history
ICSA,1992-08-01,408000,FRED monthly history
ICSA,1992-09-01,409000,FRED monthly history
ICSA,1992-10-01,365000,FRED monthly history
ICSA,1992-11-01,341000,FRED monthly history
ICSA,1992-12-01,313000,FRED monthly history
ICSA,1993-01-01,340000,FRED monthly history
ICSA,1993-02-01,362000,FRED monthly history
ICSA,1993-03-01,366000,FRED monthly history
ICSA,1993-04-01,350000,FRED monthly history
ICSA,1993-05-01,349000,FRED monthly history
ICSA,1993-06-01,340000,FRED monthly history
ICSA,1993-07-01,356000,FRED monthly history
ICSA,1993-08-01,337000,FRED monthly history
ICSA,1993-09-01,343000,FRED monthly history
ICSA,1993-10-01,348000,FRED monthly history
ICSA,1993-11-01,337000,FRED monthly history
ICSA,1993-12-01,290000,FRED monthly history
ICSA,1994-01-01,406000,FRED monthly history
ICSA,1994-02-01,327000,FRED monthly history
ICSA,1994-03-01,322000,FRED monthly history
ICSA,1994-04-01,344000,FRED monthly history
ICSA,1994-05-01,348000,FRED monthly history
ICSA,1994-06-01,341000,FRED monthly history
ICSA,1994-07-01,332000,FRED monthly history
ICSA,1994-08-01,341000,FRED monthly history
ICSA,1994-09-01,325000,FRED monthly history
ICSA,1994-10-01,331000,FRED monthly history
ICSA,1994-11-01,329000,FRED monthly history
ICSA,1994-12-01,319000,FRED monthly history
ICSA,1995-01-01,324000,FRED monthly history
ICSA,1995-02-01,336000,FRED monthly history
ICSA,1995-03-01,332000,FRED monthly history
ICSA,1995-04-01,365000,FRED monthly history
ICSA,1995-05-01,374000,FRED monthly history
ICSA,1995-06-01,358000,FRED monthly history
ICSA,1995-07-01,351000,FRED monthly history
ICSA,1995-08-01,359000,FRED monthly history
ICSA,1995-09-01,355000,FRED monthly history
ICSA,1995-10-01,377000,FRED monthly history
ICSA,1995-11-01,379000,FRED monthly history
ICSA,1995-12-01,359000,FRED monthly history
ICSA,1996-01-01,387000,FRED monthly history
ICSA,1996-02-01,365000,FRED monthly history
ICSA,1996-03-01,393000,FRED monthly history
ICSA,1996-04-01,343000,FRED monthly history
ICSA,1996-05-01,343000,FRED monthly history
ICSA,1996-06-01,337000,FRED monthly history
ICSA,1996-07-01,327000,FRED monthly history
ICSA,1996-08-01,329000,FRED monthly history
ICSA,1996-09-01,348000,FRED monthly history
ICSA,1996-10-01,352000,FRED monthly history
ICSA,1996-11-01,332000,FRED monthly history
ICSA,1996-12-01,357000,FRED monthly history
ICSA,1997-01-01,340000,FRED monthly history
ICSA,1997-02-01,322000,FRED monthly history
ICSA,1997-03-01,325000,FRED monthly history
ICSA,1997-04-01,337000,FRED monthly history
ICSA,1997-05-01,321000,FRED monthly history
ICSA,1997-06-01,322000,FRED monthly history
ICSA,1997-07-01,306000,FRED monthly history
ICSA,1997-08-01,332000,FRED monthly history
ICSA,1997-09-01,317000,FRED monthly history
ICSA,1997-10-01,306000,FRED monthly history
ICSA,1997-11-01,318000,FRED monthly history
ICSA,1997-12-01,303000,FRED monthly history
ICSA,1998-01-01,315000,FRED monthly history
ICSA,1998-02-01,317000,FRED monthly history
ICSA,1998-03-01,312000,FRED monthly history
ICSA,1998-04-01,311000,FRED monthly history
ICSA,1998-05-01,322000,FRED monthly history
ICSA,1998-06-01,376000,FRED monthly history
ICSA,1998-07-01,335000,FRED monthly history
ICSA,1998-08-01,310000,FRED monthly history
ICSA,1998-09-01,294000,FRED monthly history
ICSA,1998-10-01,308000,FRED monthly history
ICSA,1998-11-01,310000,FRED monthly history
ICSA,1998-12-01,336000,FRED monthly history
ICSA,1999-01-01,305000,FRED monthly history
ICSA,1999-02-01,301000,FRED monthly history
ICSA,1999-03-01,298000,FRED monthly history
ICSA,1999-04-01,291000,FRED monthly history
ICSA,1999-05-01,303000,FRED monthly history
ICSA,1999-06-01,291000,FRED monthly history
ICSA,1999-07-01,300000,FRED monthly history
ICSA,1999-08-01,290000,FRED monthly history
ICSA,1999-09-01,306000,FRED monthly history
ICSA,1999-10-01,285000,FRED monthly history
ICSA,1999-11-01,288000,FRED monthly history
ICSA,1999-12-01,268000,FRED monthly history
ICSA,2000-01-01,285000,FRED monthly history
ICSA,2000-02-01,280000,FRED monthly history
ICSA,2000-03-01,272000,FRED monthly history
ICSA,2000-04-01,291000,FRED monthly history
ICSA,2000-05-01,280000,FRED monthly history
ICSA,2000-06-01,296000,FRED monthly history
ICSA,2000-07-01,298000,FRED monthly history
ICSA,2000-08-01,312000,FRED monthly history
ICSA,2000-09-01,292000,FRED monthly history
ICSA,2000-10-01,301000,FRED monthly history
ICSA,2000-11-01,356000,FRED monthly history
ICSA,2000-12-01,353000,FRED monthly history
ICSA,2001-01-01,362000,FRED monthly history
ICSA,2001-02-01,386000,FRED monthly history
ICSA,2001-03-01,388000,FRED monthly history
ICSA,2001-04-01,406000,FRED monthly history
ICSA,2001-05-01,405000,FRED monthly history
ICSA,2001-06-01,394000,FRED monthly history
ICSA,2001-07-01,388000,FRED monthly history
ICSA,2001-08-01,395000,FRED monthly history
ICSA,2001-09-01,517000,FRED monthly history
ICSA,2001-10-01,483000,FRED monthly history
ICSA,2001-11-01,491000,FRED monthly history
ICSA,2001-12-01,421000,FRED monthly history
ICSA,2002-01-01,414000,FRED monthly history
ICSA,2002-02-01,398000,FRED monthly history
ICSA,2002-03-01,479000,FRED monthly history
ICSA,2002-04-01,414000,FRED monthly history
ICSA,2002-05-01,403000,FRED monthly history
ICSA,2002-06-01,386000,FRED monthly history
ICSA,2002-07-01,390000,FRED monthly history
ICSA,2002-08-01,394000,FRED monthly history
ICSA,2002-09-01,409000,FRED monthly history
ICSA,2002-10-01,409000,FRED monthly history
ICSA,2002-11-01,377000,FRED monthly history
ICSA,2002-12-01,409000,FRED monthly history
ICSA,2003-01-01,407000,FRED monthly history
ICSA,2003-02-01,421000,FRED monthly history
ICSA,2003-03-01,436000,FRED monthly history
ICSA,2003-04-01,444000,FRED monthly history
ICSA,2003-05-01,431000,FRED monthly history
ICSA,2003-06-01,429000,FRED monthly history
ICSA,2003-07-01,398000,FRED monthly history
ICSA,2003-08-01,407000,FRED monthly history
ICSA,2003-09-01,387000,FRED monthly history
ICSA,2003-10-01,379000,FRED monthly history
ICSA,2003-11-01,357000,FRED monthly history
ICSA,2003-12-01,349000,FRED monthly history
ICSA,2004-01-01,376000,FRED monthly history
ICSA,2004-02-01,348000,FRED monthly history
ICSA,2004-03-01,340000,FRED monthly history
ICSA,2004-04-01,339000,FRED monthly history
ICSA,2004-05-01,337000,FRED monthly history
ICSA,2004-06-01,348000,FRED monthly history
ICSA,2004-07-01,341000,FRED monthly history
ICSA,2004-08-01,352000,FRED monthly history
ICSA,2004-09-01,351000,FRED monthly history
ICSA,2004-10-01,332000,FRED monthly history
ICSA,2004-11-01,335000,FRED monthly history
ICSA,2004-12-01,320000,FRED monthly history
ICSA,2005-01-01,331000,FRED monthly history
ICSA,2005-02-01,314000,FRED monthly history
ICSA,2005-03-01,342000,FRED monthly history
ICSA,2005-04-01,334000,FRED monthly history
ICSA,2005-05-01,340000,FRED monthly history
ICSA,2005-06-01,311000,FRED monthly history
ICSA,2005-07-01,316000,FRED monthly history
ICSA,2005-08-01,318000,FRED monthly history
ICSA,2005-09-01,359000,FRED monthly history
ICSA,2005-10-01,322000,FRED monthly history
ICSA,2005-11-01,311000,FRED monthly history
ICSA,2005-12-01,302000,FRED monthly history
ICSA,2006-01-01,282000,FRED monthly history
ICSA,2006-02-01,293000,FRED monthly history
ICSA,2006-03-01,295000,FRED monthly history
ICSA,2006-04-01,321000,FRED monthly history
ICSA,2006-05-01,330000,FRED monthly history
ICSA,2006-06-01,309000,FRED monthly history
ICSA,2006-07-01,311000,FRED monthly history
ICSA,2006-08-01,314000,FRED monthly history
ICSA,2006-09-01,309000,FRED monthly history
ICSA,2006-10-01,328000,FRED monthly history
ICSA,2006-11-01,349000,FRED monthly history
ICSA,2006-12-01,341000,FRED monthly history
ICSA,2007-01-01,308000,FRED monthly history
ICSA,2007-02-01,322000,FRED monthly history
ICSA,2007-03-01,307000,FRED monthly history
ICSA,2007-04-01,301000,FRED monthly history
ICSA,2007-05-01,310000,FRED monthly history
ICSA,2007-06-01,317000,FRED monthly history
ICSA,2007-07-01,305000,FRED monthly history
ICSA,2007-08-01,329000,FRED monthly history
ICSA,2007-09-01,317000,FRED monthly history
ICSA,2007-10-01,328000,FRED monthly history
ICSA,2007-11-01,352000,FRED monthly history
ICSA,2007-12-01,360000,FRED monthly history
ICSA,2008-01-01,366000,FRED monthly history
ICSA,2008-02-01,354000,FRED monthly history
ICSA,2008-03-01,387000,FRED monthly history
ICSA,2008-04-01,370000,FRED monthly history
ICSA,2008-05-01,362000,FRED monthly history
ICSA,2008-06-01,392000,FRED monthly history
ICSA,2008-07-01,434000,FRED monthly history
ICSA,2008-08-01,442000,FRED monthly history
ICSA,2008-09-01,483000,FRED monthly history
ICSA,2008-10-01,480000,FRED monthly history
ICSA,2008-11-01,529000,FRED monthly history
ICSA,2008-12-01,533000,FRED monthly history
ICSA,2009-01-01,629000,FRED monthly history
ICSA,2009-02-01,652000,FRED monthly history
ICSA,2009-03-01,665000,FRED monthly history
ICSA,2009-04-01,620000,FRED monthly history
ICSA,2009-05-01,607000,FRED monthly history
ICSA,2009-06-01,594000,FRED monthly history
ICSA,2009-07-01,587000,FRED monthly history
ICSA,2009-08-01,564000,FRED monthly history
ICSA,2009-09-01,554000,FRED monthly history
ICSA,2009-10-01,522000,FRED monthly history
ICSA,2009-11-01,475000,FRED monthly history
ICSA,2009-12-01,468000,FRED monthly history
ICSA,2010-01-01,496000,FRED monthly history
ICSA,2010-02-01,488000,FRED monthly history
ICSA,2010-03-01,459000,FRED monthly history
ICSA,2010-04-01,449000,FRED monthly history
ICSA,2010-05-01,458000,FRED monthly history
ICSA,2010-06-01,464000,FRED monthly history
ICSA,2010-07-01,476000,FRED monthly history
ICSA,2010-08-01,467000,FRED monthly history
ICSA,2010-09-01,459000,FRED monthly history
ICSA,2010-10-01,453000,FRED monthly history
ICSA,2010-11-01,432000,FRED monthly history
ICSA,2010-12-01,404000,FRED monthly history
ICSA,2011-01-01,420000,FRED monthly history
ICSA,2011-02-01,385000,FRED monthly history
ICSA,2011-03-01,399000,FRED monthly history
ICSA,2011-04-01,468000,FRED monthly history
ICSA,2011-05-01,418000,FRED monthly history
ICSA,2011-06-01,421000,FRED monthly history
ICSA,2011-07-01,406000,FRED monthly history
ICSA,2011-08-01,409000,FRED monthly history
ICSA,2011-09-01,406000,FRED monthly history
ICSA,2011-10-01,399000,FRED monthly history
ICSA,2011-11-01,397000,FRED monthly history
ICSA,2011-12-01,376000,FRED monthly history
ICSA,2012-01-01,372000,FRED monthly history
ICSA,2012-02-01,365000,FRED monthly history
ICSA,2012-03-01,358000,FRED monthly history
ICSA,2012-04-01,372000,FRED monthly history
ICSA,2012-05-01,381000,FRED monthly history
ICSA,2012-06-01,372000,FRED monthly history
ICSA,2012-07-01,372000,FRED monthly history
ICSA,2012-08-01,377000,FRED monthly history
ICSA,2012-09-01,376000,FRED monthly history
ICSA,2012-10-01,364000,FRED monthly history
ICSA,2012-11-01,388000,FRED monthly history
ICSA,2012-12-01,362000,FRED monthly history
ICSA,2013-01-01,366000,FRED monthly history
ICSA,2013-02-01,342000,FRED monthly history
ICSA,2013-03-01,375000,FRED monthly history
ICSA,2013-04-01,331000,FRED monthly history
ICSA,2013-05-01,353000,FRED monthly history
ICSA,2013-06-01,340000,FRED monthly history
ICSA,2013-07-01,334000,FRED monthly history
ICSA,2013-08-01,325000,FRED monthly history
ICSA,2013-09-01,319000,FRED monthly history
ICSA,2013-10-01,347000,FRED monthly history
ICSA,2013-11-01,312000,FRED monthly history
ICSA,2013-12-01,332000,FRED monthly history
ICSA,2014-01-01,340000,FRED monthly history
ICSA,2014-02-01,341000,FRED monthly history
ICSA,2014-03-01,330000,FRED monthly history
ICSA,2014-04-01,345000,FRED monthly history
ICSA,2014-05-01,312000,FRED monthly history
ICSA,2014-06-01,308000,FRED monthly history
ICSA,2014-07-01,303000,FRED monthly history
ICSA,2014-08-01,303000,FRED monthly history
ICSA,2014-09-01,290000,FRED monthly history
ICSA,2014-10-01,291000,FRED monthly history
ICSA,2014-11-01,291000,FRED monthly history
ICSA,2014-12-01,285000,FRED monthly history
ICSA,2015-01-01,281000,FRED monthly history
ICSA,2015-02-01,317000,FRED monthly history
ICSA,2015-03-01,269000,FRED monthly history
ICSA,2015-04-01,269000,FRED monthly history
ICSA,2015-05-01,275000,FRED monthly history
ICSA,2015-06-01,275000,FRED monthly history
ICSA,2015-07-01,269000,FRED monthly history
ICSA,2015-08-01,279000,FRED monthly history
ICSA,2015-09-01,272000,FRED monthly history
ICSA,2015-10-01,275000,FRED monthly history
ICSA,2015-11-01,265000,FRED monthly history
ICSA,2015-12-01,276000,FRED monthly history
ICSA,2016-01-01,282000,FRED monthly history
ICSA,2016-02-01,269000,FRED monthly history
ICSA,2016-03-01,271000,FRED monthly history
ICSA,2016-04-01,278000,FRED monthly history
ICSA,2016-05-01,263000,FRED monthly history
ICSA,2016-06-01,262000,FRED monthly history
ICSA,2016-07-01,266000,FRED monthly history
ICSA,2016-08-01,261000,FRED monthly history
ICSA,2016-09-01,247000,FRED monthly history
ICSA,2016-10-01,265000,FRED monthly history
ICSA,2016-11-01,255000,FRED monthly history
ICSA,2016-12-01,244000,FRED monthly history
ICSA,2017-01-01,241000,FRED monthly history
ICSA,2017-02-01,221000,FRED monthly history
ICSA,2017-03-01,236000,FRED monthly history
ICSA,2017-04-01,232000,FRED monthly history
ICSA,2017-05-01,253000,FRED monthly history
ICSA,2017-06-01,247000,FRED monthly history
ICSA,2017-07-01,245000,FRED monthly history
ICSA,2017-08-01,247000,FRED monthly history
ICSA,2017-09-01,260000,FRED monthly history
ICSA,2017-10-01,241000,FRED monthly history
ICSA,2017-11-01,243000,FRED monthly history
ICSA,2017-12-01,248000,FRED monthly history
ICSA,2018-01-01,228000,FRED monthly history
ICSA,2018-02-01,216000,FRED monthly history
ICSA,2018-03-01,232000,FRED monthly history
ICSA,2018-04-01,209000,FRED monthly history
ICSA,2018-05-01,222000,FRED monthly history
ICSA,2018-06-01,228000,FRED monthly history
ICSA,2018-07-01,207000,FRED monthly history
ICSA,2018-08-01,211000,FRED monthly history
ICSA,2018-09-01,210000,FRED monthly history
ICSA,2018-10-01,216000,FRED monthly history
ICSA,2018-11-01,237000,FRED monthly history
ICSA,2018-12-01,238000,FRED monthly history
ICSA,2019-01-01,234000,FRED monthly history
ICSA,2019-02-01,221000,FRED monthly history
ICSA,2019-03-01,203000,FRED monthly history
ICSA,2019-04-01,224000,FRED monthly history
ICSA,2019-05-01,222000,FRED monthly history
ICSA,2019-06-01,226000,FRED monthly history
ICSA,2019-07-01,206000,FRED monthly history
ICSA,2019-08-01,215000,FRED monthly history
ICSA,2019-09-01,215000,FRED monthly history
ICSA,2019-10-01,215000,FRED monthly history
ICSA,2019-11-01,231000,FRED monthly history
ICSA,2019-12-01,231000,FRED monthly history
ICSA,2020-01-01,210000,FRED monthly history
ICSA,2020-02-01,215000,FRED monthly history
ICSA,2020-03-01,5946000,FRED monthly history
ICSA,2020-04-01,3446000,FRED monthly history
ICSA,2020-05-01,1639000,FRED monthly history
ICSA,2020-06-01,1446000,FRED monthly history
ICSA,2020-07-01,1260000,FRED monthly history
ICSA,2020-08-01,881000,FRED monthly history
ICSA,2020-09-01,795000,FRED monthly history
ICSA,2020-10-01,773000,FRED monthly history
ICSA,2020-11-01,737000,FRED monthly history
ICSA,2020-12-01,773000,FRED monthly history
ICSA,2021-01-01,803000,FRED monthly history
ICSA,2021-02-01,704000,FRED monthly history
ICSA,2021-03-01,658000,FRED monthly history
ICSA,2021-04-01,574000,FRED monthly history
ICSA,2021-05-01,427000,FRED monthly history
ICSA,2021-06-01,368000,FRED monthly history
ICSA,2021-07-01,379000,FRED monthly history
ICSA,2021-08-01,353000,FRED monthly history
ICSA,2021-09-01,375000,FRED monthly history
ICSA,2021-10-01,261000,FRED monthly history
ICSA,2021-11-01,221000,FRED monthly history
ICSA,2021-12-01,217000,FRED monthly history
ICSA,2022-01-01,231000,FRED monthly history
ICSA,2022-02-01,208000,FRED monthly history
ICSA,2022-03-01,214000,FRED monthly history
ICSA,2022-04-01,218000,FRED monthly history
ICSA,2022-05-01,199000,FRED monthly history
ICSA,2022-06-01,212000,FRED monthly history
ICSA,2022-07-01,228000,FRED monthly history
ICSA,2022-08-01,210000,FRED monthly history
ICSA,2022-09-01,190000,FRED monthly history
ICSA,2022-10-01,202000,FRED monthly history
ICSA,2022-11-01,209000,FRED monthly history
ICSA,2022-12-01,205000,FRED monthly history
ICSA,2023-01-01,200000,FRED monthly history
ICSA,2023-02-01,207000,FRED monthly history
ICSA,2023-03-01,234000,FRED monthly history
ICSA,2023-04-01,213000,FRED monthly history
ICSA,2023-05-01,229000,FRED monthly history
ICSA,2023-06-01,236000,FRED monthly history
ICSA,2023-07-01,238000,FRED monthly history
ICSA,2023-08-01,234000,FRED monthly history
ICSA,2023-09-01,216000,FRED monthly history
ICSA,2023-10-01,217000,FRED monthly history
ICSA,2023-11-01,213000,FRED monthly history
ICSA,2023-12-01,200000,FRED monthly history
ICSA,2024-01-01,226000,FRED monthly history
ICSA,2024-02-01,212000,FRED monthly history
ICSA,2024-03-01,223000,FRED monthly history
ICSA,2024-04-01,207000,FRED monthly history
ICSA,2024-05-01,220000,FRED monthly history
ICSA,2024-06-01,238000,FRED monthly history
ICSA,2024-07-01,248000,FRED monthly history
ICSA,2024-08-01,227000,FRED monthly history
ICSA,2024-09-01,227000,FRED monthly history
ICSA,2024-10-01,219000,FRED monthly history
ICSA,2024-11-01,222000,FRED monthly history
ICSA,2024-12-01,212000,FRED monthly history
ICSA,2025-01-01,212000,FRED monthly history
ICSA,2025-02-01,241000,FRED monthly history
ICSA,2025-03-01,220000,FRED monthly history
ICSA,2025-04-01,239000,FRED monthly history
ICSA,2025-05-01,244000,FRED monthly history
ICSA,2025-06-01,231000,FRED monthly history
ICSA,2025-07-01,219000,FRED monthly history
ICSA,2025-08-01,236000,FRED monthly history
ICSA,2025-09-01,225000,FRED monthly history
ICSA,2025-10-01,221000,FRED monthly history
ICSA,2025-11-01,216000,FRED monthly history
ICSA,2025-12-01,203000,FRED monthly history
ICSA,2026-01-01,230000,FRED monthly history
ICSA,2026-02-01,214000,FRED monthly history
ICSA,2026-03-01,203000,FRED monthly history
ICSA,2026-04-01,190000,FRED monthly history
ICSA,2026-05-01,209000,FRED monthly history
GDPC1,1947-01-01,2182.681,FRED monthly history
GDPC1,1947-04-01,2176.892,FRED monthly history
GDPC1,1947-07-01,2172.432,FRED monthly history
GDPC1,1947-10-01,2206.452,FRED monthly history
GDPC1,1948-01-01,2239.682,FRED monthly history
GDPC1,1948-04-01,2276.690,FRED monthly history
GDPC1,1948-07-01,2289.770,FRED monthly history
GDPC1,1948-10-01,2292.364,FRED monthly history
GDPC1,1949-01-01,2260.807,FRED monthly history
GDPC1,1949-04-01,2253.128,FRED monthly history
GDPC1,1949-07-01,2276.424,FRED monthly history
GDPC1,1949-10-01,2257.352,FRED monthly history
GDPC1,1950-01-01,2346.104,FRED monthly history
GDPC1,1950-04-01,2417.682,FRED monthly history
GDPC1,1950-07-01,2511.127,FRED monthly history
GDPC1,1950-10-01,2559.214,FRED monthly history
GDPC1,1951-01-01,2593.967,FRED monthly history
GDPC1,1951-04-01,2638.898,FRED monthly history
GDPC1,1951-07-01,2693.259,FRED monthly history
GDPC1,1951-10-01,2699.156,FRED monthly history
GDPC1,1952-01-01,2727.954,FRED monthly history
GDPC1,1952-04-01,2733.800,FRED monthly history
GDPC1,1952-07-01,2753.517,FRED monthly history
GDPC1,1952-10-01,2843.941,FRED monthly history
GDPC1,1953-01-01,2896.811,FRED monthly history
GDPC1,1953-04-01,2919.206,FRED monthly history
GDPC1,1953-07-01,2902.785,FRED monthly history
GDPC1,1953-10-01,2858.845,FRED monthly history
GDPC1,1954-01-01,2845.192,FRED monthly history
GDPC1,1954-04-01,2848.305,FRED monthly history
GDPC1,1954-07-01,2880.482,FRED monthly history
GDPC1,1954-10-01,2936.852,FRED monthly history
GDPC1,1955-01-01,3020.746,FRED monthly history
GDPC1,1955-04-01,3069.910,FRED monthly history
GDPC1,1955-07-01,3111.379,FRED monthly history
GDPC1,1955-10-01,3130.068,FRED monthly history
GDPC1,1956-01-01,3117.922,FRED monthly history
GDPC1,1956-04-01,3143.694,FRED monthly history
GDPC1,1956-07-01,3140.874,FRED monthly history
GDPC1,1956-10-01,3192.570,FRED monthly history
GDPC1,1957-01-01,3213.011,FRED monthly history
GDPC1,1957-04-01,3205.970,FRED monthly history
GDPC1,1957-07-01,3237.386,FRED monthly history
GDPC1,1957-10-01,3203.894,FRED monthly history
GDPC1,1958-01-01,3120.724,FRED monthly history
GDPC1,1958-04-01,3141.224,FRED monthly history
GDPC1,1958-07-01,3213.884,FRED monthly history
GDPC1,1958-10-01,3289.032,FRED monthly history
GDPC1,1959-01-01,3352.129,FRED monthly history
GDPC1,1959-04-01,3427.667,FRED monthly history
GDPC1,1959-07-01,3430.057,FRED monthly history
GDPC1,1959-10-01,3439.832,FRED monthly history
GDPC1,1960-01-01,3517.181,FRED monthly history
GDPC1,1960-04-01,3498.246,FRED monthly history
GDPC1,1960-07-01,3515.385,FRED monthly history
GDPC1,1960-10-01,3470.278,FRED monthly history
GDPC1,1961-01-01,3493.703,FRED monthly history
GDPC1,1961-04-01,3553.021,FRED monthly history
GDPC1,1961-07-01,3621.252,FRED monthly history
GDPC1,1961-10-01,3692.289,FRED monthly history
GDPC1,1962-01-01,3758.147,FRED monthly history
GDPC1,1962-04-01,3792.149,FRED monthly history
GDPC1,1962-07-01,3838.776,FRED monthly history
GDPC1,1962-10-01,3851.421,FRED monthly history
GDPC1,1963-01-01,3893.482,FRED monthly history
GDPC1,1963-04-01,3937.183,FRED monthly history
GDPC1,1963-07-01,4023.755,FRED monthly history
GDPC1,1963-10-01,4050.147,FRED monthly history
GDPC1,1964-01-01,4135.553,FRED monthly history
GDPC1,1964-04-01,4180.592,FRED monthly history
GDPC1,1964-07-01,4245.918,FRED monthly history
GDPC1,1964-10-01,4259.046,FRED monthly history
GDPC1,1965-01-01,4362.111,FRED monthly history
GDPC1,1965-04-01,4417.225,FRED monthly history
GDPC1,1965-07-01,4515.427,FRED monthly history
GDPC1,1965-10-01,4619.458,FRED monthly history
GDPC1,1966-01-01,4731.888,FRED monthly history
GDPC1,1966-04-01,4748.046,FRED monthly history
GDPC1,1966-07-01,4788.254,FRED monthly history
GDPC1,1966-10-01,4827.537,FRED monthly history
GDPC1,1967-01-01,4870.299,FRED monthly history
GDPC1,1967-04-01,4873.287,FRED monthly history
GDPC1,1967-07-01,4919.392,FRED monthly history
GDPC1,1967-10-01,4956.477,FRED monthly history
GDPC1,1968-01-01,5057.553,FRED monthly history
GDPC1,1968-04-01,5142.033,FRED monthly history
GDPC1,1968-07-01,5181.859,FRED monthly history
GDPC1,1968-10-01,5202.212,FRED monthly history
GDPC1,1969-01-01,5283.597,FRED monthly history
GDPC1,1969-04-01,5299.625,FRED monthly history
GDPC1,1969-07-01,5334.600,FRED monthly history
GDPC1,1969-10-01,5308.556,FRED monthly history
GDPC1,1970-01-01,5300.652,FRED monthly history
GDPC1,1970-04-01,5308.164,FRED monthly history
GDPC1,1970-07-01,5357.077,FRED monthly history
GDPC1,1970-10-01,5299.672,FRED monthly history
GDPC1,1971-01-01,5443.619,FRED monthly history
GDPC1,1971-04-01,5473.059,FRED monthly history
GDPC1,1971-07-01,5518.072,FRED monthly history
GDPC1,1971-10-01,5531.032,FRED monthly history
GDPC1,1972-01-01,5632.649,FRED monthly history
GDPC1,1972-04-01,5760.470,FRED monthly history
GDPC1,1972-07-01,5814.854,FRED monthly history
GDPC1,1972-10-01,5912.220,FRED monthly history
GDPC1,1973-01-01,6058.544,FRED monthly history
GDPC1,1973-04-01,6124.506,FRED monthly history
GDPC1,1973-07-01,6092.301,FRED monthly history
GDPC1,1973-10-01,6150.131,FRED monthly history
GDPC1,1974-01-01,6097.258,FRED monthly history
GDPC1,1974-04-01,6111.751,FRED monthly history
GDPC1,1974-07-01,6053.978,FRED monthly history
GDPC1,1974-10-01,6030.464,FRED monthly history
GDPC1,1975-01-01,5957.035,FRED monthly history
GDPC1,1975-04-01,5999.610,FRED monthly history
GDPC1,1975-07-01,6102.326,FRED monthly history
GDPC1,1975-10-01,6184.530,FRED monthly history
GDPC1,1976-01-01,6323.649,FRED monthly history
GDPC1,1976-04-01,6370.025,FRED monthly history
GDPC1,1976-07-01,6404.895,FRED monthly history
GDPC1,1976-10-01,6451.177,FRED monthly history
GDPC1,1977-01-01,6527.703,FRED monthly history
GDPC1,1977-04-01,6654.466,FRED monthly history
GDPC1,1977-07-01,6774.457,FRED monthly history
GDPC1,1977-10-01,6774.592,FRED monthly history
GDPC1,1978-01-01,6796.260,FRED monthly history
GDPC1,1978-04-01,7058.920,FRED monthly history
GDPC1,1978-07-01,7129.915,FRED monthly history
GDPC1,1978-10-01,7225.750,FRED monthly history
GDPC1,1979-01-01,7238.727,FRED monthly history
GDPC1,1979-04-01,7246.454,FRED monthly history
GDPC1,1979-07-01,7300.281,FRED monthly history
GDPC1,1979-10-01,7318.535,FRED monthly history
GDPC1,1980-01-01,7341.557,FRED monthly history
GDPC1,1980-04-01,7190.289,FRED monthly history
GDPC1,1980-07-01,7181.743,FRED monthly history
GDPC1,1980-10-01,7315.677,FRED monthly history
GDPC1,1981-01-01,7459.022,FRED monthly history
GDPC1,1981-04-01,7403.745,FRED monthly history
GDPC1,1981-07-01,7492.405,FRED monthly history
GDPC1,1981-10-01,7410.768,FRED monthly history
GDPC1,1982-01-01,7295.631,FRED monthly history
GDPC1,1982-04-01,7328.912,FRED monthly history
GDPC1,1982-07-01,7300.896,FRED monthly history
GDPC1,1982-10-01,7303.817,FRED monthly history
GDPC1,1983-01-01,7400.066,FRED monthly history
GDPC1,1983-04-01,7568.456,FRED monthly history
GDPC1,1983-07-01,7719.746,FRED monthly history
GDPC1,1983-10-01,7880.794,FRED monthly history
GDPC1,1984-01-01,8034.847,FRED monthly history
GDPC1,1984-04-01,8173.670,FRED monthly history
GDPC1,1984-07-01,8252.465,FRED monthly history
GDPC1,1984-10-01,8320.199,FRED monthly history
GDPC1,1985-01-01,8400.820,FRED monthly history
GDPC1,1985-04-01,8474.787,FRED monthly history
GDPC1,1985-07-01,8604.220,FRED monthly history
GDPC1,1985-10-01,8668.188,FRED monthly history
GDPC1,1986-01-01,8749.127,FRED monthly history
GDPC1,1986-04-01,8788.524,FRED monthly history
GDPC1,1986-07-01,8872.601,FRED monthly history
GDPC1,1986-10-01,8920.193,FRED monthly history
GDPC1,1987-01-01,8986.367,FRED monthly history
GDPC1,1987-04-01,9083.256,FRED monthly history
GDPC1,1987-07-01,9162.024,FRED monthly history
GDPC1,1987-10-01,9319.332,FRED monthly history
GDPC1,1988-01-01,9367.502,FRED monthly history
GDPC1,1988-04-01,9490.594,FRED monthly history
GDPC1,1988-07-01,9546.206,FRED monthly history
GDPC1,1988-10-01,9673.405,FRED monthly history
GDPC1,1989-01-01,9771.725,FRED monthly history
GDPC1,1989-04-01,9846.293,FRED monthly history
GDPC1,1989-07-01,9919.228,FRED monthly history
GDPC1,1989-10-01,9938.767,FRED monthly history
GDPC1,1990-01-01,10047.386,FRED monthly history
GDPC1,1990-04-01,10083.855,FRED monthly history
GDPC1,1990-07-01,10090.569,FRED monthly history
GDPC1,1990-10-01,9998.704,FRED monthly history
GDPC1,1991-01-01,9951.916,FRED monthly history
GDPC1,1991-04-01,10029.510,FRED monthly history
GDPC1,1991-07-01,10080.195,FRED monthly history
GDPC1,1991-10-01,10115.329,FRED monthly history
GDPC1,1992-01-01,10236.435,FRED monthly history
GDPC1,1992-04-01,10347.429,FRED monthly history
GDPC1,1992-07-01,10449.673,FRED monthly history
GDPC1,1992-10-01,10558.648,FRED monthly history
GDPC1,1993-01-01,10576.275,FRED monthly history
GDPC1,1993-04-01,10637.847,FRED monthly history
GDPC1,1993-07-01,10688.606,FRED monthly history
GDPC1,1993-10-01,10833.987,FRED monthly history
GDPC1,1994-01-01,10939.116,FRED monthly history
GDPC1,1994-04-01,11087.361,FRED monthly history
GDPC1,1994-07-01,11152.176,FRED monthly history
GDPC1,1994-10-01,11279.932,FRED monthly history
GDPC1,1995-01-01,11319.951,FRED monthly history
GDPC1,1995-04-01,11353.721,FRED monthly history
GDPC1,1995-07-01,11450.310,FRED monthly history
GDPC1,1995-10-01,11528.067,FRED monthly history
GDPC1,1996-01-01,11614.418,FRED monthly history
GDPC1,1996-04-01,11808.140,FRED monthly history
GDPC1,1996-07-01,11914.063,FRED monthly history
GDPC1,1996-10-01,12037.775,FRED monthly history
GDPC1,1997-01-01,12115.472,FRED monthly history
GDPC1,1997-04-01,12317.221,FRED monthly history
GDPC1,1997-07-01,12471.010,FRED monthly history
GDPC1,1997-10-01,12577.495,FRED monthly history
GDPC1,1998-01-01,12703.742,FRED monthly history
GDPC1,1998-04-01,12821.339,FRED monthly history
GDPC1,1998-07-01,12982.752,FRED monthly history
GDPC1,1998-10-01,13191.670,FRED monthly history
GDPC1,1999-01-01,13315.597,FRED monthly history
GDPC1,1999-04-01,13426.748,FRED monthly history
GDPC1,1999-07-01,13604.771,FRED monthly history
GDPC1,1999-10-01,13827.980,FRED monthly history
GDPC1,2000-01-01,13878.147,FRED monthly history
GDPC1,2000-04-01,14130.908,FRED monthly history
GDPC1,2000-07-01,14145.312,FRED monthly history
GDPC1,2000-10-01,14229.765,FRED monthly history
GDPC1,2001-01-01,14183.120,FRED monthly history
GDPC1,2001-04-01,14271.694,FRED monthly history
GDPC1,2001-07-01,14214.516,FRED monthly history
GDPC1,2001-10-01,14253.574,FRED monthly history
GDPC1,2002-01-01,14372.785,FRED monthly history
GDPC1,2002-04-01,14460.848,FRED monthly history
GDPC1,2002-07-01,14519.633,FRED monthly history
GDPC1,2002-10-01,14537.580,FRED monthly history
GDPC1,2003-01-01,14614.141,FRED monthly history
GDPC1,2003-04-01,14743.567,FRED monthly history
GDPC1,2003-07-01,14988.782,FRED monthly history
GDPC1,2003-10-01,15162.760,FRED monthly history
GDPC1,2004-01-01,15248.680,FRED monthly history
GDPC1,2004-04-01,15366.850,FRED monthly history
GDPC1,2004-07-01,15512.619,FRED monthly history
GDPC1,2004-10-01,15670.880,FRED monthly history
GDPC1,2005-01-01,15844.727,FRED monthly history
GDPC1,2005-04-01,15922.782,FRED monthly history
GDPC1,2005-07-01,16047.587,FRED monthly history
GDPC1,2005-10-01,16136.734,FRED monthly history
GDPC1,2006-01-01,16353.835,FRED monthly history
GDPC1,2006-04-01,16396.151,FRED monthly history
GDPC1,2006-07-01,16420.738,FRED monthly history
GDPC1,2006-10-01,16561.866,FRED monthly history
GDPC1,2007-01-01,16611.690,FRED monthly history
GDPC1,2007-04-01,16713.314,FRED monthly history
GDPC1,2007-07-01,16809.587,FRED monthly history
GDPC1,2007-10-01,16915.191,FRED monthly history
GDPC1,2008-01-01,16843.003,FRED monthly history
GDPC1,2008-04-01,16943.291,FRED monthly history
GDPC1,2008-07-01,16854.295,FRED monthly history
GDPC1,2008-10-01,16485.350,FRED monthly history
GDPC1,2009-01-01,16298.262,FRED monthly history
GDPC1,2009-04-01,16269.145,FRED monthly history
GDPC1,2009-07-01,16326.281,FRED monthly history
GDPC1,2009-10-01,16502.754,FRED monthly history
GDPC1,2010-01-01,16582.710,FRED monthly history
GDPC1,2010-04-01,16743.162,FRED monthly history
GDPC1,2010-07-01,16872.266,FRED monthly history
GDPC1,2010-10-01,16960.864,FRED monthly history
GDPC1,2011-01-01,16920.632,FRED monthly history
GDPC1,2011-04-01,17035.114,FRED monthly history
GDPC1,2011-07-01,17031.313,FRED monthly history
GDPC1,2011-10-01,17222.583,FRED monthly history
GDPC1,2012-01-01,17367.010,FRED monthly history
GDPC1,2012-04-01,17444.525,FRED monthly history
GDPC1,2012-07-01,17469.650,FRED monthly history
GDPC1,2012-10-01,17489.852,FRED monthly history
GDPC1,2013-01-01,17662.400,FRED monthly history
GDPC1,2013-04-01,17709.671,FRED monthly history
GDPC1,2013-07-01,17860.450,FRED monthly history
GDPC1,2013-10-01,18016.147,FRED monthly history
GDPC1,2014-01-01,17953.974,FRED monthly history
GDPC1,2014-04-01,18185.911,FRED monthly history
GDPC1,2014-07-01,18406.941,FRED monthly history
GDPC1,2014-10-01,18500.031,FRED monthly history
GDPC1,2015-01-01,18666.621,FRED monthly history
GDPC1,2015-04-01,18782.243,FRED monthly history
GDPC1,2015-07-01,18857.418,FRED monthly history
GDPC1,2015-10-01,18892.206,FRED monthly history
GDPC1,2016-01-01,19001.690,FRED monthly history
GDPC1,2016-04-01,19062.709,FRED monthly history
GDPC1,2016-07-01,19197.938,FRED monthly history
GDPC1,2016-10-01,19304.352,FRED monthly history
GDPC1,2017-01-01,19398.343,FRED monthly history
GDPC1,2017-04-01,19506.949,FRED monthly history
GDPC1,2017-07-01,19660.766,FRED monthly history
GDPC1,2017-10-01,19882.352,FRED monthly history
GDPC1,2018-01-01,20044.077,FRED monthly history
GDPC1,2018-04-01,20150.476,FRED monthly history
GDPC1,2018-07-01,20276.154,FRED monthly history
GDPC1,2018-10-01,20304.874,FRED monthly history
GDPC1,2019-01-01,20431.641,FRED monthly history
GDPC1,2019-04-01,20602.275,FRED monthly history
GDPC1,2019-07-01,20843.322,FRED monthly history
GDPC1,2019-10-01,20985.448,FRED monthly history
GDPC1,2020-01-01,20709.212,FRED monthly history
GDPC1,2020-04-01,19077.992,FRED monthly history
GDPC1,2020-07-01,20558.879,FRED monthly history
GDPC1,2020-10-01,20791.917,FRED monthly history
GDPC1,2021-01-01,21082.134,FRED monthly history
GDPC1,2021-04-01,21440.929,FRED monthly history
GDPC1,2021-07-01,21617.828,FRED monthly history
GDPC1,2021-10-01,21988.737,FRED monthly history
GDPC1,2022-01-01,21932.710,FRED monthly history
GDPC1,2022-04-01,21967.045,FRED monthly history
GDPC1,2022-07-01,22125.625,FRED monthly history
GDPC1,2022-10-01,22278.345,FRED monthly history
GDPC1,2023-01-01,22439.607,FRED monthly history
GDPC1,2023-04-01,22580.499,FRED monthly history
GDPC1,2023-07-01,22840.989,FRED monthly history
GDPC1,2023-10-01,23033.780,FRED monthly history
GDPC1,2024-01-01,23082.119,FRED monthly history
GDPC1,2024-04-01,23286.508,FRED monthly history
GDPC1,2024-07-01,23478.570,FRED monthly history
GDPC1,2024-10-01,23586.542,FRED monthly history
GDPC1,2025-01-01,23548.210,FRED monthly history
GDPC1,2025-04-01,23770.976,FRED monthly history
GDPC1,2025-07-01,24026.834,FRED monthly history
GDPC1,2025-10-01,24055.749,FRED monthly history
GDPC1,2026-01-01,24174.527,FRED monthly history
INDPRO,1919-01-01,4.8739,FRED monthly history
INDPRO,1919-02-01,4.6585,FRED monthly history
INDPRO,1919-03-01,4.5238,FRED monthly history
INDPRO,1919-04-01,4.6046,FRED monthly history
INDPRO,1919-05-01,4.6315,FRED monthly history
INDPRO,1919-06-01,4.9277,FRED monthly history
INDPRO,1919-07-01,5.2239,FRED monthly history
INDPRO,1919-08-01,5.3047,FRED monthly history
INDPRO,1919-09-01,5.1970,FRED monthly history
INDPRO,1919-10-01,5.1432,FRED monthly history
INDPRO,1919-11-01,5.0624,FRED monthly history
INDPRO,1919-12-01,5.1432,FRED monthly history
INDPRO,1920-01-01,5.6279,FRED monthly history
INDPRO,1920-02-01,5.6279,FRED monthly history
INDPRO,1920-03-01,5.5201,FRED monthly history
INDPRO,1920-04-01,5.2239,FRED monthly history
INDPRO,1920-05-01,5.3586,FRED monthly history
INDPRO,1920-06-01,5.4124,FRED monthly history
INDPRO,1920-07-01,5.2778,FRED monthly history
INDPRO,1920-08-01,5.3047,FRED monthly history
INDPRO,1920-09-01,5.1162,FRED monthly history
INDPRO,1920-10-01,4.9008,FRED monthly history
INDPRO,1920-11-01,4.4969,FRED monthly history
INDPRO,1920-12-01,4.2276,FRED monthly history
INDPRO,1921-01-01,3.9853,FRED monthly history
INDPRO,1921-02-01,3.9045,FRED monthly history
INDPRO,1921-03-01,3.7968,FRED monthly history
INDPRO,1921-04-01,3.7968,FRED monthly history
INDPRO,1921-05-01,3.9045,FRED monthly history
INDPRO,1921-06-01,3.8776,FRED monthly history
INDPRO,1921-07-01,3.8506,FRED monthly history
INDPRO,1921-08-01,3.9853,FRED monthly history
INDPRO,1921-09-01,4.0122,FRED monthly history
INDPRO,1921-10-01,4.2545,FRED monthly history
INDPRO,1921-11-01,4.2007,FRED monthly history
INDPRO,1921-12-01,4.1738,FRED monthly history
INDPRO,1922-01-01,4.3353,FRED monthly history
INDPRO,1922-02-01,4.5238,FRED monthly history
INDPRO,1922-03-01,4.7662,FRED monthly history
INDPRO,1922-04-01,4.6046,FRED monthly history
INDPRO,1922-05-01,4.8470,FRED monthly history
INDPRO,1922-06-01,5.0893,FRED monthly history
INDPRO,1922-07-01,5.0893,FRED monthly history
INDPRO,1922-08-01,4.9816,FRED monthly history
INDPRO,1922-09-01,5.2509,FRED monthly history
INDPRO,1922-10-01,5.5471,FRED monthly history
INDPRO,1922-11-01,5.7894,FRED monthly history
INDPRO,1922-12-01,5.9510,FRED monthly history
INDPRO,1923-01-01,5.8163,FRED monthly history
INDPRO,1923-02-01,5.8971,FRED monthly history
INDPRO,1923-03-01,6.0856,FRED monthly history
INDPRO,1923-04-01,6.2203,FRED monthly history
INDPRO,1923-05-01,6.3010,FRED monthly history
INDPRO,1923-06-01,6.2472,FRED monthly history
INDPRO,1923-07-01,6.1933,FRED monthly history
INDPRO,1923-08-01,6.0856,FRED monthly history
INDPRO,1923-09-01,5.9510,FRED monthly history
INDPRO,1923-10-01,5.9241,FRED monthly history
INDPRO,1923-11-01,5.9241,FRED monthly history
INDPRO,1923-12-01,5.7894,FRED monthly history
INDPRO,1924-01-01,5.9240,FRED monthly history
INDPRO,1924-02-01,6.0318,FRED monthly history
INDPRO,1924-03-01,5.9241,FRED monthly history
INDPRO,1924-04-01,5.7356,FRED monthly history
INDPRO,1924-05-01,5.4932,FRED monthly history
INDPRO,1924-06-01,5.2509,FRED monthly history
INDPRO,1924-07-01,5.1701,FRED monthly history
INDPRO,1924-08-01,5.3586,FRED monthly history
INDPRO,1924-09-01,5.5471,FRED monthly history
INDPRO,1924-10-01,5.6817,FRED monthly history
INDPRO,1924-11-01,5.7894,FRED monthly history
INDPRO,1924-12-01,5.9510,FRED monthly history
INDPRO,1925-01-01,6.1395,FRED monthly history
INDPRO,1925-02-01,6.1395,FRED monthly history
INDPRO,1925-03-01,6.1395,FRED monthly history
INDPRO,1925-04-01,6.1933,FRED monthly history
INDPRO,1925-05-01,6.1664,FRED monthly history
INDPRO,1925-06-01,6.1125,FRED monthly history
INDPRO,1925-07-01,6.2741,FRED monthly history
INDPRO,1925-08-01,6.1664,FRED monthly history
INDPRO,1925-09-01,6.0856,FRED monthly history
INDPRO,1925-10-01,6.3280,FRED monthly history
INDPRO,1925-11-01,6.4626,FRED monthly history
INDPRO,1925-12-01,6.5434,FRED monthly history
INDPRO,1926-01-01,6.4357,FRED monthly history
INDPRO,1926-02-01,6.4357,FRED monthly history
INDPRO,1926-03-01,6.5165,FRED monthly history
INDPRO,1926-04-01,6.5165,FRED monthly history
INDPRO,1926-05-01,6.4626,FRED monthly history
INDPRO,1926-06-01,6.5434,FRED monthly history
INDPRO,1926-07-01,6.5703,FRED monthly history
INDPRO,1926-08-01,6.6511,FRED monthly history
INDPRO,1926-09-01,6.7588,FRED monthly history
INDPRO,1926-10-01,6.7588,FRED monthly history
INDPRO,1926-11-01,6.7319,FRED monthly history
INDPRO,1926-12-01,6.7050,FRED monthly history
INDPRO,1927-01-01,6.6780,FRED monthly history
INDPRO,1927-02-01,6.7319,FRED monthly history
INDPRO,1927-03-01,6.8127,FRED monthly history
INDPRO,1927-04-01,6.6511,FRED monthly history
INDPRO,1927-05-01,6.7050,FRED monthly history
INDPRO,1927-06-01,6.6780,FRED monthly history
INDPRO,1927-07-01,6.5972,FRED monthly history
INDPRO,1927-08-01,6.5972,FRED monthly history
INDPRO,1927-09-01,6.4895,FRED monthly history
INDPRO,1927-10-01,6.3549,FRED monthly history
INDPRO,1927-11-01,6.3549,FRED monthly history
INDPRO,1927-12-01,6.3818,FRED monthly history
INDPRO,1928-01-01,6.5165,FRED monthly history
INDPRO,1928-02-01,6.5703,FRED monthly history
INDPRO,1928-03-01,6.6242,FRED monthly history
INDPRO,1928-04-01,6.5972,FRED monthly history
INDPRO,1928-05-01,6.6780,FRED monthly history
INDPRO,1928-06-01,6.7319,FRED monthly history
INDPRO,1928-07-01,6.8127,FRED monthly history
INDPRO,1928-08-01,6.9473,FRED monthly history
INDPRO,1928-09-01,7.0012,FRED monthly history
INDPRO,1928-10-01,7.1358,FRED monthly history
INDPRO,1928-11-01,7.2704,FRED monthly history
INDPRO,1928-12-01,7.4051,FRED monthly history
INDPRO,1929-01-01,7.5128,FRED monthly history
INDPRO,1929-02-01,7.4858,FRED monthly history
INDPRO,1929-03-01,7.5128,FRED monthly history
INDPRO,1929-04-01,7.6474,FRED monthly history
INDPRO,1929-05-01,7.7821,FRED monthly history
INDPRO,1929-06-01,7.8359,FRED monthly history
INDPRO,1929-07-01,7.9436,FRED monthly history
INDPRO,1929-08-01,7.8628,FRED monthly history
INDPRO,1929-09-01,7.8090,FRED monthly history
INDPRO,1929-10-01,7.6743,FRED monthly history
INDPRO,1929-11-01,7.2974,FRED monthly history
INDPRO,1929-12-01,6.9742,FRED monthly history
INDPRO,1930-01-01,6.9742,FRED monthly history
INDPRO,1930-02-01,6.9473,FRED monthly history
INDPRO,1930-03-01,6.8396,FRED monthly history
INDPRO,1930-04-01,6.7857,FRED monthly history
INDPRO,1930-05-01,6.6780,FRED monthly history
INDPRO,1930-06-01,6.4895,FRED monthly history
INDPRO,1930-07-01,6.1933,FRED monthly history
INDPRO,1930-08-01,6.0587,FRED monthly history
INDPRO,1930-09-01,5.9510,FRED monthly history
INDPRO,1930-10-01,5.7894,FRED monthly history
INDPRO,1930-11-01,5.6548,FRED monthly history
INDPRO,1930-12-01,5.5201,FRED monthly history
INDPRO,1931-01-01,5.4932,FRED monthly history
INDPRO,1931-02-01,5.5201,FRED monthly history
INDPRO,1931-03-01,5.6279,FRED monthly history
INDPRO,1931-04-01,5.6548,FRED monthly history
INDPRO,1931-05-01,5.5740,FRED monthly history
INDPRO,1931-06-01,5.4394,FRED monthly history
INDPRO,1931-07-01,5.3586,FRED monthly history
INDPRO,1931-08-01,5.1701,FRED monthly history
INDPRO,1931-09-01,4.9277,FRED monthly history
INDPRO,1931-10-01,4.7392,FRED monthly history
INDPRO,1931-11-01,4.6854,FRED monthly history
INDPRO,1931-12-01,4.6585,FRED monthly history
INDPRO,1932-01-01,4.5238,FRED monthly history
INDPRO,1932-02-01,4.4161,FRED monthly history
INDPRO,1932-03-01,4.3623,FRED monthly history
INDPRO,1932-04-01,4.0661,FRED monthly history
INDPRO,1932-05-01,3.9314,FRED monthly history
INDPRO,1932-06-01,3.7968,FRED monthly history
INDPRO,1932-07-01,3.6891,FRED monthly history
INDPRO,1932-08-01,3.7968,FRED monthly history
INDPRO,1932-09-01,4.0391,FRED monthly history
INDPRO,1932-10-01,4.1738,FRED monthly history
INDPRO,1932-11-01,4.1738,FRED monthly history
INDPRO,1932-12-01,4.0930,FRED monthly history
INDPRO,1933-01-01,4.0122,FRED monthly history
INDPRO,1933-02-01,4.0391,FRED monthly history
INDPRO,1933-03-01,3.7968,FRED monthly history
INDPRO,1933-04-01,4.0661,FRED monthly history
INDPRO,1933-05-01,4.7392,FRED monthly history
INDPRO,1933-06-01,5.4663,FRED monthly history
INDPRO,1933-07-01,5.9779,FRED monthly history
INDPRO,1933-08-01,5.7356,FRED monthly history
INDPRO,1933-09-01,5.4124,FRED monthly history
INDPRO,1933-10-01,5.1432,FRED monthly history
INDPRO,1933-11-01,4.8470,FRED monthly history
INDPRO,1933-12-01,4.8739,FRED monthly history
INDPRO,1934-01-01,5.0354,FRED monthly history
INDPRO,1934-02-01,5.2778,FRED monthly history
INDPRO,1934-03-01,5.5201,FRED monthly history
INDPRO,1934-04-01,5.5201,FRED monthly history
INDPRO,1934-05-01,5.6278,FRED monthly history
INDPRO,1934-06-01,5.5201,FRED monthly history
INDPRO,1934-07-01,5.1432,FRED monthly history
INDPRO,1934-08-01,5.0893,FRED monthly history
INDPRO,1934-09-01,4.7931,FRED monthly history
INDPRO,1934-10-01,5.0085,FRED monthly history
INDPRO,1934-11-01,5.0624,FRED monthly history
INDPRO,1934-12-01,5.3855,FRED monthly history
INDPRO,1935-01-01,5.8163,FRED monthly history
INDPRO,1935-02-01,5.9241,FRED monthly history
INDPRO,1935-03-01,5.8971,FRED monthly history
INDPRO,1935-04-01,5.7894,FRED monthly history
INDPRO,1935-05-01,5.7894,FRED monthly history
INDPRO,1935-06-01,5.8702,FRED monthly history
INDPRO,1935-07-01,5.8702,FRED monthly history
INDPRO,1935-08-01,6.0856,FRED monthly history
INDPRO,1935-09-01,6.2472,FRED monthly history
INDPRO,1935-10-01,6.4357,FRED monthly history
INDPRO,1935-11-01,6.5703,FRED monthly history
INDPRO,1935-12-01,6.6511,FRED monthly history
INDPRO,1936-01-01,6.5434,FRED monthly history
INDPRO,1936-02-01,6.3818,FRED monthly history
INDPRO,1936-03-01,6.4626,FRED monthly history
INDPRO,1936-04-01,6.8665,FRED monthly history
INDPRO,1936-05-01,7.0012,FRED monthly history
INDPRO,1936-06-01,7.1358,FRED monthly history
INDPRO,1936-07-01,7.2704,FRED monthly history
INDPRO,1936-08-01,7.3781,FRED monthly history
INDPRO,1936-09-01,7.5128,FRED monthly history
INDPRO,1936-10-01,7.6205,FRED monthly history
INDPRO,1936-11-01,7.8359,FRED monthly history
INDPRO,1936-12-01,8.0783,FRED monthly history
INDPRO,1937-01-01,8.0513,FRED monthly history
INDPRO,1937-02-01,8.1590,FRED monthly history
INDPRO,1937-03-01,8.3475,FRED monthly history
INDPRO,1937-04-01,8.3475,FRED monthly history
INDPRO,1937-05-01,8.3745,FRED monthly history
INDPRO,1937-06-01,8.2667,FRED monthly history
INDPRO,1937-07-01,8.3206,FRED monthly history
INDPRO,1937-08-01,8.2667,FRED monthly history
INDPRO,1937-09-01,7.9975,FRED monthly history
INDPRO,1937-10-01,7.4051,FRED monthly history
INDPRO,1937-11-01,6.6780,FRED monthly history
INDPRO,1937-12-01,6.0856,FRED monthly history
INDPRO,1938-01-01,5.9510,FRED monthly history
INDPRO,1938-02-01,5.8971,FRED monthly history
INDPRO,1938-03-01,5.8971,FRED monthly history
INDPRO,1938-04-01,5.7894,FRED monthly history
INDPRO,1938-05-01,5.6548,FRED monthly history
INDPRO,1938-06-01,5.7086,FRED monthly history
INDPRO,1938-07-01,6.0318,FRED monthly history
INDPRO,1938-08-01,6.3549,FRED monthly history
INDPRO,1938-09-01,6.5434,FRED monthly history
INDPRO,1938-10-01,6.7050,FRED monthly history
INDPRO,1938-11-01,6.9742,FRED monthly history
INDPRO,1938-12-01,7.0550,FRED monthly history
INDPRO,1939-01-01,7.0550,FRED monthly history
INDPRO,1939-02-01,7.1089,FRED monthly history
INDPRO,1939-03-01,7.1358,FRED monthly history
INDPRO,1939-04-01,7.1089,FRED monthly history
INDPRO,1939-05-01,7.0819,FRED monthly history
INDPRO,1939-06-01,7.2435,FRED monthly history
INDPRO,1939-07-01,7.4589,FRED monthly history
INDPRO,1939-08-01,7.5666,FRED monthly history
INDPRO,1939-09-01,8.0244,FRED monthly history
INDPRO,1939-10-01,8.4283,FRED monthly history
INDPRO,1939-11-01,8.6437,FRED monthly history
INDPRO,1939-12-01,8.6437,FRED monthly history
INDPRO,1940-01-01,8.5360,FRED monthly history
INDPRO,1940-02-01,8.2667,FRED monthly history
INDPRO,1940-03-01,8.0783,FRED monthly history
INDPRO,1940-04-01,8.2398,FRED monthly history
INDPRO,1940-05-01,8.4822,FRED monthly history
INDPRO,1940-06-01,8.7514,FRED monthly history
INDPRO,1940-07-01,8.8592,FRED monthly history
INDPRO,1940-08-01,8.9130,FRED monthly history
INDPRO,1940-09-01,9.1015,FRED monthly history
INDPRO,1940-10-01,9.2361,FRED monthly history
INDPRO,1940-11-01,9.4516,FRED monthly history
INDPRO,1940-12-01,9.7747,FRED monthly history
INDPRO,1941-01-01,10.0170,FRED monthly history
INDPRO,1941-02-01,10.3132,FRED monthly history
INDPRO,1941-03-01,10.6364,FRED monthly history
INDPRO,1941-04-01,10.6633,FRED monthly history
INDPRO,1941-05-01,11.1480,FRED monthly history
INDPRO,1941-06-01,11.2288,FRED monthly history
INDPRO,1941-07-01,11.3634,FRED monthly history
INDPRO,1941-08-01,11.4981,FRED monthly history
INDPRO,1941-09-01,11.4981,FRED monthly history
INDPRO,1941-10-01,11.6058,FRED monthly history
INDPRO,1941-11-01,11.6596,FRED monthly history
INDPRO,1941-12-01,11.8481,FRED monthly history
INDPRO,1942-01-01,12.0905,FRED monthly history
INDPRO,1942-02-01,12.3059,FRED monthly history
INDPRO,1942-03-01,12.4405,FRED monthly history
INDPRO,1942-04-01,12.0905,FRED monthly history
INDPRO,1942-05-01,12.1174,FRED monthly history
INDPRO,1942-06-01,12.1443,FRED monthly history
INDPRO,1942-07-01,12.4405,FRED monthly history
INDPRO,1942-08-01,12.8175,FRED monthly history
INDPRO,1942-09-01,13.1137,FRED monthly history
INDPRO,1942-10-01,13.5445,FRED monthly history
INDPRO,1942-11-01,13.8677,FRED monthly history
INDPRO,1942-12-01,14.1908,FRED monthly history
INDPRO,1943-01-01,14.3255,FRED monthly history
INDPRO,1943-02-01,14.7024,FRED monthly history
INDPRO,1943-03-01,14.8102,FRED monthly history
INDPRO,1943-04-01,14.9986,FRED monthly history
INDPRO,1943-05-01,15.1063,FRED monthly history
INDPRO,1943-06-01,15.0256,FRED monthly history
INDPRO,1943-07-01,15.4833,FRED monthly history
INDPRO,1943-08-01,15.8064,FRED monthly history
INDPRO,1943-09-01,16.2104,FRED monthly history
INDPRO,1943-10-01,16.4527,FRED monthly history
INDPRO,1943-11-01,16.6681,FRED monthly history
INDPRO,1943-12-01,16.4527,FRED monthly history
INDPRO,1944-01-01,16.6412,FRED monthly history
INDPRO,1944-02-01,16.7758,FRED monthly history
INDPRO,1944-03-01,16.7489,FRED monthly history
INDPRO,1944-04-01,16.7489,FRED monthly history
INDPRO,1944-05-01,16.6412,FRED monthly history
INDPRO,1944-06-01,16.5874,FRED monthly history
INDPRO,1944-07-01,16.5604,FRED monthly history
INDPRO,1944-08-01,16.7758,FRED monthly history
INDPRO,1944-09-01,16.6681,FRED monthly history
INDPRO,1944-10-01,16.7220,FRED monthly history
INDPRO,1944-11-01,16.5873,FRED monthly history
INDPRO,1944-12-01,16.5335,FRED monthly history
INDPRO,1945-01-01,16.3719,FRED monthly history
INDPRO,1945-02-01,16.3181,FRED monthly history
INDPRO,1945-03-01,16.2104,FRED monthly history
INDPRO,1945-04-01,15.9142,FRED monthly history
INDPRO,1945-05-01,15.4833,FRED monthly history
INDPRO,1945-06-01,15.1333,FRED monthly history
INDPRO,1945-07-01,14.7832,FRED monthly history
INDPRO,1945-08-01,13.2483,FRED monthly history
INDPRO,1945-09-01,12.0635,FRED monthly history
INDPRO,1945-10-01,11.5788,FRED monthly history
INDPRO,1945-11-01,12.0097,FRED monthly history
INDPRO,1945-12-01,12.0635,FRED monthly history
INDPRO,1946-01-01,11.3903,FRED monthly history
INDPRO,1946-02-01,10.8249,FRED monthly history
INDPRO,1946-03-01,11.9558,FRED monthly history
INDPRO,1946-04-01,11.7404,FRED monthly history
INDPRO,1946-05-01,11.3096,FRED monthly history
INDPRO,1946-06-01,12.0097,FRED monthly history
INDPRO,1946-07-01,12.4136,FRED monthly history
INDPRO,1946-08-01,12.8714,FRED monthly history
INDPRO,1946-09-01,13.1137,FRED monthly history
INDPRO,1946-10-01,13.3560,FRED monthly history
INDPRO,1946-11-01,13.4368,FRED monthly history
INDPRO,1946-12-01,13.5176,FRED monthly history
INDPRO,1947-01-01,13.6792,FRED monthly history
INDPRO,1947-02-01,13.7600,FRED monthly history
INDPRO,1947-03-01,13.8407,FRED monthly history
INDPRO,1947-04-01,13.7330,FRED monthly history
INDPRO,1947-05-01,13.7869,FRED monthly history
INDPRO,1947-06-01,13.7869,FRED monthly history
INDPRO,1947-07-01,13.7061,FRED monthly history
INDPRO,1947-08-01,13.7869,FRED monthly history
INDPRO,1947-09-01,13.8946,FRED monthly history
INDPRO,1947-10-01,14.0292,FRED monthly history
INDPRO,1947-11-01,14.2177,FRED monthly history
INDPRO,1947-12-01,14.2716,FRED monthly history
INDPRO,1948-01-01,14.3524,FRED monthly history
INDPRO,1948-02-01,14.3793,FRED monthly history
INDPRO,1948-03-01,14.2177,FRED monthly history
INDPRO,1948-04-01,14.2447,FRED monthly history
INDPRO,1948-05-01,14.4870,FRED monthly history
INDPRO,1948-06-01,14.6755,FRED monthly history
INDPRO,1948-07-01,14.6755,FRED monthly history
INDPRO,1948-08-01,14.6216,FRED monthly history
INDPRO,1948-09-01,14.5139,FRED monthly history
INDPRO,1948-10-01,14.6217,FRED monthly history
INDPRO,1948-11-01,14.4332,FRED monthly history
INDPRO,1948-12-01,14.2985,FRED monthly history
INDPRO,1949-01-01,14.1639,FRED monthly history
INDPRO,1949-02-01,14.0292,FRED monthly history
INDPRO,1949-03-01,13.7600,FRED monthly history
INDPRO,1949-04-01,13.6792,FRED monthly history
INDPRO,1949-05-01,13.4907,FRED monthly history
INDPRO,1949-06-01,13.4638,FRED monthly history
INDPRO,1949-07-01,13.4368,FRED monthly history
INDPRO,1949-08-01,13.5715,FRED monthly history
INDPRO,1949-09-01,13.7061,FRED monthly history
INDPRO,1949-10-01,13.1945,FRED monthly history
INDPRO,1949-11-01,13.5446,FRED monthly history
INDPRO,1949-12-01,13.7869,FRED monthly history
INDPRO,1950-01-01,14.0292,FRED monthly history
INDPRO,1950-02-01,14.0831,FRED monthly history
INDPRO,1950-03-01,14.5409,FRED monthly history
INDPRO,1950-04-01,15.0255,FRED monthly history
INDPRO,1950-05-01,15.3756,FRED monthly history
INDPRO,1950-06-01,15.8334,FRED monthly history
INDPRO,1950-07-01,16.3450,FRED monthly history
INDPRO,1950-08-01,16.8566,FRED monthly history
INDPRO,1950-09-01,16.7489,FRED monthly history
INDPRO,1950-10-01,16.8566,FRED monthly history
INDPRO,1950-11-01,16.8297,FRED monthly history
INDPRO,1950-12-01,17.1259,FRED monthly history
INDPRO,1951-01-01,17.1797,FRED monthly history
INDPRO,1951-02-01,17.2875,FRED monthly history
INDPRO,1951-03-01,17.3682,FRED monthly history
INDPRO,1951-04-01,17.3952,FRED monthly history
INDPRO,1951-05-01,17.3413,FRED monthly history
INDPRO,1951-06-01,17.2605,FRED monthly history
INDPRO,1951-07-01,16.9913,FRED monthly history
INDPRO,1951-08-01,16.8297,FRED monthly history
INDPRO,1951-09-01,16.9374,FRED monthly history
INDPRO,1951-10-01,16.9105,FRED monthly history
INDPRO,1951-11-01,17.0451,FRED monthly history
INDPRO,1951-12-01,17.1528,FRED monthly history
INDPRO,1952-01-01,17.3413,FRED monthly history
INDPRO,1952-02-01,17.4490,FRED monthly history
INDPRO,1952-03-01,17.5029,FRED monthly history
INDPRO,1952-04-01,17.3413,FRED monthly history
INDPRO,1952-05-01,17.1798,FRED monthly history
INDPRO,1952-06-01,17.0182,FRED monthly history
INDPRO,1952-07-01,16.7489,FRED monthly history
INDPRO,1952-08-01,17.8260,FRED monthly history
INDPRO,1952-09-01,18.4723,FRED monthly history
INDPRO,1952-10-01,18.6608,FRED monthly history
INDPRO,1952-11-01,19.0378,FRED monthly history
INDPRO,1952-12-01,19.1455,FRED monthly history
INDPRO,1953-01-01,19.1993,FRED monthly history
INDPRO,1953-02-01,19.3070,FRED monthly history
INDPRO,1953-03-01,19.4686,FRED monthly history
INDPRO,1953-04-01,19.5494,FRED monthly history
INDPRO,1953-05-01,19.6571,FRED monthly history
INDPRO,1953-06-01,19.5763,FRED monthly history
INDPRO,1953-07-01,19.8187,FRED monthly history
INDPRO,1953-08-01,19.7109,FRED monthly history
INDPRO,1953-09-01,19.3070,FRED monthly history
INDPRO,1953-10-01,19.1455,FRED monthly history
INDPRO,1953-11-01,18.6877,FRED monthly history
INDPRO,1953-12-01,18.2299,FRED monthly history
INDPRO,1954-01-01,18.0953,FRED monthly history
INDPRO,1954-02-01,18.1492,FRED monthly history
INDPRO,1954-03-01,18.0414,FRED monthly history
INDPRO,1954-04-01,17.9337,FRED monthly history
INDPRO,1954-05-01,18.0414,FRED monthly history
INDPRO,1954-06-01,18.0953,FRED monthly history
INDPRO,1954-07-01,18.1222,FRED monthly history
INDPRO,1954-08-01,18.0953,FRED monthly history
INDPRO,1954-09-01,18.1222,FRED monthly history
INDPRO,1954-10-01,18.3377,FRED monthly history
INDPRO,1954-11-01,18.6338,FRED monthly history
INDPRO,1954-12-01,18.8762,FRED monthly history
INDPRO,1955-01-01,19.3070,FRED monthly history
INDPRO,1955-02-01,19.5494,FRED monthly history
INDPRO,1955-03-01,20.0071,FRED monthly history
INDPRO,1955-04-01,20.2495,FRED monthly history
INDPRO,1955-05-01,20.5726,FRED monthly history
INDPRO,1955-06-01,20.5996,FRED monthly history
INDPRO,1955-07-01,20.7611,FRED monthly history
INDPRO,1955-08-01,20.7342,FRED monthly history
INDPRO,1955-09-01,20.8688,FRED monthly history
INDPRO,1955-10-01,21.2189,FRED monthly history
INDPRO,1955-11-01,21.2727,FRED monthly history
INDPRO,1955-12-01,21.3535,FRED monthly history
INDPRO,1956-01-01,21.4882,FRED monthly history
INDPRO,1956-02-01,21.2997,FRED monthly history
INDPRO,1956-03-01,21.2997,FRED monthly history
INDPRO,1956-04-01,21.4612,FRED monthly history
INDPRO,1956-05-01,21.2728,FRED monthly history
INDPRO,1956-06-01,21.0843,FRED monthly history
INDPRO,1956-07-01,20.4380,FRED monthly history
INDPRO,1956-08-01,21.2727,FRED monthly history
INDPRO,1956-09-01,21.7574,FRED monthly history
INDPRO,1956-10-01,21.9459,FRED monthly history
INDPRO,1956-11-01,21.7574,FRED monthly history
INDPRO,1956-12-01,22.0806,FRED monthly history
INDPRO,1957-01-01,21.9998,FRED monthly history
INDPRO,1957-02-01,22.2152,FRED monthly history
INDPRO,1957-03-01,22.1883,FRED monthly history
INDPRO,1957-04-01,21.8921,FRED monthly history
INDPRO,1957-05-01,21.8113,FRED monthly history
INDPRO,1957-06-01,21.8652,FRED monthly history
INDPRO,1957-07-01,21.9998,FRED monthly history
INDPRO,1957-08-01,21.9998,FRED monthly history
INDPRO,1957-09-01,21.8113,FRED monthly history
INDPRO,1957-10-01,21.4882,FRED monthly history
INDPRO,1957-11-01,20.9765,FRED monthly history
INDPRO,1957-12-01,20.5726,FRED monthly history
INDPRO,1958-01-01,20.1956,FRED monthly history
INDPRO,1958-02-01,19.7648,FRED monthly history
INDPRO,1958-03-01,19.5225,FRED monthly history
INDPRO,1958-04-01,19.1993,FRED monthly history
INDPRO,1958-05-01,19.3878,FRED monthly history
INDPRO,1958-06-01,19.8994,FRED monthly history
INDPRO,1958-07-01,20.1956,FRED monthly history
INDPRO,1958-08-01,20.5995,FRED monthly history
INDPRO,1958-09-01,20.7881,FRED monthly history
INDPRO,1958-10-01,21.0304,FRED monthly history
INDPRO,1958-11-01,21.6497,FRED monthly history
INDPRO,1958-12-01,21.6767,FRED monthly history
INDPRO,1959-01-01,21.9998,FRED monthly history
INDPRO,1959-02-01,22.4306,FRED monthly history
INDPRO,1959-03-01,22.7538,FRED monthly history
INDPRO,1959-04-01,23.2384,FRED monthly history
INDPRO,1959-05-01,23.5885,FRED monthly history
INDPRO,1959-06-01,23.6155,FRED monthly history
INDPRO,1959-07-01,23.0500,FRED monthly history
INDPRO,1959-08-01,22.2691,FRED monthly history
INDPRO,1959-09-01,22.2421,FRED monthly history
INDPRO,1959-10-01,22.0806,FRED monthly history
INDPRO,1959-11-01,22.2152,FRED monthly history
INDPRO,1959-12-01,23.5885,FRED monthly history
INDPRO,1960-01-01,24.2078,FRED monthly history
INDPRO,1960-02-01,23.9924,FRED monthly history
INDPRO,1960-03-01,23.7770,FRED monthly history
INDPRO,1960-04-01,23.5885,FRED monthly history
INDPRO,1960-05-01,23.5616,FRED monthly history
INDPRO,1960-06-01,23.2654,FRED monthly history
INDPRO,1960-07-01,23.1846,FRED monthly history
INDPRO,1960-08-01,23.1577,FRED monthly history
INDPRO,1960-09-01,22.9153,FRED monthly history
INDPRO,1960-10-01,22.8884,FRED monthly history
INDPRO,1960-11-01,22.5653,FRED monthly history
INDPRO,1960-12-01,22.1344,FRED monthly history
INDPRO,1961-01-01,22.1613,FRED monthly history
INDPRO,1961-02-01,22.1344,FRED monthly history
INDPRO,1961-03-01,22.2691,FRED monthly history
INDPRO,1961-04-01,22.7268,FRED monthly history
INDPRO,1961-05-01,23.0769,FRED monthly history
INDPRO,1961-06-01,23.4000,FRED monthly history
INDPRO,1961-07-01,23.6693,FRED monthly history
INDPRO,1961-08-01,23.8847,FRED monthly history
INDPRO,1961-09-01,23.8578,FRED monthly history
INDPRO,1961-10-01,24.3156,FRED monthly history
INDPRO,1961-11-01,24.6926,FRED monthly history
INDPRO,1961-12-01,24.9080,FRED monthly history
INDPRO,1962-01-01,24.6925,FRED monthly history
INDPRO,1962-02-01,25.0964,FRED monthly history
INDPRO,1962-03-01,25.2311,FRED monthly history
INDPRO,1962-04-01,25.2850,FRED monthly history
INDPRO,1962-05-01,25.2580,FRED monthly history
INDPRO,1962-06-01,25.2042,FRED monthly history
INDPRO,1962-07-01,25.4465,FRED monthly history
INDPRO,1962-08-01,25.4734,FRED monthly history
INDPRO,1962-09-01,25.6350,FRED monthly history
INDPRO,1962-10-01,25.6619,FRED monthly history
INDPRO,1962-11-01,25.7696,FRED monthly history
INDPRO,1962-12-01,25.7696,FRED monthly history
INDPRO,1963-01-01,25.9581,FRED monthly history
INDPRO,1963-02-01,26.2544,FRED monthly history
INDPRO,1963-03-01,26.4159,FRED monthly history
INDPRO,1963-04-01,26.6582,FRED monthly history
INDPRO,1963-05-01,26.9814,FRED monthly history
INDPRO,1963-06-01,27.0622,FRED monthly history
INDPRO,1963-07-01,26.9545,FRED monthly history
INDPRO,1963-08-01,27.0083,FRED monthly history
INDPRO,1963-09-01,27.2776,FRED monthly history
INDPRO,1963-10-01,27.4661,FRED monthly history
INDPRO,1963-11-01,27.6007,FRED monthly history
INDPRO,1963-12-01,27.5469,FRED monthly history
INDPRO,1964-01-01,27.7892,FRED monthly history
INDPRO,1964-02-01,27.9777,FRED monthly history
INDPRO,1964-03-01,27.9777,FRED monthly history
INDPRO,1964-04-01,28.4355,FRED monthly history
INDPRO,1964-05-01,28.5970,FRED monthly history
INDPRO,1964-06-01,28.6778,FRED monthly history
INDPRO,1964-07-01,28.8663,FRED monthly history
INDPRO,1964-08-01,29.0548,FRED monthly history
INDPRO,1964-09-01,29.1625,FRED monthly history
INDPRO,1964-10-01,28.7586,FRED monthly history
INDPRO,1964-11-01,29.6472,FRED monthly history
INDPRO,1964-12-01,29.9973,FRED monthly history
INDPRO,1965-01-01,30.3204,FRED monthly history
INDPRO,1965-02-01,30.5089,FRED monthly history
INDPRO,1965-03-01,30.9128,FRED monthly history
INDPRO,1965-04-01,31.0474,FRED monthly history
INDPRO,1965-05-01,31.2898,FRED monthly history
INDPRO,1965-06-01,31.5321,FRED monthly history
INDPRO,1965-07-01,31.8283,FRED monthly history
INDPRO,1965-08-01,31.9630,FRED monthly history
INDPRO,1965-09-01,32.0438,FRED monthly history
INDPRO,1965-10-01,32.3669,FRED monthly history
INDPRO,1965-11-01,32.5015,FRED monthly history
INDPRO,1965-12-01,32.9054,FRED monthly history
INDPRO,1966-01-01,33.2286,FRED monthly history
INDPRO,1966-02-01,33.4440,FRED monthly history
INDPRO,1966-03-01,33.9018,FRED monthly history
INDPRO,1966-04-01,33.9556,FRED monthly history
INDPRO,1966-05-01,34.2787,FRED monthly history
INDPRO,1966-06-01,34.4403,FRED monthly history
INDPRO,1966-07-01,34.6288,FRED monthly history
INDPRO,1966-08-01,34.6557,FRED monthly history
INDPRO,1966-09-01,34.9789,FRED monthly history
INDPRO,1966-10-01,35.2212,FRED monthly history
INDPRO,1966-11-01,34.9788,FRED monthly history
INDPRO,1966-12-01,35.0596,FRED monthly history
INDPRO,1967-01-01,35.2250,FRED monthly history
INDPRO,1967-02-01,34.8255,FRED monthly history
INDPRO,1967-03-01,34.6292,FRED monthly history
INDPRO,1967-04-01,34.9558,FRED monthly history
INDPRO,1967-05-01,34.6508,FRED monthly history
INDPRO,1967-06-01,34.6465,FRED monthly history
INDPRO,1967-07-01,34.5676,FRED monthly history
INDPRO,1967-08-01,35.2299,FRED monthly history
INDPRO,1967-09-01,35.1727,FRED monthly history
INDPRO,1967-10-01,35.4591,FRED monthly history
INDPRO,1967-11-01,35.9663,FRED monthly history
INDPRO,1967-12-01,36.3536,FRED monthly history
INDPRO,1968-01-01,36.3145,FRED monthly history
INDPRO,1968-02-01,36.4446,FRED monthly history
INDPRO,1968-03-01,36.5584,FRED monthly history
INDPRO,1968-04-01,36.6113,FRED monthly history
INDPRO,1968-05-01,37.0220,FRED monthly history
INDPRO,1968-06-01,37.1580,FRED monthly history
INDPRO,1968-07-01,37.1010,FRED monthly history
INDPRO,1968-08-01,37.2045,FRED monthly history
INDPRO,1968-09-01,37.3454,FRED monthly history
INDPRO,1968-10-01,37.4196,FRED monthly history
INDPRO,1968-11-01,37.9036,FRED monthly history
INDPRO,1968-12-01,38.0233,FRED monthly history
INDPRO,1969-01-01,38.2533,FRED monthly history
INDPRO,1969-02-01,38.4981,FRED monthly history
INDPRO,1969-03-01,38.8000,FRED monthly history
INDPRO,1969-04-01,38.6573,FRED monthly history
INDPRO,1969-05-01,38.5111,FRED monthly history
INDPRO,1969-06-01,38.8874,FRED monthly history
INDPRO,1969-07-01,39.0927,FRED monthly history
INDPRO,1969-08-01,39.1825,FRED monthly history
INDPRO,1969-09-01,39.1737,FRED monthly history
INDPRO,1969-10-01,39.1852,FRED monthly history
INDPRO,1969-11-01,38.8158,FRED monthly history
INDPRO,1969-12-01,38.7116,FRED monthly history
INDPRO,1970-01-01,37.9948,FRED monthly history
INDPRO,1970-02-01,37.9698,FRED monthly history
INDPRO,1970-03-01,37.9205,FRED monthly history
INDPRO,1970-04-01,37.8230,FRED monthly history
INDPRO,1970-05-01,37.7789,FRED monthly history
INDPRO,1970-06-01,37.6567,FRED monthly history
INDPRO,1970-07-01,37.7491,FRED monthly history
INDPRO,1970-08-01,37.6818,FRED monthly history
INDPRO,1970-09-01,37.4221,FRED monthly history
INDPRO,1970-10-01,36.6735,FRED monthly history
INDPRO,1970-11-01,36.4514,FRED monthly history
INDPRO,1970-12-01,37.2885,FRED monthly history
INDPRO,1971-01-01,37.5753,FRED monthly history
INDPRO,1971-02-01,37.5037,FRED monthly history
INDPRO,1971-03-01,37.4631,FRED monthly history
INDPRO,1971-04-01,37.6735,FRED monthly history
INDPRO,1971-05-01,37.8646,FRED monthly history
INDPRO,1971-06-01,38.0234,FRED monthly history
INDPRO,1971-07-01,37.9131,FRED monthly history
INDPRO,1971-08-01,37.6930,FRED monthly history
INDPRO,1971-09-01,38.3056,FRED monthly history
INDPRO,1971-10-01,38.5924,FRED monthly history
INDPRO,1971-11-01,38.7561,FRED monthly history
INDPRO,1971-12-01,39.2035,FRED monthly history
INDPRO,1972-01-01,40.1408,FRED monthly history
INDPRO,1972-02-01,40.5459,FRED monthly history
INDPRO,1972-03-01,40.8263,FRED monthly history
INDPRO,1972-04-01,41.2348,FRED monthly history
INDPRO,1972-05-01,41.2405,FRED monthly history
INDPRO,1972-06-01,41.3497,FRED monthly history
INDPRO,1972-07-01,41.3035,FRED monthly history
INDPRO,1972-08-01,41.8790,FRED monthly history
INDPRO,1972-09-01,42.2132,FRED monthly history
INDPRO,1972-10-01,42.7494,FRED monthly history
INDPRO,1972-11-01,43.2548,FRED monthly history
INDPRO,1972-12-01,43.7367,FRED monthly history
INDPRO,1973-01-01,44.0529,FRED monthly history
INDPRO,1973-02-01,44.6827,FRED monthly history
INDPRO,1973-03-01,44.7045,FRED monthly history
INDPRO,1973-04-01,44.6387,FRED monthly history
INDPRO,1973-05-01,44.9429,FRED monthly history
INDPRO,1973-06-01,45.0035,FRED monthly history
INDPRO,1973-07-01,45.1636,FRED monthly history
INDPRO,1973-08-01,45.1019,FRED monthly history
INDPRO,1973-09-01,45.4624,FRED monthly history
INDPRO,1973-10-01,45.8470,FRED monthly history
INDPRO,1973-11-01,46.0553,FRED monthly history
INDPRO,1973-12-01,45.9230,FRED monthly history
INDPRO,1974-01-01,45.6204,FRED monthly history
INDPRO,1974-02-01,45.4759,FRED monthly history
INDPRO,1974-03-01,45.4777,FRED monthly history
INDPRO,1974-04-01,45.3451,FRED monthly history
INDPRO,1974-05-01,45.7044,FRED monthly history
INDPRO,1974-06-01,45.6238,FRED monthly history
INDPRO,1974-07-01,45.7221,FRED monthly history
INDPRO,1974-08-01,45.2366,FRED monthly history
INDPRO,1974-09-01,45.2365,FRED monthly history
INDPRO,1974-10-01,45.1133,FRED monthly history
INDPRO,1974-11-01,43.6278,FRED monthly history
INDPRO,1974-12-01,42.0533,FRED monthly history
INDPRO,1975-01-01,41.4676,FRED monthly history
INDPRO,1975-02-01,40.5165,FRED monthly history
INDPRO,1975-03-01,40.0638,FRED monthly history
INDPRO,1975-04-01,40.1573,FRED monthly history
INDPRO,1975-05-01,40.0253,FRED monthly history
INDPRO,1975-06-01,40.2772,FRED monthly history
INDPRO,1975-07-01,40.6994,FRED monthly history
INDPRO,1975-08-01,41.0998,FRED monthly history
INDPRO,1975-09-01,41.6304,FRED monthly history
INDPRO,1975-10-01,41.8135,FRED monthly history
INDPRO,1975-11-01,41.8697,FRED monthly history
INDPRO,1975-12-01,42.4414,FRED monthly history
INDPRO,1976-01-01,43.0012,FRED monthly history
INDPRO,1976-02-01,43.4229,FRED monthly history
INDPRO,1976-03-01,43.5168,FRED monthly history
INDPRO,1976-04-01,43.7327,FRED monthly history
INDPRO,1976-05-01,43.9186,FRED monthly history
INDPRO,1976-06-01,43.9637,FRED monthly history
INDPRO,1976-07-01,44.2141,FRED monthly history
INDPRO,1976-08-01,44.5182,FRED monthly history
INDPRO,1976-09-01,44.6721,FRED monthly history
INDPRO,1976-10-01,44.6585,FRED monthly history
INDPRO,1976-11-01,45.3392,FRED monthly history
INDPRO,1976-12-01,45.8294,FRED monthly history
INDPRO,1977-01-01,45.5087,FRED monthly history
INDPRO,1977-02-01,46.2277,FRED monthly history
INDPRO,1977-03-01,46.8185,FRED monthly history
INDPRO,1977-04-01,47.2684,FRED monthly history
INDPRO,1977-05-01,47.6411,FRED monthly history
INDPRO,1977-06-01,48.0116,FRED monthly history
INDPRO,1977-07-01,48.0730,FRED monthly history
INDPRO,1977-08-01,48.1205,FRED monthly history
INDPRO,1977-09-01,48.3189,FRED monthly history
INDPRO,1977-10-01,48.3871,FRED monthly history
INDPRO,1977-11-01,48.4761,FRED monthly history
INDPRO,1977-12-01,48.5629,FRED monthly history
INDPRO,1978-01-01,47.8481,FRED monthly history
INDPRO,1978-02-01,48.1044,FRED monthly history
INDPRO,1978-03-01,49.0265,FRED monthly history
INDPRO,1978-04-01,50.0206,FRED monthly history
INDPRO,1978-05-01,50.2540,FRED monthly history
INDPRO,1978-06-01,50.5801,FRED monthly history
INDPRO,1978-07-01,50.5384,FRED monthly history
INDPRO,1978-08-01,50.7458,FRED monthly history
INDPRO,1978-09-01,50.8744,FRED monthly history
INDPRO,1978-10-01,51.2559,FRED monthly history
INDPRO,1978-11-01,51.6514,FRED monthly history
INDPRO,1978-12-01,51.9090,FRED monthly history
INDPRO,1979-01-01,51.6278,FRED monthly history
INDPRO,1979-02-01,51.8752,FRED monthly history
INDPRO,1979-03-01,52.0446,FRED monthly history
INDPRO,1979-04-01,51.4193,FRED monthly history
INDPRO,1979-05-01,51.8856,FRED monthly history
INDPRO,1979-06-01,51.8965,FRED monthly history
INDPRO,1979-07-01,51.8097,FRED monthly history
INDPRO,1979-08-01,51.4684,FRED monthly history
INDPRO,1979-09-01,51.4597,FRED monthly history
INDPRO,1979-10-01,51.8334,FRED monthly history
INDPRO,1979-11-01,51.7531,FRED monthly history
INDPRO,1979-12-01,51.7878,FRED monthly history
INDPRO,1980-01-01,52.0679,FRED monthly history
INDPRO,1980-02-01,52.0820,FRED monthly history
INDPRO,1980-03-01,51.8700,FRED monthly history
INDPRO,1980-04-01,50.8397,FRED monthly history
INDPRO,1980-05-01,49.5890,FRED monthly history
INDPRO,1980-06-01,48.9482,FRED monthly history
INDPRO,1980-07-01,48.6039,FRED monthly history
INDPRO,1980-08-01,48.7563,FRED monthly history
INDPRO,1980-09-01,49.5608,FRED monthly history
INDPRO,1980-10-01,50.1908,FRED monthly history
INDPRO,1980-11-01,51.0311,FRED monthly history
INDPRO,1980-12-01,51.3708,FRED monthly history
INDPRO,1981-01-01,51.0415,FRED monthly history
INDPRO,1981-02-01,50.8240,FRED monthly history
INDPRO,1981-03-01,51.0826,FRED monthly history
INDPRO,1981-04-01,50.8580,FRED monthly history
INDPRO,1981-05-01,51.1495,FRED monthly history
INDPRO,1981-06-01,51.4101,FRED monthly history
INDPRO,1981-07-01,51.7471,FRED monthly history
INDPRO,1981-08-01,51.6826,FRED monthly history
INDPRO,1981-09-01,51.4337,FRED monthly history
INDPRO,1981-10-01,51.0281,FRED monthly history
INDPRO,1981-11-01,50.4350,FRED monthly history
INDPRO,1981-12-01,49.8987,FRED monthly history
INDPRO,1982-01-01,48.8685,FRED monthly history
INDPRO,1982-02-01,49.8636,FRED monthly history
INDPRO,1982-03-01,49.5323,FRED monthly history
INDPRO,1982-04-01,49.0750,FRED monthly history
INDPRO,1982-05-01,48.7483,FRED monthly history
INDPRO,1982-06-01,48.6214,FRED monthly history
INDPRO,1982-07-01,48.4616,FRED monthly history
INDPRO,1982-08-01,48.0192,FRED monthly history
INDPRO,1982-09-01,47.9008,FRED monthly history
INDPRO,1982-10-01,47.4371,FRED monthly history
INDPRO,1982-11-01,47.2830,FRED monthly history
INDPRO,1982-12-01,46.9485,FRED monthly history
INDPRO,1983-01-01,47.8234,FRED monthly history
INDPRO,1983-02-01,47.5233,FRED monthly history
INDPRO,1983-03-01,47.9244,FRED monthly history
INDPRO,1983-04-01,48.5311,FRED monthly history
INDPRO,1983-05-01,48.8239,FRED monthly history
INDPRO,1983-06-01,49.1230,FRED monthly history
INDPRO,1983-07-01,49.8546,FRED monthly history
INDPRO,1983-08-01,50.4443,FRED monthly history
INDPRO,1983-09-01,51.1780,FRED monthly history
INDPRO,1983-10-01,51.5693,FRED monthly history
INDPRO,1983-11-01,51.7993,FRED monthly history
INDPRO,1983-12-01,52.0594,FRED monthly history
INDPRO,1984-01-01,53.0985,FRED monthly history
INDPRO,1984-02-01,53.3318,FRED monthly history
INDPRO,1984-03-01,53.5929,FRED monthly history
INDPRO,1984-04-01,53.9100,FRED monthly history
INDPRO,1984-05-01,54.2026,FRED monthly history
INDPRO,1984-06-01,54.4014,FRED monthly history
INDPRO,1984-07-01,54.5521,FRED monthly history
INDPRO,1984-08-01,54.6083,FRED monthly history
INDPRO,1984-09-01,54.4466,FRED monthly history
INDPRO,1984-10-01,54.4406,FRED monthly history
INDPRO,1984-11-01,54.6240,FRED monthly history
INDPRO,1984-12-01,54.6416,FRED monthly history
INDPRO,1985-01-01,54.6322,FRED monthly history
INDPRO,1985-02-01,54.7825,FRED monthly history
INDPRO,1985-03-01,54.8653,FRED monthly history
INDPRO,1985-04-01,54.7459,FRED monthly history
INDPRO,1985-05-01,54.8255,FRED monthly history
INDPRO,1985-06-01,54.7989,FRED monthly history
INDPRO,1985-07-01,54.5396,FRED monthly history
INDPRO,1985-08-01,54.7055,FRED monthly history
INDPRO,1985-09-01,54.8906,FRED monthly history
INDPRO,1985-10-01,54.7199,FRED monthly history
INDPRO,1985-11-01,54.9124,FRED monthly history
INDPRO,1985-12-01,55.4412,FRED monthly history
INDPRO,1986-01-01,55.7481,FRED monthly history
INDPRO,1986-02-01,55.3568,FRED monthly history
INDPRO,1986-03-01,54.9625,FRED monthly history
INDPRO,1986-04-01,55.0413,FRED monthly history
INDPRO,1986-05-01,55.1226,FRED monthly history
INDPRO,1986-06-01,54.9005,FRED monthly history
INDPRO,1986-07-01,55.2592,FRED monthly history
INDPRO,1986-08-01,55.1567,FRED monthly history
INDPRO,1986-09-01,55.2975,FRED monthly history
INDPRO,1986-10-01,55.5332,FRED monthly history
INDPRO,1986-11-01,55.7557,FRED monthly history
INDPRO,1986-12-01,56.2845,FRED monthly history
INDPRO,1987-01-01,56.0882,FRED monthly history
INDPRO,1987-02-01,56.8275,FRED monthly history
INDPRO,1987-03-01,56.9098,FRED monthly history
INDPRO,1987-04-01,57.2701,FRED monthly history
INDPRO,1987-05-01,57.6322,FRED monthly history
INDPRO,1987-06-01,57.9307,FRED monthly history
INDPRO,1987-07-01,58.3258,FRED monthly history
INDPRO,1987-08-01,58.7636,FRED monthly history
INDPRO,1987-09-01,58.9951,FRED monthly history
INDPRO,1987-10-01,59.7810,FRED monthly history
INDPRO,1987-11-01,60.0726,FRED monthly history
INDPRO,1987-12-01,60.4095,FRED monthly history
INDPRO,1988-01-01,60.3976,FRED monthly history
INDPRO,1988-02-01,60.7003,FRED monthly history
INDPRO,1988-03-01,60.8501,FRED monthly history
INDPRO,1988-04-01,61.2031,FRED monthly history
INDPRO,1988-05-01,61.0797,FRED monthly history
INDPRO,1988-06-01,61.2569,FRED monthly history
INDPRO,1988-07-01,61.2659,FRED monthly history
INDPRO,1988-08-01,61.5731,FRED monthly history
INDPRO,1988-09-01,61.3807,FRED monthly history
INDPRO,1988-10-01,61.6453,FRED monthly history
INDPRO,1988-11-01,61.7944,FRED monthly history
INDPRO,1988-12-01,62.0743,FRED monthly history
INDPRO,1989-01-01,62.2574,FRED monthly history
INDPRO,1989-02-01,61.9819,FRED monthly history
INDPRO,1989-03-01,62.1369,FRED monthly history
INDPRO,1989-04-01,62.1276,FRED monthly history
INDPRO,1989-05-01,61.7744,FRED monthly history
INDPRO,1989-06-01,61.7697,FRED monthly history
INDPRO,1989-07-01,61.1738,FRED monthly history
INDPRO,1989-08-01,61.7732,FRED monthly history
INDPRO,1989-09-01,61.5796,FRED monthly history
INDPRO,1989-10-01,61.4966,FRED monthly history
INDPRO,1989-11-01,61.7044,FRED monthly history
INDPRO,1989-12-01,62.0428,FRED monthly history
INDPRO,1990-01-01,61.7290,FRED monthly history
INDPRO,1990-02-01,62.2896,FRED monthly history
INDPRO,1990-03-01,62.5999,FRED monthly history
INDPRO,1990-04-01,62.4359,FRED monthly history
INDPRO,1990-05-01,62.6258,FRED monthly history
INDPRO,1990-06-01,62.8382,FRED monthly history
INDPRO,1990-07-01,62.7284,FRED monthly history
INDPRO,1990-08-01,62.9475,FRED monthly history
INDPRO,1990-09-01,62.9523,FRED monthly history
INDPRO,1990-10-01,62.5845,FRED monthly history
INDPRO,1990-11-01,61.7887,FRED monthly history
INDPRO,1990-12-01,61.3352,FRED monthly history
INDPRO,1991-01-01,61.1355,FRED monthly history
INDPRO,1991-02-01,60.6838,FRED monthly history
INDPRO,1991-03-01,60.3346,FRED monthly history
INDPRO,1991-04-01,60.4938,FRED monthly history
INDPRO,1991-05-01,61.0633,FRED monthly history
INDPRO,1991-06-01,61.5581,FRED monthly history
INDPRO,1991-07-01,61.7305,FRED monthly history
INDPRO,1991-08-01,61.7298,FRED monthly history
INDPRO,1991-09-01,62.2195,FRED monthly history
INDPRO,1991-10-01,62.1855,FRED monthly history
INDPRO,1991-11-01,62.0871,FRED monthly history
INDPRO,1991-12-01,61.7852,FRED monthly history
INDPRO,1992-01-01,61.4616,FRED monthly history
INDPRO,1992-02-01,61.8955,FRED monthly history
INDPRO,1992-03-01,62.4232,FRED monthly history
INDPRO,1992-04-01,62.8970,FRED monthly history
INDPRO,1992-05-01,63.1040,FRED monthly history
INDPRO,1992-06-01,63.1363,FRED monthly history
INDPRO,1992-07-01,63.7176,FRED monthly history
INDPRO,1992-08-01,63.3613,FRED monthly history
INDPRO,1992-09-01,63.5703,FRED monthly history
INDPRO,1992-10-01,63.9995,FRED monthly history
INDPRO,1992-11-01,64.2422,FRED monthly history
INDPRO,1992-12-01,64.3507,FRED monthly history
INDPRO,1993-01-01,64.5978,FRED monthly history
INDPRO,1993-02-01,64.9089,FRED monthly history
INDPRO,1993-03-01,64.8522,FRED monthly history
INDPRO,1993-04-01,65.0301,FRED monthly history
INDPRO,1993-05-01,64.7840,FRED monthly history
INDPRO,1993-06-01,64.9301,FRED monthly history
INDPRO,1993-07-01,65.1052,FRED monthly history
INDPRO,1993-08-01,65.0267,FRED monthly history
INDPRO,1993-09-01,65.3717,FRED monthly history
INDPRO,1993-10-01,65.8509,FRED monthly history
INDPRO,1993-11-01,66.1518,FRED monthly history
INDPRO,1993-12-01,66.5436,FRED monthly history
INDPRO,1994-01-01,66.7351,FRED monthly history
INDPRO,1994-02-01,66.7740,FRED monthly history
INDPRO,1994-03-01,67.4552,FRED monthly history
INDPRO,1994-04-01,67.8541,FRED monthly history
INDPRO,1994-05-01,68.1663,FRED monthly history
INDPRO,1994-06-01,68.6265,FRED monthly history
INDPRO,1994-07-01,68.7178,FRED monthly history
INDPRO,1994-08-01,69.1785,FRED monthly history
INDPRO,1994-09-01,69.3961,FRED monthly history
INDPRO,1994-10-01,69.9544,FRED monthly history
INDPRO,1994-11-01,70.4326,FRED monthly history
INDPRO,1994-12-01,71.1523,FRED monthly history
INDPRO,1995-01-01,71.2734,FRED monthly history
INDPRO,1995-02-01,71.1930,FRED monthly history
INDPRO,1995-03-01,71.3113,FRED monthly history
INDPRO,1995-04-01,71.1882,FRED monthly history
INDPRO,1995-05-01,71.5378,FRED monthly history
INDPRO,1995-06-01,71.7749,FRED monthly history
INDPRO,1995-07-01,71.4748,FRED monthly history
INDPRO,1995-08-01,72.4223,FRED monthly history
INDPRO,1995-09-01,72.7144,FRED monthly history
INDPRO,1995-10-01,72.5866,FRED monthly history
INDPRO,1995-11-01,72.7779,FRED monthly history
INDPRO,1995-12-01,73.0305,FRED monthly history
INDPRO,1996-01-01,72.6125,FRED monthly history
INDPRO,1996-02-01,73.6752,FRED monthly history
INDPRO,1996-03-01,73.5850,FRED monthly history
INDPRO,1996-04-01,74.3172,FRED monthly history
INDPRO,1996-05-01,74.8726,FRED monthly history
INDPRO,1996-06-01,75.4433,FRED monthly history
INDPRO,1996-07-01,75.4549,FRED monthly history
INDPRO,1996-08-01,75.8411,FRED monthly history
INDPRO,1996-09-01,76.3158,FRED monthly history
INDPRO,1996-10-01,76.3384,FRED monthly history
INDPRO,1996-11-01,77.0397,FRED monthly history
INDPRO,1996-12-01,77.5333,FRED monthly history
INDPRO,1997-01-01,77.6562,FRED monthly history
INDPRO,1997-02-01,78.5833,FRED monthly history
INDPRO,1997-03-01,79.0820,FRED monthly history
INDPRO,1997-04-01,79.1747,FRED monthly history
INDPRO,1997-05-01,79.6133,FRED monthly history
INDPRO,1997-06-01,79.9792,FRED monthly history
INDPRO,1997-07-01,80.6624,FRED monthly history
INDPRO,1997-08-01,81.4694,FRED monthly history
INDPRO,1997-09-01,82.2156,FRED monthly history
INDPRO,1997-10-01,82.9446,FRED monthly history
INDPRO,1997-11-01,83.5978,FRED monthly history
INDPRO,1997-12-01,83.9538,FRED monthly history
INDPRO,1998-01-01,84.3218,FRED monthly history
INDPRO,1998-02-01,84.4583,FRED monthly history
INDPRO,1998-03-01,84.4880,FRED monthly history
INDPRO,1998-04-01,84.7779,FRED monthly history
INDPRO,1998-05-01,85.3367,FRED monthly history
INDPRO,1998-06-01,84.8248,FRED monthly history
INDPRO,1998-07-01,84.4986,FRED monthly history
INDPRO,1998-08-01,86.2480,FRED monthly history
INDPRO,1998-09-01,86.2021,FRED monthly history
INDPRO,1998-10-01,86.7914,FRED monthly history
INDPRO,1998-11-01,86.7256,FRED monthly history
INDPRO,1998-12-01,87.1185,FRED monthly history
INDPRO,1999-01-01,87.4949,FRED monthly history
INDPRO,1999-02-01,88.0270,FRED monthly history
INDPRO,1999-03-01,88.2267,FRED monthly history
INDPRO,1999-04-01,88.4295,FRED monthly history
INDPRO,1999-05-01,88.9886,FRED monthly history
INDPRO,1999-06-01,88.9188,FRED monthly history
INDPRO,1999-07-01,89.4333,FRED monthly history
INDPRO,1999-08-01,89.7924,FRED monthly history
INDPRO,1999-09-01,89.4299,FRED monthly history
INDPRO,1999-10-01,90.5230,FRED monthly history
INDPRO,1999-11-01,90.9618,FRED monthly history
INDPRO,1999-12-01,91.6634,FRED monthly history
INDPRO,2000-01-01,91.5380,FRED monthly history
INDPRO,2000-02-01,91.8239,FRED monthly history
INDPRO,2000-03-01,92.1504,FRED monthly history
INDPRO,2000-04-01,92.6989,FRED monthly history
INDPRO,2000-05-01,92.9499,FRED monthly history
INDPRO,2000-06-01,92.9862,FRED monthly history
INDPRO,2000-07-01,92.8048,FRED monthly history
INDPRO,2000-08-01,92.5521,FRED monthly history
INDPRO,2000-09-01,92.9792,FRED monthly history
INDPRO,2000-10-01,92.6179,FRED monthly history
INDPRO,2000-11-01,92.6438,FRED monthly history
INDPRO,2000-12-01,92.3415,FRED monthly history
INDPRO,2001-01-01,91.9020,FRED monthly history
INDPRO,2001-02-01,91.3034,FRED monthly history
INDPRO,2001-03-01,91.1162,FRED monthly history
INDPRO,2001-04-01,90.7891,FRED monthly history
INDPRO,2001-05-01,90.3555,FRED monthly history
INDPRO,2001-06-01,89.8784,FRED monthly history
INDPRO,2001-07-01,89.3028,FRED monthly history
INDPRO,2001-08-01,89.2003,FRED monthly history
INDPRO,2001-09-01,88.7485,FRED monthly history
INDPRO,2001-10-01,88.5052,FRED monthly history
INDPRO,2001-11-01,87.9700,FRED monthly history
INDPRO,2001-12-01,87.9324,FRED monthly history
INDPRO,2002-01-01,88.5176,FRED monthly history
INDPRO,2002-02-01,88.5278,FRED monthly history
INDPRO,2002-03-01,89.1686,FRED monthly history
INDPRO,2002-04-01,89.6040,FRED monthly history
INDPRO,2002-05-01,89.9640,FRED monthly history
INDPRO,2002-06-01,90.7061,FRED monthly history
INDPRO,2002-07-01,90.6769,FRED monthly history
INDPRO,2002-08-01,90.5762,FRED monthly history
INDPRO,2002-09-01,90.6531,FRED monthly history
INDPRO,2002-10-01,90.4643,FRED monthly history
INDPRO,2002-11-01,90.9711,FRED monthly history
INDPRO,2002-12-01,90.4652,FRED monthly history
INDPRO,2003-01-01,91.2361,FRED monthly history
INDPRO,2003-02-01,91.3445,FRED monthly history
INDPRO,2003-03-01,91.1044,FRED monthly history
INDPRO,2003-04-01,90.5617,FRED monthly history
INDPRO,2003-05-01,90.5370,FRED monthly history
INDPRO,2003-06-01,90.6527,FRED monthly history
INDPRO,2003-07-01,91.1185,FRED monthly history
INDPRO,2003-08-01,90.9197,FRED monthly history
INDPRO,2003-09-01,91.5059,FRED monthly history
INDPRO,2003-10-01,91.6186,FRED monthly history
INDPRO,2003-11-01,92.2329,FRED monthly history
INDPRO,2003-12-01,92.2602,FRED monthly history
INDPRO,2004-01-01,92.4006,FRED monthly history
INDPRO,2004-02-01,92.9580,FRED monthly history
INDPRO,2004-03-01,92.5861,FRED monthly history
INDPRO,2004-04-01,92.9300,FRED monthly history
INDPRO,2004-05-01,93.6013,FRED monthly history
INDPRO,2004-06-01,92.8710,FRED monthly history
INDPRO,2004-07-01,93.5649,FRED monthly history
INDPRO,2004-08-01,93.6277,FRED monthly history
INDPRO,2004-09-01,93.7467,FRED monthly history
INDPRO,2004-10-01,94.5465,FRED monthly history
INDPRO,2004-11-01,94.7813,FRED monthly history
INDPRO,2004-12-01,95.5365,FRED monthly history
INDPRO,2005-01-01,95.8801,FRED monthly history
INDPRO,2005-02-01,96.5761,FRED monthly history
INDPRO,2005-03-01,96.4456,FRED monthly history
INDPRO,2005-04-01,96.6532,FRED monthly history
INDPRO,2005-05-01,96.7402,FRED monthly history
INDPRO,2005-06-01,97.1753,FRED monthly history
INDPRO,2005-07-01,96.8676,FRED monthly history
INDPRO,2005-08-01,97.1833,FRED monthly history
INDPRO,2005-09-01,95.3005,FRED monthly history
INDPRO,2005-10-01,96.4572,FRED monthly history
INDPRO,2005-11-01,97.5414,FRED monthly history
INDPRO,2005-12-01,98.0452,FRED monthly history
INDPRO,2006-01-01,98.1999,FRED monthly history
INDPRO,2006-02-01,98.2413,FRED monthly history
INDPRO,2006-03-01,98.4628,FRED monthly history
INDPRO,2006-04-01,98.7618,FRED monthly history
INDPRO,2006-05-01,98.7869,FRED monthly history
INDPRO,2006-06-01,99.0997,FRED monthly history
INDPRO,2006-07-01,99.0489,FRED monthly history
INDPRO,2006-08-01,99.4836,FRED monthly history
INDPRO,2006-09-01,99.3183,FRED monthly history
INDPRO,2006-10-01,99.2044,FRED monthly history
INDPRO,2006-11-01,99.1627,FRED monthly history
INDPRO,2006-12-01,100.1735,FRED monthly history
INDPRO,2007-01-01,99.8346,FRED monthly history
INDPRO,2007-02-01,100.7753,FRED monthly history
INDPRO,2007-03-01,100.9547,FRED monthly history
INDPRO,2007-04-01,101.6334,FRED monthly history
INDPRO,2007-05-01,101.7306,FRED monthly history
INDPRO,2007-06-01,101.7893,FRED monthly history
INDPRO,2007-07-01,101.6672,FRED monthly history
INDPRO,2007-08-01,101.8630,FRED monthly history
INDPRO,2007-09-01,102.0894,FRED monthly history
INDPRO,2007-10-01,101.8015,FRED monthly history
INDPRO,2007-11-01,102.3446,FRED monthly history
INDPRO,2007-12-01,102.3803,FRED monthly history
INDPRO,2008-01-01,102.2448,FRED monthly history
INDPRO,2008-02-01,101.8438,FRED monthly history
INDPRO,2008-03-01,101.5336,FRED monthly history
INDPRO,2008-04-01,100.8785,FRED monthly history
INDPRO,2008-05-01,100.2674,FRED monthly history
INDPRO,2008-06-01,100.0335,FRED monthly history
INDPRO,2008-07-01,99.6760,FRED monthly history
INDPRO,2008-08-01,98.1111,FRED monthly history
INDPRO,2008-09-01,93.7895,FRED monthly history
INDPRO,2008-10-01,94.7219,FRED monthly history
INDPRO,2008-11-01,93.4715,FRED monthly history
INDPRO,2008-12-01,90.8357,FRED monthly history
INDPRO,2009-01-01,88.5700,FRED monthly history
INDPRO,2009-02-01,88.0310,FRED monthly history
INDPRO,2009-03-01,86.6528,FRED monthly history
INDPRO,2009-04-01,85.9344,FRED monthly history
INDPRO,2009-05-01,85.0665,FRED monthly history
INDPRO,2009-06-01,84.7459,FRED monthly history
INDPRO,2009-07-01,85.7027,FRED monthly history
INDPRO,2009-08-01,86.6426,FRED monthly history
INDPRO,2009-09-01,87.4063,FRED monthly history
INDPRO,2009-10-01,87.6419,FRED monthly history
INDPRO,2009-11-01,88.0221,FRED monthly history
INDPRO,2009-12-01,88.3793,FRED monthly history
INDPRO,2010-01-01,89.3426,FRED monthly history
INDPRO,2010-02-01,89.6779,FRED monthly history
INDPRO,2010-03-01,90.2928,FRED monthly history
INDPRO,2010-04-01,90.5991,FRED monthly history
INDPRO,2010-05-01,91.8230,FRED monthly history
INDPRO,2010-06-01,91.9928,FRED monthly history
INDPRO,2010-07-01,92.3421,FRED monthly history
INDPRO,2010-08-01,92.6805,FRED monthly history
INDPRO,2010-09-01,92.9537,FRED monthly history
INDPRO,2010-10-01,92.6903,FRED monthly history
INDPRO,2010-11-01,92.7709,FRED monthly history
INDPRO,2010-12-01,93.6787,FRED monthly history
INDPRO,2011-01-01,93.4814,FRED monthly history
INDPRO,2011-02-01,93.1102,FRED monthly history
INDPRO,2011-03-01,94.0788,FRED monthly history
INDPRO,2011-04-01,93.7749,FRED monthly history
INDPRO,2011-05-01,93.8880,FRED monthly history
INDPRO,2011-06-01,94.1720,FRED monthly history
INDPRO,2011-07-01,94.6360,FRED monthly history
INDPRO,2011-08-01,95.2749,FRED monthly history
INDPRO,2011-09-01,95.1961,FRED monthly history
INDPRO,2011-10-01,95.8568,FRED monthly history
INDPRO,2011-11-01,95.8485,FRED monthly history
INDPRO,2011-12-01,96.3571,FRED monthly history
INDPRO,2012-01-01,96.9318,FRED monthly history
INDPRO,2012-02-01,97.2435,FRED monthly history
INDPRO,2012-03-01,96.7400,FRED monthly history
INDPRO,2012-04-01,97.4359,FRED monthly history
INDPRO,2012-05-01,97.6609,FRED monthly history
INDPRO,2012-06-01,97.6663,FRED monthly history
INDPRO,2012-07-01,97.8713,FRED monthly history
INDPRO,2012-08-01,97.4525,FRED monthly history
INDPRO,2012-09-01,97.3810,FRED monthly history
INDPRO,2012-10-01,97.7193,FRED monthly history
INDPRO,2012-11-01,98.0777,FRED monthly history
INDPRO,2012-12-01,98.3101,FRED monthly history
INDPRO,2013-01-01,98.3342,FRED monthly history
INDPRO,2013-02-01,98.7941,FRED monthly history
INDPRO,2013-03-01,99.1921,FRED monthly history
INDPRO,2013-04-01,99.1065,FRED monthly history
INDPRO,2013-05-01,99.1839,FRED monthly history
INDPRO,2013-06-01,99.3897,FRED monthly history
INDPRO,2013-07-01,99.0814,FRED monthly history
INDPRO,2013-08-01,99.6543,FRED monthly history
INDPRO,2013-09-01,100.1610,FRED monthly history
INDPRO,2013-10-01,100.0820,FRED monthly history
INDPRO,2013-11-01,100.3158,FRED monthly history
INDPRO,2013-12-01,100.5175,FRED monthly history
INDPRO,2014-01-01,100.1599,FRED monthly history
INDPRO,2014-02-01,100.9168,FRED monthly history
INDPRO,2014-03-01,101.8942,FRED monthly history
INDPRO,2014-04-01,101.9928,FRED monthly history
INDPRO,2014-05-01,102.3836,FRED monthly history
INDPRO,2014-06-01,102.7350,FRED monthly history
INDPRO,2014-07-01,102.9632,FRED monthly history
INDPRO,2014-08-01,102.7688,FRED monthly history
INDPRO,2014-09-01,103.0641,FRED monthly history
INDPRO,2014-10-01,103.0764,FRED monthly history
INDPRO,2014-11-01,103.7126,FRED monthly history
INDPRO,2014-12-01,103.7044,FRED monthly history
INDPRO,2015-01-01,102.8905,FRED monthly history
INDPRO,2015-02-01,102.2335,FRED monthly history
INDPRO,2015-03-01,101.8914,FRED monthly history
INDPRO,2015-04-01,101.3355,FRED monthly history
INDPRO,2015-05-01,100.8883,FRED monthly history
INDPRO,2015-06-01,100.5710,FRED monthly history
INDPRO,2015-07-01,101.2228,FRED monthly history
INDPRO,2015-08-01,101.0367,FRED monthly history
INDPRO,2015-09-01,100.7547,FRED monthly history
INDPRO,2015-10-01,100.2675,FRED monthly history
INDPRO,2015-11-01,99.5298,FRED monthly history
INDPRO,2015-12-01,99.0417,FRED monthly history
INDPRO,2016-01-01,99.5607,FRED monthly history
INDPRO,2016-02-01,99.0445,FRED monthly history
INDPRO,2016-03-01,98.3096,FRED monthly history
INDPRO,2016-04-01,98.6421,FRED monthly history
INDPRO,2016-05-01,98.4184,FRED monthly history
INDPRO,2016-06-01,98.8833,FRED monthly history
INDPRO,2016-07-01,98.9992,FRED monthly history
INDPRO,2016-08-01,98.8500,FRED monthly history
INDPRO,2016-09-01,98.7457,FRED monthly history
INDPRO,2016-10-01,98.7611,FRED monthly history
INDPRO,2016-11-01,98.3491,FRED monthly history
INDPRO,2016-12-01,99.0214,FRED monthly history
INDPRO,2017-01-01,98.7611,FRED monthly history
INDPRO,2017-02-01,98.3646,FRED monthly history
INDPRO,2017-03-01,99.0137,FRED monthly history
INDPRO,2017-04-01,100.0224,FRED monthly history
INDPRO,2017-05-01,100.1408,FRED monthly history
INDPRO,2017-06-01,100.3471,FRED monthly history
INDPRO,2017-07-01,100.1068,FRED monthly history
INDPRO,2017-08-01,99.6925,FRED monthly history
INDPRO,2017-09-01,99.7954,FRED monthly history
INDPRO,2017-10-01,101.0247,FRED monthly history
INDPRO,2017-11-01,101.2664,FRED monthly history
INDPRO,2017-12-01,101.4644,FRED monthly history
INDPRO,2018-01-01,101.4625,FRED monthly history
INDPRO,2018-02-01,101.7085,FRED monthly history
INDPRO,2018-03-01,102.2067,FRED monthly history
INDPRO,2018-04-01,103.3329,FRED monthly history
INDPRO,2018-05-01,102.4024,FRED monthly history
INDPRO,2018-06-01,103.1980,FRED monthly history
INDPRO,2018-07-01,103.3646,FRED monthly history
INDPRO,2018-08-01,104.0327,FRED monthly history
INDPRO,2018-09-01,104.1004,FRED monthly history
INDPRO,2018-10-01,103.9856,FRED monthly history
INDPRO,2018-11-01,104.0681,FRED monthly history
INDPRO,2018-12-01,104.0936,FRED monthly history
INDPRO,2019-01-01,103.4021,FRED monthly history
INDPRO,2019-02-01,102.8371,FRED monthly history
INDPRO,2019-03-01,102.8757,FRED monthly history
INDPRO,2019-04-01,102.2740,FRED monthly history
INDPRO,2019-05-01,102.3920,FRED monthly history
INDPRO,2019-06-01,102.4375,FRED monthly history
INDPRO,2019-07-01,101.9408,FRED monthly history
INDPRO,2019-08-01,102.6390,FRED monthly history
INDPRO,2019-09-01,102.2917,FRED monthly history
INDPRO,2019-10-01,101.4281,FRED monthly history
INDPRO,2019-11-01,101.9372,FRED monthly history
INDPRO,2019-12-01,101.7003,FRED monthly history
INDPRO,2020-01-01,101.0338,FRED monthly history
INDPRO,2020-02-01,101.3735,FRED monthly history
INDPRO,2020-03-01,97.4078,FRED monthly history
INDPRO,2020-04-01,84.5619,FRED monthly history
INDPRO,2020-05-01,85.9604,FRED monthly history
INDPRO,2020-06-01,91.5934,FRED monthly history
INDPRO,2020-07-01,95.0256,FRED monthly history
INDPRO,2020-08-01,95.9549,FRED monthly history
INDPRO,2020-09-01,95.9669,FRED monthly history
INDPRO,2020-10-01,96.7394,FRED monthly history
INDPRO,2020-11-01,97.0816,FRED monthly history
INDPRO,2020-12-01,98.3630,FRED monthly history
INDPRO,2021-01-01,98.8822,FRED monthly history
INDPRO,2021-02-01,95.6149,FRED monthly history
INDPRO,2021-03-01,98.3856,FRED monthly history
INDPRO,2021-04-01,98.5587,FRED monthly history
INDPRO,2021-05-01,99.4333,FRED monthly history
INDPRO,2021-06-01,99.7987,FRED monthly history
INDPRO,2021-07-01,100.2519,FRED monthly history
INDPRO,2021-08-01,100.0437,FRED monthly history
INDPRO,2021-09-01,98.8579,FRED monthly history
INDPRO,2021-10-01,100.1861,FRED monthly history
INDPRO,2021-11-01,100.8654,FRED monthly history
INDPRO,2021-12-01,100.5726,FRED monthly history
INDPRO,2022-01-01,100.1856,FRED monthly history
INDPRO,2022-02-01,100.8064,FRED monthly history
INDPRO,2022-03-01,101.3907,FRED monthly history
INDPRO,2022-04-01,101.4400,FRED monthly history
INDPRO,2022-05-01,101.3335,FRED monthly history
INDPRO,2022-06-01,101.0180,FRED monthly history
INDPRO,2022-07-01,101.2230,FRED monthly history
INDPRO,2022-08-01,101.0963,FRED monthly history
INDPRO,2022-09-01,101.2918,FRED monthly history
INDPRO,2022-10-01,101.2529,FRED monthly history
INDPRO,2022-11-01,100.9552,FRED monthly history
INDPRO,2022-12-01,99.7664,FRED monthly history
INDPRO,2023-01-01,100.5050,FRED monthly history
INDPRO,2023-02-01,100.6416,FRED monthly history
INDPRO,2023-03-01,101.0205,FRED monthly history
INDPRO,2023-04-01,101.2530,FRED monthly history
INDPRO,2023-05-01,100.9286,FRED monthly history
INDPRO,2023-06-01,100.1196,FRED monthly history
INDPRO,2023-07-01,100.9067,FRED monthly history
INDPRO,2023-08-01,100.8393,FRED monthly history
INDPRO,2023-09-01,101.0211,FRED monthly history
INDPRO,2023-10-01,100.4689,FRED monthly history
INDPRO,2023-11-01,100.8639,FRED monthly history
INDPRO,2023-12-01,100.6031,FRED monthly history
INDPRO,2024-01-01,99.2223,FRED monthly history
INDPRO,2024-02-01,100.2850,FRED monthly history
INDPRO,2024-03-01,100.4575,FRED monthly history
INDPRO,2024-04-01,100.2434,FRED monthly history
INDPRO,2024-05-01,100.8630,FRED monthly history
INDPRO,2024-06-01,100.8940,FRED monthly history
INDPRO,2024-07-01,99.9757,FRED monthly history
INDPRO,2024-08-01,100.4309,FRED monthly history
INDPRO,2024-09-01,99.8084,FRED monthly history
INDPRO,2024-10-01,99.4695,FRED monthly history
INDPRO,2024-11-01,99.2925,FRED monthly history
INDPRO,2024-12-01,100.3273,FRED monthly history
INDPRO,2025-01-01,100.0647,FRED monthly history
INDPRO,2025-02-01,101.0993,FRED monthly history
INDPRO,2025-03-01,101.0404,FRED monthly history
INDPRO,2025-04-01,101.1279,FRED monthly history
INDPRO,2025-05-01,100.9655,FRED monthly history
INDPRO,2025-06-01,101.4785,FRED monthly history
INDPRO,2025-07-01,101.8940,FRED monthly history
INDPRO,2025-08-01,101.6247,FRED monthly history
INDPRO,2025-09-01,101.6680,FRED monthly history
INDPRO,2025-10-01,101.2195,FRED monthly history
INDPRO,2025-11-01,101.0344,FRED monthly history
INDPRO,2025-12-01,101.5203,FRED monthly history
INDPRO,2026-01-01,101.4737,FRED monthly history
INDPRO,2026-02-01,102.1009,FRED monthly history
INDPRO,2026-03-01,101.8060,FRED monthly history
INDPRO,2026-04-01,102.4963,FRED monthly history
RSAFS,1992-01-01,159177,FRED monthly history
RSAFS,1992-02-01,159189,FRED monthly history
RSAFS,1992-03-01,158647,FRED monthly history
RSAFS,1992-04-01,159921,FRED monthly history
RSAFS,1992-05-01,160471,FRED monthly history
RSAFS,1992-06-01,161205,FRED monthly history
RSAFS,1992-07-01,162855,FRED monthly history
RSAFS,1992-08-01,162412,FRED monthly history
RSAFS,1992-09-01,164361,FRED monthly history
RSAFS,1992-10-01,166063,FRED monthly history
RSAFS,1992-11-01,166124,FRED monthly history
RSAFS,1992-12-01,167691,FRED monthly history
RSAFS,1993-01-01,169500,FRED monthly history
RSAFS,1993-02-01,168840,FRED monthly history
RSAFS,1993-03-01,167682,FRED monthly history
RSAFS,1993-04-01,172102,FRED monthly history
RSAFS,1993-05-01,172960,FRED monthly history
RSAFS,1993-06-01,173018,FRED monthly history
RSAFS,1993-07-01,175822,FRED monthly history
RSAFS,1993-08-01,175233,FRED monthly history
RSAFS,1993-09-01,176608,FRED monthly history
RSAFS,1993-10-01,177588,FRED monthly history
RSAFS,1993-11-01,179758,FRED monthly history
RSAFS,1993-12-01,181077,FRED monthly history
RSAFS,1994-01-01,179615,FRED monthly history
RSAFS,1994-02-01,183101,FRED monthly history
RSAFS,1994-03-01,186721,FRED monthly history
RSAFS,1994-04-01,186423,FRED monthly history
RSAFS,1994-05-01,185616,FRED monthly history
RSAFS,1994-06-01,187800,FRED monthly history
RSAFS,1994-07-01,188062,FRED monthly history
RSAFS,1994-08-01,190771,FRED monthly history
RSAFS,1994-09-01,192585,FRED monthly history
RSAFS,1994-10-01,193914,FRED monthly history
RSAFS,1994-11-01,194425,FRED monthly history
RSAFS,1994-12-01,194939,FRED monthly history
RSAFS,1995-01-01,195908,FRED monthly history
RSAFS,1995-02-01,193068,FRED monthly history
RSAFS,1995-03-01,195179,FRED monthly history
RSAFS,1995-04-01,195310,FRED monthly history
RSAFS,1995-05-01,198060,FRED monthly history
RSAFS,1995-06-01,200383,FRED monthly history
RSAFS,1995-07-01,199110,FRED monthly history
RSAFS,1995-08-01,201078,FRED monthly history
RSAFS,1995-09-01,201337,FRED monthly history
RSAFS,1995-10-01,200597,FRED monthly history
RSAFS,1995-11-01,203545,FRED monthly history
RSAFS,1995-12-01,204032,FRED monthly history
RSAFS,1996-01-01,203793,FRED monthly history
RSAFS,1996-02-01,206875,FRED monthly history
RSAFS,1996-03-01,207650,FRED monthly history
RSAFS,1996-04-01,209294,FRED monthly history
RSAFS,1996-05-01,211157,FRED monthly history
RSAFS,1996-06-01,209474,FRED monthly history
RSAFS,1996-07-01,210827,FRED monthly history
RSAFS,1996-08-01,210846,FRED monthly history
RSAFS,1996-09-01,213233,FRED monthly history
RSAFS,1996-10-01,215526,FRED monthly history
RSAFS,1996-11-01,215167,FRED monthly history
RSAFS,1996-12-01,215690,FRED monthly history
RSAFS,1997-01-01,218124,FRED monthly history
RSAFS,1997-02-01,219587,FRED monthly history
RSAFS,1997-03-01,221189,FRED monthly history
RSAFS,1997-04-01,217925,FRED monthly history
RSAFS,1997-05-01,217771,FRED monthly history
RSAFS,1997-06-01,220233,FRED monthly history
RSAFS,1997-07-01,222985,FRED monthly history
RSAFS,1997-08-01,223120,FRED monthly history
RSAFS,1997-09-01,224509,FRED monthly history
RSAFS,1997-10-01,224300,FRED monthly history
RSAFS,1997-11-01,223718,FRED monthly history
RSAFS,1997-12-01,225236,FRED monthly history
RSAFS,1998-01-01,225954,FRED monthly history
RSAFS,1998-02-01,225746,FRED monthly history
RSAFS,1998-03-01,226889,FRED monthly history
RSAFS,1998-04-01,230409,FRED monthly history
RSAFS,1998-05-01,230995,FRED monthly history
RSAFS,1998-06-01,233207,FRED monthly history
RSAFS,1998-07-01,231551,FRED monthly history
RSAFS,1998-08-01,229792,FRED monthly history
RSAFS,1998-09-01,232308,FRED monthly history
RSAFS,1998-10-01,236174,FRED monthly history
RSAFS,1998-11-01,237592,FRED monthly history
RSAFS,1998-12-01,240140,FRED monthly history
RSAFS,1999-01-01,240269,FRED monthly history
RSAFS,1999-02-01,243346,FRED monthly history
RSAFS,1999-03-01,244687,FRED monthly history
RSAFS,1999-04-01,246628,FRED monthly history
RSAFS,1999-05-01,248367,FRED monthly history
RSAFS,1999-06-01,249329,FRED monthly history
RSAFS,1999-07-01,251263,FRED monthly history
RSAFS,1999-08-01,253844,FRED monthly history
RSAFS,1999-09-01,255029,FRED monthly history
RSAFS,1999-10-01,254816,FRED monthly history
RSAFS,1999-11-01,258133,FRED monthly history
RSAFS,1999-12-01,263311,FRED monthly history
RSAFS,2000-01-01,261545,FRED monthly history
RSAFS,2000-02-01,265686,FRED monthly history
RSAFS,2000-03-01,269019,FRED monthly history
RSAFS,2000-04-01,264067,FRED monthly history
RSAFS,2000-05-01,265992,FRED monthly history
RSAFS,2000-06-01,267750,FRED monthly history
RSAFS,2000-07-01,265683,FRED monthly history
RSAFS,2000-08-01,266885,FRED monthly history
RSAFS,2000-09-01,270523,FRED monthly history
RSAFS,2000-10-01,270339,FRED monthly history
RSAFS,2000-11-01,268850,FRED monthly history
RSAFS,2000-12-01,268338,FRED monthly history
RSAFS,2001-01-01,272881,FRED monthly history
RSAFS,2001-02-01,272627,FRED monthly history
RSAFS,2001-03-01,269820,FRED monthly history
RSAFS,2001-04-01,274410,FRED monthly history
RSAFS,2001-05-01,275769,FRED monthly history
RSAFS,2001-06-01,274474,FRED monthly history
RSAFS,2001-07-01,273098,FRED monthly history
RSAFS,2001-08-01,275659,FRED monthly history
RSAFS,2001-09-01,268652,FRED monthly history
RSAFS,2001-10-01,288632,FRED monthly history
RSAFS,2001-11-01,280033,FRED monthly history
RSAFS,2001-12-01,276302,FRED monthly history
RSAFS,2002-01-01,277135,FRED monthly history
RSAFS,2002-02-01,278869,FRED monthly history
RSAFS,2002-03-01,278079,FRED monthly history
RSAFS,2002-04-01,281147,FRED monthly history
RSAFS,2002-05-01,278966,FRED monthly history
RSAFS,2002-06-01,280426,FRED monthly history
RSAFS,2002-07-01,284161,FRED monthly history
RSAFS,2002-08-01,285884,FRED monthly history
RSAFS,2002-09-01,281064,FRED monthly history
RSAFS,2002-10-01,282940,FRED monthly history
RSAFS,2002-11-01,283408,FRED monthly history
RSAFS,2002-12-01,286646,FRED monthly history
RSAFS,2003-01-01,288657,FRED monthly history
RSAFS,2003-02-01,284696,FRED monthly history
RSAFS,2003-03-01,288177,FRED monthly history
RSAFS,2003-04-01,289053,FRED monthly history
RSAFS,2003-05-01,289619,FRED monthly history
RSAFS,2003-06-01,293671,FRED monthly history
RSAFS,2003-07-01,296207,FRED monthly history
RSAFS,2003-08-01,299592,FRED monthly history
RSAFS,2003-09-01,298921,FRED monthly history
RSAFS,2003-10-01,298205,FRED monthly history
RSAFS,2003-11-01,299433,FRED monthly history
RSAFS,2003-12-01,300702,FRED monthly history
RSAFS,2004-01-01,301993,FRED monthly history
RSAFS,2004-02-01,303915,FRED monthly history
RSAFS,2004-03-01,309471,FRED monthly history
RSAFS,2004-04-01,307358,FRED monthly history
RSAFS,2004-05-01,311088,FRED monthly history
RSAFS,2004-06-01,309127,FRED monthly history
RSAFS,2004-07-01,311681,FRED monthly history
RSAFS,2004-08-01,311192,FRED monthly history
RSAFS,2004-09-01,317446,FRED monthly history
RSAFS,2004-10-01,318476,FRED monthly history
RSAFS,2004-11-01,320520,FRED monthly history
RSAFS,2004-12-01,324672,FRED monthly history
RSAFS,2005-01-01,321272,FRED monthly history
RSAFS,2005-02-01,325308,FRED monthly history
RSAFS,2005-03-01,326179,FRED monthly history
RSAFS,2005-04-01,329124,FRED monthly history
RSAFS,2005-05-01,327233,FRED monthly history
RSAFS,2005-06-01,337219,FRED monthly history
RSAFS,2005-07-01,339529,FRED monthly history
RSAFS,2005-08-01,335605,FRED monthly history
RSAFS,2005-09-01,336600,FRED monthly history
RSAFS,2005-10-01,336753,FRED monthly history
RSAFS,2005-11-01,339719,FRED monthly history
RSAFS,2005-12-01,339895,FRED monthly history
RSAFS,2006-01-01,349664,FRED monthly history
RSAFS,2006-02-01,347021,FRED monthly history
RSAFS,2006-03-01,348357,FRED monthly history
RSAFS,2006-04-01,350072,FRED monthly history
RSAFS,2006-05-01,348889,FRED monthly history
RSAFS,2006-06-01,350795,FRED monthly history
RSAFS,2006-07-01,351916,FRED monthly history
RSAFS,2006-08-01,353285,FRED monthly history
RSAFS,2006-09-01,351240,FRED monthly history
RSAFS,2006-10-01,351035,FRED monthly history
RSAFS,2006-11-01,352116,FRED monthly history
RSAFS,2006-12-01,356367,FRED monthly history
RSAFS,2007-01-01,355792,FRED monthly history
RSAFS,2007-02-01,356545,FRED monthly history
RSAFS,2007-03-01,359415,FRED monthly history
RSAFS,2007-04-01,358562,FRED monthly history
RSAFS,2007-05-01,363085,FRED monthly history
RSAFS,2007-06-01,360234,FRED monthly history
RSAFS,2007-07-01,361770,FRED monthly history
RSAFS,2007-08-01,363676,FRED monthly history
RSAFS,2007-09-01,365178,FRED monthly history
RSAFS,2007-10-01,367322,FRED monthly history
RSAFS,2007-11-01,370776,FRED monthly history
RSAFS,2007-12-01,366569,FRED monthly history
RSAFS,2008-01-01,367368,FRED monthly history
RSAFS,2008-02-01,364126,FRED monthly history
RSAFS,2008-03-01,365164,FRED monthly history
RSAFS,2008-04-01,364816,FRED monthly history
RSAFS,2008-05-01,368255,FRED monthly history
RSAFS,2008-06-01,368926,FRED monthly history
RSAFS,2008-07-01,367594,FRED monthly history
RSAFS,2008-08-01,364611,FRED monthly history
RSAFS,2008-09-01,358991,FRED monthly history
RSAFS,2008-10-01,346137,FRED monthly history
RSAFS,2008-11-01,332498,FRED monthly history
RSAFS,2008-12-01,324767,FRED monthly history
RSAFS,2009-01-01,329787,FRED monthly history
RSAFS,2009-02-01,328376,FRED monthly history
RSAFS,2009-03-01,322634,FRED monthly history
RSAFS,2009-04-01,324323,FRED monthly history
RSAFS,2009-05-01,327011,FRED monthly history
RSAFS,2009-06-01,332227,FRED monthly history
RSAFS,2009-07-01,333670,FRED monthly history
RSAFS,2009-08-01,339586,FRED monthly history
RSAFS,2009-09-01,330998,FRED monthly history
RSAFS,2009-10-01,334595,FRED monthly history
RSAFS,2009-11-01,337321,FRED monthly history
RSAFS,2009-12-01,338736,FRED monthly history
RSAFS,2010-01-01,339093,FRED monthly history
RSAFS,2010-02-01,339580,FRED monthly history
RSAFS,2010-03-01,346974,FRED monthly history
RSAFS,2010-04-01,349869,FRED monthly history
RSAFS,2010-05-01,346858,FRED monthly history
RSAFS,2010-06-01,346516,FRED monthly history
RSAFS,2010-07-01,347612,FRED monthly history
RSAFS,2010-08-01,349188,FRED monthly history
RSAFS,2010-09-01,352179,FRED monthly history
RSAFS,2010-10-01,356215,FRED monthly history
RSAFS,2010-11-01,359450,FRED monthly history
RSAFS,2010-12-01,361979,FRED monthly history
RSAFS,2011-01-01,364394,FRED monthly history
RSAFS,2011-02-01,367475,FRED monthly history
RSAFS,2011-03-01,370775,FRED monthly history
RSAFS,2011-04-01,372820,FRED monthly history
RSAFS,2011-05-01,372505,FRED monthly history
RSAFS,2011-06-01,375587,FRED monthly history
RSAFS,2011-07-01,375442,FRED monthly history
RSAFS,2011-08-01,375860,FRED monthly history
RSAFS,2011-09-01,380042,FRED monthly history
RSAFS,2011-10-01,382207,FRED monthly history
RSAFS,2011-11-01,383422,FRED monthly history
RSAFS,2011-12-01,383985,FRED monthly history
RSAFS,2012-01-01,387531,FRED monthly history
RSAFS,2012-02-01,392310,FRED monthly history
RSAFS,2012-03-01,393698,FRED monthly history
RSAFS,2012-04-01,392073,FRED monthly history
RSAFS,2012-05-01,391376,FRED monthly history
RSAFS,2012-06-01,387901,FRED monthly history
RSAFS,2012-07-01,389686,FRED monthly history
RSAFS,2012-08-01,394524,FRED monthly history
RSAFS,2012-09-01,397681,FRED monthly history
RSAFS,2012-10-01,397494,FRED monthly history
RSAFS,2012-11-01,399708,FRED monthly history
RSAFS,2012-12-01,401093,FRED monthly history
RSAFS,2013-01-01,404434,FRED monthly history
RSAFS,2013-02-01,409118,FRED monthly history
RSAFS,2013-03-01,406223,FRED monthly history
RSAFS,2013-04-01,404231,FRED monthly history
RSAFS,2013-05-01,406677,FRED monthly history
RSAFS,2013-06-01,407921,FRED monthly history
RSAFS,2013-07-01,410268,FRED monthly history
RSAFS,2013-08-01,409691,FRED monthly history
RSAFS,2013-09-01,410044,FRED monthly history
RSAFS,2013-10-01,411399,FRED monthly history
RSAFS,2013-11-01,412561,FRED monthly history
RSAFS,2013-12-01,414812,FRED monthly history
RSAFS,2014-01-01,411561,FRED monthly history
RSAFS,2014-02-01,416736,FRED monthly history
RSAFS,2014-03-01,421230,FRED monthly history
RSAFS,2014-04-01,425546,FRED monthly history
RSAFS,2014-05-01,426253,FRED monthly history
RSAFS,2014-06-01,427305,FRED monthly history
RSAFS,2014-07-01,428079,FRED monthly history
RSAFS,2014-08-01,431379,FRED monthly history
RSAFS,2014-09-01,430189,FRED monthly history
RSAFS,2014-10-01,431903,FRED monthly history
RSAFS,2014-11-01,433113,FRED monthly history
RSAFS,2014-12-01,430110,FRED monthly history
RSAFS,2015-01-01,428208,FRED monthly history
RSAFS,2015-02-01,427119,FRED monthly history
RSAFS,2015-03-01,433647,FRED monthly history
RSAFS,2015-04-01,434470,FRED monthly history
RSAFS,2015-05-01,437865,FRED monthly history
RSAFS,2015-06-01,437951,FRED monthly history
RSAFS,2015-07-01,441942,FRED monthly history
RSAFS,2015-08-01,441849,FRED monthly history
RSAFS,2015-09-01,439867,FRED monthly history
RSAFS,2015-10-01,438693,FRED monthly history
RSAFS,2015-11-01,440303,FRED monthly history
RSAFS,2015-12-01,442149,FRED monthly history
RSAFS,2016-01-01,439466,FRED monthly history
RSAFS,2016-02-01,443117,FRED monthly history
RSAFS,2016-03-01,441856,FRED monthly history
RSAFS,2016-04-01,444254,FRED monthly history
RSAFS,2016-05-01,445490,FRED monthly history
RSAFS,2016-06-01,450237,FRED monthly history
RSAFS,2016-07-01,449789,FRED monthly history
RSAFS,2016-08-01,449946,FRED monthly history
RSAFS,2016-09-01,453056,FRED monthly history
RSAFS,2016-10-01,453847,FRED monthly history
RSAFS,2016-11-01,453892,FRED monthly history
RSAFS,2016-12-01,459305,FRED monthly history
RSAFS,2017-01-01,464412,FRED monthly history
RSAFS,2017-02-01,464284,FRED monthly history
RSAFS,2017-03-01,463674,FRED monthly history
RSAFS,2017-04-01,465276,FRED monthly history
RSAFS,2017-05-01,462754,FRED monthly history
RSAFS,2017-06-01,465130,FRED monthly history
RSAFS,2017-07-01,465089,FRED monthly history
RSAFS,2017-08-01,466020,FRED monthly history
RSAFS,2017-09-01,475724,FRED monthly history
RSAFS,2017-10-01,476107,FRED monthly history
RSAFS,2017-11-01,480949,FRED monthly history
RSAFS,2017-12-01,483586,FRED monthly history
RSAFS,2018-01-01,481414,FRED monthly history
RSAFS,2018-02-01,484031,FRED monthly history
RSAFS,2018-03-01,484110,FRED monthly history
RSAFS,2018-04-01,484154,FRED monthly history
RSAFS,2018-05-01,491960,FRED monthly history
RSAFS,2018-06-01,490228,FRED monthly history
RSAFS,2018-07-01,493142,FRED monthly history
RSAFS,2018-08-01,493445,FRED monthly history
RSAFS,2018-09-01,491507,FRED monthly history
RSAFS,2018-10-01,496416,FRED monthly history
RSAFS,2018-11-01,498854,FRED monthly history
RSAFS,2018-12-01,489113,FRED monthly history
RSAFS,2019-01-01,490440,FRED monthly history
RSAFS,2019-02-01,491751,FRED monthly history
RSAFS,2019-03-01,499292,FRED monthly history
RSAFS,2019-04-01,499343,FRED monthly history
RSAFS,2019-05-01,504741,FRED monthly history
RSAFS,2019-06-01,505251,FRED monthly history
RSAFS,2019-07-01,509091,FRED monthly history
RSAFS,2019-08-01,512561,FRED monthly history
RSAFS,2019-09-01,509282,FRED monthly history
RSAFS,2019-10-01,510648,FRED monthly history
RSAFS,2019-11-01,514215,FRED monthly history
RSAFS,2019-12-01,515866,FRED monthly history
RSAFS,2020-01-01,515119,FRED monthly history
RSAFS,2020-02-01,515330,FRED monthly history
RSAFS,2020-03-01,468324,FRED monthly history
RSAFS,2020-04-01,401028,FRED monthly history
RSAFS,2020-05-01,478449,FRED monthly history
RSAFS,2020-06-01,518038,FRED monthly history
RSAFS,2020-07-01,526304,FRED monthly history
RSAFS,2020-08-01,530735,FRED monthly history
RSAFS,2020-09-01,541302,FRED monthly history
RSAFS,2020-10-01,539114,FRED monthly history
RSAFS,2020-11-01,533941,FRED monthly history
RSAFS,2020-12-01,538548,FRED monthly history
RSAFS,2021-01-01,559230,FRED monthly history
RSAFS,2021-02-01,544891,FRED monthly history
RSAFS,2021-03-01,603581,FRED monthly history
RSAFS,2021-04-01,608961,FRED monthly history
RSAFS,2021-05-01,605282,FRED monthly history
RSAFS,2021-06-01,611950,FRED monthly history
RSAFS,2021-07-01,601817,FRED monthly history
RSAFS,2021-08-01,605533,FRED monthly history
RSAFS,2021-09-01,609671,FRED monthly history
RSAFS,2021-10-01,618573,FRED monthly history
RSAFS,2021-11-01,624874,FRED monthly history
RSAFS,2021-12-01,619938,FRED monthly history
RSAFS,2022-01-01,631509,FRED monthly history
RSAFS,2022-02-01,638101,FRED monthly history
RSAFS,2022-03-01,651027,FRED monthly history
RSAFS,2022-04-01,660194,FRED monthly history
RSAFS,2022-05-01,659847,FRED monthly history
RSAFS,2022-06-01,666113,FRED monthly history
RSAFS,2022-07-01,659550,FRED monthly history
RSAFS,2022-08-01,663566,FRED monthly history
RSAFS,2022-09-01,661854,FRED monthly history
RSAFS,2022-10-01,668671,FRED monthly history
RSAFS,2022-11-01,659458,FRED monthly history
RSAFS,2022-12-01,651763,FRED monthly history
RSAFS,2023-01-01,680253,FRED monthly history
RSAFS,2023-02-01,672152,FRED monthly history
RSAFS,2023-03-01,665071,FRED monthly history
RSAFS,2023-04-01,670494,FRED monthly history
RSAFS,2023-05-01,673902,FRED monthly history
RSAFS,2023-06-01,677117,FRED monthly history
RSAFS,2023-07-01,678424,FRED monthly history
RSAFS,2023-08-01,684755,FRED monthly history
RSAFS,2023-09-01,689403,FRED monthly history
RSAFS,2023-10-01,686148,FRED monthly history
RSAFS,2023-11-01,685328,FRED monthly history
RSAFS,2023-12-01,686277,FRED monthly history
RSAFS,2024-01-01,680456,FRED monthly history
RSAFS,2024-02-01,685280,FRED monthly history
RSAFS,2024-03-01,687641,FRED monthly history
RSAFS,2024-04-01,687602,FRED monthly history
RSAFS,2024-05-01,692774,FRED monthly history
RSAFS,2024-06-01,692449,FRED monthly history
RSAFS,2024-07-01,698835,FRED monthly history
RSAFS,2024-08-01,697039,FRED monthly history
RSAFS,2024-09-01,703055,FRED monthly history
RSAFS,2024-10-01,708290,FRED monthly history
RSAFS,2024-11-01,711853,FRED monthly history
RSAFS,2024-12-01,717265,FRED monthly history
RSAFS,2025-01-01,711260,FRED monthly history
RSAFS,2025-02-01,711575,FRED monthly history
RSAFS,2025-03-01,723339,FRED monthly history
RSAFS,2025-04-01,721903,FRED monthly history
RSAFS,2025-05-01,716101,FRED monthly history
RSAFS,2025-06-01,723033,FRED monthly history
RSAFS,2025-07-01,727727,FRED monthly history
RSAFS,2025-08-01,731700,FRED monthly history
RSAFS,2025-09-01,732192,FRED monthly history
RSAFS,2025-10-01,731051,FRED monthly history
RSAFS,2025-11-01,734718,FRED monthly history
RSAFS,2025-12-01,734717,FRED monthly history
RSAFS,2026-01-01,734503,FRED monthly history
RSAFS,2026-02-01,741278,FRED monthly history
RSAFS,2026-03-01,753370,FRED monthly history
RSAFS,2026-04-01,757085,FRED monthly history
PCEPI,1959-01-01,15.164,FRED monthly history
PCEPI,1959-02-01,15.179,FRED monthly history
PCEPI,1959-03-01,15.189,FRED monthly history
PCEPI,1959-04-01,15.219,FRED monthly history
PCEPI,1959-05-01,15.227,FRED monthly history
PCEPI,1959-06-01,15.271,FRED monthly history
PCEPI,1959-07-01,15.303,FRED monthly history
PCEPI,1959-08-01,15.325,FRED monthly history
PCEPI,1959-09-01,15.365,FRED monthly history
PCEPI,1959-10-01,15.402,FRED monthly history
PCEPI,1959-11-01,15.412,FRED monthly history
PCEPI,1959-12-01,15.430,FRED monthly history
PCEPI,1960-01-01,15.421,FRED monthly history
PCEPI,1960-02-01,15.437,FRED monthly history
PCEPI,1960-03-01,15.446,FRED monthly history
PCEPI,1960-04-01,15.502,FRED monthly history
PCEPI,1960-05-01,15.518,FRED monthly history
PCEPI,1960-06-01,15.525,FRED monthly history
PCEPI,1960-07-01,15.553,FRED monthly history
PCEPI,1960-08-01,15.579,FRED monthly history
PCEPI,1960-09-01,15.588,FRED monthly history
PCEPI,1960-10-01,15.606,FRED monthly history
PCEPI,1960-11-01,15.659,FRED monthly history
PCEPI,1960-12-01,15.662,FRED monthly history
PCEPI,1961-01-01,15.665,FRED monthly history
PCEPI,1961-02-01,15.679,FRED monthly history
PCEPI,1961-03-01,15.670,FRED monthly history
PCEPI,1961-04-01,15.661,FRED monthly history
PCEPI,1961-05-01,15.670,FRED monthly history
PCEPI,1961-06-01,15.677,FRED monthly history
PCEPI,1961-07-01,15.711,FRED monthly history
PCEPI,1961-08-01,15.724,FRED monthly history
PCEPI,1961-09-01,15.742,FRED monthly history
PCEPI,1961-10-01,15.741,FRED monthly history
PCEPI,1961-11-01,15.742,FRED monthly history
PCEPI,1961-12-01,15.746,FRED monthly history
PCEPI,1962-01-01,15.776,FRED monthly history
PCEPI,1962-02-01,15.818,FRED monthly history
PCEPI,1962-03-01,15.839,FRED monthly history
PCEPI,1962-04-01,15.857,FRED monthly history
PCEPI,1962-05-01,15.867,FRED monthly history
PCEPI,1962-06-01,15.877,FRED monthly history
PCEPI,1962-07-01,15.868,FRED monthly history
PCEPI,1962-08-01,15.891,FRED monthly history
PCEPI,1962-09-01,15.969,FRED monthly history
PCEPI,1962-10-01,15.953,FRED monthly history
PCEPI,1962-11-01,15.964,FRED monthly history
PCEPI,1962-12-01,15.958,FRED monthly history
PCEPI,1963-01-01,15.997,FRED monthly history
PCEPI,1963-02-01,16.014,FRED monthly history
PCEPI,1963-03-01,16.001,FRED monthly history
PCEPI,1963-04-01,16.000,FRED monthly history
PCEPI,1963-05-01,16.026,FRED monthly history
PCEPI,1963-06-01,16.061,FRED monthly history
PCEPI,1963-07-01,16.093,FRED monthly history
PCEPI,1963-08-01,16.115,FRED monthly history
PCEPI,1963-09-01,16.112,FRED monthly history
PCEPI,1963-10-01,16.143,FRED monthly history
PCEPI,1963-11-01,16.166,FRED monthly history
PCEPI,1963-12-01,16.190,FRED monthly history
PCEPI,1964-01-01,16.224,FRED monthly history
PCEPI,1964-02-01,16.247,FRED monthly history
PCEPI,1964-03-01,16.257,FRED monthly history
PCEPI,1964-04-01,16.269,FRED monthly history
PCEPI,1964-05-01,16.271,FRED monthly history
PCEPI,1964-06-01,16.294,FRED monthly history
PCEPI,1964-07-01,16.315,FRED monthly history
PCEPI,1964-08-01,16.327,FRED monthly history
PCEPI,1964-09-01,16.352,FRED monthly history
PCEPI,1964-10-01,16.362,FRED monthly history
PCEPI,1964-11-01,16.385,FRED monthly history
PCEPI,1964-12-01,16.409,FRED monthly history
PCEPI,1965-01-01,16.427,FRED monthly history
PCEPI,1965-02-01,16.434,FRED monthly history
PCEPI,1965-03-01,16.455,FRED monthly history
PCEPI,1965-04-01,16.481,FRED monthly history
PCEPI,1965-05-01,16.518,FRED monthly history
PCEPI,1965-06-01,16.566,FRED monthly history
PCEPI,1965-07-01,16.578,FRED monthly history
PCEPI,1965-08-01,16.582,FRED monthly history
PCEPI,1965-09-01,16.590,FRED monthly history
PCEPI,1965-10-01,16.595,FRED monthly history
PCEPI,1965-11-01,16.623,FRED monthly history
PCEPI,1965-12-01,16.683,FRED monthly history
PCEPI,1966-01-01,16.703,FRED monthly history
PCEPI,1966-02-01,16.772,FRED monthly history
PCEPI,1966-03-01,16.813,FRED monthly history
PCEPI,1966-04-01,16.871,FRED monthly history
PCEPI,1966-05-01,16.892,FRED monthly history
PCEPI,1966-06-01,16.934,FRED monthly history
PCEPI,1966-07-01,16.967,FRED monthly history
PCEPI,1966-08-01,17.032,FRED monthly history
PCEPI,1966-09-01,17.086,FRED monthly history
PCEPI,1966-10-01,17.131,FRED monthly history
PCEPI,1966-11-01,17.156,FRED monthly history
PCEPI,1966-12-01,17.192,FRED monthly history
PCEPI,1967-01-01,17.193,FRED monthly history
PCEPI,1967-02-01,17.213,FRED monthly history
PCEPI,1967-03-01,17.222,FRED monthly history
PCEPI,1967-04-01,17.251,FRED monthly history
PCEPI,1967-05-01,17.284,FRED monthly history
PCEPI,1967-06-01,17.339,FRED monthly history
PCEPI,1967-07-01,17.398,FRED monthly history
PCEPI,1967-08-01,17.452,FRED monthly history
PCEPI,1967-09-01,17.505,FRED monthly history
PCEPI,1967-10-01,17.554,FRED monthly history
PCEPI,1967-11-01,17.612,FRED monthly history
PCEPI,1967-12-01,17.640,FRED monthly history
PCEPI,1968-01-01,17.722,FRED monthly history
PCEPI,1968-02-01,17.794,FRED monthly history
PCEPI,1968-03-01,17.852,FRED monthly history
PCEPI,1968-04-01,17.908,FRED monthly history
PCEPI,1968-05-01,17.974,FRED monthly history
PCEPI,1968-06-01,18.032,FRED monthly history
PCEPI,1968-07-01,18.087,FRED monthly history
PCEPI,1968-08-01,18.161,FRED monthly history
PCEPI,1968-09-01,18.224,FRED monthly history
PCEPI,1968-10-01,18.304,FRED monthly history
PCEPI,1968-11-01,18.366,FRED monthly history
PCEPI,1968-12-01,18.404,FRED monthly history
PCEPI,1969-01-01,18.476,FRED monthly history
PCEPI,1969-02-01,18.523,FRED monthly history
PCEPI,1969-03-01,18.610,FRED monthly history
PCEPI,1969-04-01,18.692,FRED monthly history
PCEPI,1969-05-01,18.767,FRED monthly history
PCEPI,1969-06-01,18.858,FRED monthly history
PCEPI,1969-07-01,18.941,FRED monthly history
PCEPI,1969-08-01,18.993,FRED monthly history
PCEPI,1969-09-01,19.072,FRED monthly history
PCEPI,1969-10-01,19.137,FRED monthly history
PCEPI,1969-11-01,19.220,FRED monthly history
PCEPI,1969-12-01,19.308,FRED monthly history
PCEPI,1970-01-01,19.377,FRED monthly history
PCEPI,1970-02-01,19.454,FRED monthly history
PCEPI,1970-03-01,19.502,FRED monthly history
PCEPI,1970-04-01,19.601,FRED monthly history
PCEPI,1970-05-01,19.663,FRED monthly history
PCEPI,1970-06-01,19.714,FRED monthly history
PCEPI,1970-07-01,19.786,FRED monthly history
PCEPI,1970-08-01,19.838,FRED monthly history
PCEPI,1970-09-01,19.927,FRED monthly history
PCEPI,1970-10-01,20.026,FRED monthly history
PCEPI,1970-11-01,20.105,FRED monthly history
PCEPI,1970-12-01,20.194,FRED monthly history
PCEPI,1971-01-01,20.237,FRED monthly history
PCEPI,1971-02-01,20.296,FRED monthly history
PCEPI,1971-03-01,20.363,FRED monthly history
PCEPI,1971-04-01,20.443,FRED monthly history
PCEPI,1971-05-01,20.528,FRED monthly history
PCEPI,1971-06-01,20.619,FRED monthly history
PCEPI,1971-07-01,20.681,FRED monthly history
PCEPI,1971-08-01,20.741,FRED monthly history
PCEPI,1971-09-01,20.772,FRED monthly history
PCEPI,1971-10-01,20.804,FRED monthly history
PCEPI,1971-11-01,20.847,FRED monthly history
PCEPI,1971-12-01,20.929,FRED monthly history
PCEPI,1972-01-01,21.015,FRED monthly history
PCEPI,1972-02-01,21.098,FRED monthly history
PCEPI,1972-03-01,21.128,FRED monthly history
PCEPI,1972-04-01,21.160,FRED monthly history
PCEPI,1972-05-01,21.207,FRED monthly history
PCEPI,1972-06-01,21.239,FRED monthly history
PCEPI,1972-07-01,21.315,FRED monthly history
PCEPI,1972-08-01,21.377,FRED monthly history
PCEPI,1972-09-01,21.473,FRED monthly history
PCEPI,1972-10-01,21.497,FRED monthly history
PCEPI,1972-11-01,21.561,FRED monthly history
PCEPI,1972-12-01,21.630,FRED monthly history
PCEPI,1973-01-01,21.695,FRED monthly history
PCEPI,1973-02-01,21.809,FRED monthly history
PCEPI,1973-03-01,21.964,FRED monthly history
PCEPI,1973-04-01,22.127,FRED monthly history
PCEPI,1973-05-01,22.236,FRED monthly history
PCEPI,1973-06-01,22.363,FRED monthly history
PCEPI,1973-07-01,22.444,FRED monthly history
PCEPI,1973-08-01,22.703,FRED monthly history
PCEPI,1973-09-01,22.793,FRED monthly history
PCEPI,1973-10-01,22.922,FRED monthly history
PCEPI,1973-11-01,23.110,FRED monthly history
PCEPI,1973-12-01,23.300,FRED monthly history
PCEPI,1974-01-01,23.523,FRED monthly history
PCEPI,1974-02-01,23.797,FRED monthly history
PCEPI,1974-03-01,24.073,FRED monthly history
PCEPI,1974-04-01,24.243,FRED monthly history
PCEPI,1974-05-01,24.482,FRED monthly history
PCEPI,1974-06-01,24.690,FRED monthly history
PCEPI,1974-07-01,24.872,FRED monthly history
PCEPI,1974-08-01,25.132,FRED monthly history
PCEPI,1974-09-01,25.393,FRED monthly history
PCEPI,1974-10-01,25.575,FRED monthly history
PCEPI,1974-11-01,25.767,FRED monthly history
PCEPI,1974-12-01,25.971,FRED monthly history
PCEPI,1975-01-01,26.132,FRED monthly history
PCEPI,1975-02-01,26.274,FRED monthly history
PCEPI,1975-03-01,26.363,FRED monthly history
PCEPI,1975-04-01,26.452,FRED monthly history
PCEPI,1975-05-01,26.558,FRED monthly history
PCEPI,1975-06-01,26.724,FRED monthly history
PCEPI,1975-07-01,26.953,FRED monthly history
PCEPI,1975-08-01,27.070,FRED monthly history
PCEPI,1975-09-01,27.204,FRED monthly history
PCEPI,1975-10-01,27.362,FRED monthly history
PCEPI,1975-11-01,27.538,FRED monthly history
PCEPI,1975-12-01,27.690,FRED monthly history
PCEPI,1976-01-01,27.795,FRED monthly history
PCEPI,1976-02-01,27.831,FRED monthly history
PCEPI,1976-03-01,27.873,FRED monthly history
PCEPI,1976-04-01,27.936,FRED monthly history
PCEPI,1976-05-01,28.069,FRED monthly history
PCEPI,1976-06-01,28.192,FRED monthly history
PCEPI,1976-07-01,28.335,FRED monthly history
PCEPI,1976-08-01,28.491,FRED monthly history
PCEPI,1976-09-01,28.651,FRED monthly history
PCEPI,1976-10-01,28.801,FRED monthly history
PCEPI,1976-11-01,28.932,FRED monthly history
PCEPI,1976-12-01,29.094,FRED monthly history
PCEPI,1977-01-01,29.263,FRED monthly history
PCEPI,1977-02-01,29.492,FRED monthly history
PCEPI,1977-03-01,29.640,FRED monthly history
PCEPI,1977-04-01,29.812,FRED monthly history
PCEPI,1977-05-01,29.963,FRED monthly history
PCEPI,1977-06-01,30.131,FRED monthly history
PCEPI,1977-07-01,30.287,FRED monthly history
PCEPI,1977-08-01,30.428,FRED monthly history
PCEPI,1977-09-01,30.543,FRED monthly history
PCEPI,1977-10-01,30.685,FRED monthly history
PCEPI,1977-11-01,30.861,FRED monthly history
PCEPI,1977-12-01,31.011,FRED monthly history
PCEPI,1978-01-01,31.194,FRED monthly history
PCEPI,1978-02-01,31.339,FRED monthly history
PCEPI,1978-03-01,31.542,FRED monthly history
PCEPI,1978-04-01,31.781,FRED monthly history
PCEPI,1978-05-01,32.008,FRED monthly history
PCEPI,1978-06-01,32.217,FRED monthly history
PCEPI,1978-07-01,32.393,FRED monthly history
PCEPI,1978-08-01,32.557,FRED monthly history
PCEPI,1978-09-01,32.742,FRED monthly history
PCEPI,1978-10-01,33.003,FRED monthly history
PCEPI,1978-11-01,33.190,FRED monthly history
PCEPI,1978-12-01,33.345,FRED monthly history
PCEPI,1979-01-01,33.597,FRED monthly history
PCEPI,1979-02-01,33.776,FRED monthly history
PCEPI,1979-03-01,34.040,FRED monthly history
PCEPI,1979-04-01,34.395,FRED monthly history
PCEPI,1979-05-01,34.751,FRED monthly history
PCEPI,1979-06-01,35.038,FRED monthly history
PCEPI,1979-07-01,35.305,FRED monthly history
PCEPI,1979-08-01,35.575,FRED monthly history
PCEPI,1979-09-01,35.889,FRED monthly history
PCEPI,1979-10-01,36.182,FRED monthly history
PCEPI,1979-11-01,36.433,FRED monthly history
PCEPI,1979-12-01,36.739,FRED monthly history
PCEPI,1980-01-01,37.124,FRED monthly history
PCEPI,1980-02-01,37.526,FRED monthly history
PCEPI,1980-03-01,37.987,FRED monthly history
PCEPI,1980-04-01,38.185,FRED monthly history
PCEPI,1980-05-01,38.482,FRED monthly history
PCEPI,1980-06-01,38.725,FRED monthly history
PCEPI,1980-07-01,39.026,FRED monthly history
PCEPI,1980-08-01,39.351,FRED monthly history
PCEPI,1980-09-01,39.715,FRED monthly history
PCEPI,1980-10-01,40.033,FRED monthly history
PCEPI,1980-11-01,40.359,FRED monthly history
PCEPI,1980-12-01,40.621,FRED monthly history
PCEPI,1981-01-01,41.011,FRED monthly history
PCEPI,1981-02-01,41.426,FRED monthly history
PCEPI,1981-03-01,41.715,FRED monthly history
PCEPI,1981-04-01,41.897,FRED monthly history
PCEPI,1981-05-01,42.085,FRED monthly history
PCEPI,1981-06-01,42.253,FRED monthly history
PCEPI,1981-07-01,42.508,FRED monthly history
PCEPI,1981-08-01,42.774,FRED monthly history
PCEPI,1981-09-01,43.033,FRED monthly history
PCEPI,1981-10-01,43.228,FRED monthly history
PCEPI,1981-11-01,43.460,FRED monthly history
PCEPI,1981-12-01,43.594,FRED monthly history
PCEPI,1982-01-01,43.853,FRED monthly history
PCEPI,1982-02-01,43.985,FRED monthly history
PCEPI,1982-03-01,44.098,FRED monthly history
PCEPI,1982-04-01,44.120,FRED monthly history
PCEPI,1982-05-01,44.382,FRED monthly history
PCEPI,1982-06-01,44.704,FRED monthly history
PCEPI,1982-07-01,44.969,FRED monthly history
PCEPI,1982-08-01,45.108,FRED monthly history
PCEPI,1982-09-01,45.233,FRED monthly history
PCEPI,1982-10-01,45.487,FRED monthly history
PCEPI,1982-11-01,45.624,FRED monthly history
PCEPI,1982-12-01,45.693,FRED monthly history
PCEPI,1983-01-01,45.906,FRED monthly history
PCEPI,1983-02-01,45.984,FRED monthly history
PCEPI,1983-03-01,46.043,FRED monthly history
PCEPI,1983-04-01,46.253,FRED monthly history
PCEPI,1983-05-01,46.384,FRED monthly history
PCEPI,1983-06-01,46.557,FRED monthly history
PCEPI,1983-07-01,46.820,FRED monthly history
PCEPI,1983-08-01,47.020,FRED monthly history
PCEPI,1983-09-01,47.185,FRED monthly history
PCEPI,1983-10-01,47.265,FRED monthly history
PCEPI,1983-11-01,47.332,FRED monthly history
PCEPI,1983-12-01,47.358,FRED monthly history
PCEPI,1984-01-01,47.564,FRED monthly history
PCEPI,1984-02-01,47.884,FRED monthly history
PCEPI,1984-03-01,48.041,FRED monthly history
PCEPI,1984-04-01,48.224,FRED monthly history
PCEPI,1984-05-01,48.285,FRED monthly history
PCEPI,1984-06-01,48.371,FRED monthly history
PCEPI,1984-07-01,48.544,FRED monthly history
PCEPI,1984-08-01,48.693,FRED monthly history
PCEPI,1984-09-01,48.759,FRED monthly history
PCEPI,1984-10-01,48.874,FRED monthly history
PCEPI,1984-11-01,48.943,FRED monthly history
PCEPI,1984-12-01,49.081,FRED monthly history
PCEPI,1985-01-01,49.326,FRED monthly history
PCEPI,1985-02-01,49.555,FRED monthly history
PCEPI,1985-03-01,49.749,FRED monthly history
PCEPI,1985-04-01,49.821,FRED monthly history
PCEPI,1985-05-01,49.939,FRED monthly history
PCEPI,1985-06-01,50.075,FRED monthly history
PCEPI,1985-07-01,50.198,FRED monthly history
PCEPI,1985-08-01,50.364,FRED monthly history
PCEPI,1985-09-01,50.449,FRED monthly history
PCEPI,1985-10-01,50.533,FRED monthly history
PCEPI,1985-11-01,50.680,FRED monthly history
PCEPI,1985-12-01,50.850,FRED monthly history
PCEPI,1986-01-01,51.084,FRED monthly history
PCEPI,1986-02-01,51.084,FRED monthly history
PCEPI,1986-03-01,50.972,FRED monthly history
PCEPI,1986-04-01,50.868,FRED monthly history
PCEPI,1986-05-01,50.961,FRED monthly history
PCEPI,1986-06-01,51.151,FRED monthly history
PCEPI,1986-07-01,51.164,FRED monthly history
PCEPI,1986-08-01,51.228,FRED monthly history
PCEPI,1986-09-01,51.396,FRED monthly history
PCEPI,1986-10-01,51.488,FRED monthly history
PCEPI,1986-11-01,51.580,FRED monthly history
PCEPI,1986-12-01,51.651,FRED monthly history
PCEPI,1987-01-01,51.894,FRED monthly history
PCEPI,1987-02-01,52.076,FRED monthly history
PCEPI,1987-03-01,52.214,FRED monthly history
PCEPI,1987-04-01,52.409,FRED monthly history
PCEPI,1987-05-01,52.542,FRED monthly history
PCEPI,1987-06-01,52.741,FRED monthly history
PCEPI,1987-07-01,52.863,FRED monthly history
PCEPI,1987-08-01,53.072,FRED monthly history
PCEPI,1987-09-01,53.251,FRED monthly history
PCEPI,1987-10-01,53.420,FRED monthly history
PCEPI,1987-11-01,53.521,FRED monthly history
PCEPI,1987-12-01,53.620,FRED monthly history
PCEPI,1988-01-01,53.828,FRED monthly history
PCEPI,1988-02-01,53.908,FRED monthly history
PCEPI,1988-03-01,54.093,FRED monthly history
PCEPI,1988-04-01,54.356,FRED monthly history
PCEPI,1988-05-01,54.514,FRED monthly history
PCEPI,1988-06-01,54.746,FRED monthly history
PCEPI,1988-07-01,55.012,FRED monthly history
PCEPI,1988-08-01,55.175,FRED monthly history
PCEPI,1988-09-01,55.444,FRED monthly history
PCEPI,1988-10-01,55.625,FRED monthly history
PCEPI,1988-11-01,55.754,FRED monthly history
PCEPI,1988-12-01,55.928,FRED monthly history
PCEPI,1989-01-01,56.215,FRED monthly history
PCEPI,1989-02-01,56.402,FRED monthly history
PCEPI,1989-03-01,56.612,FRED monthly history
PCEPI,1989-04-01,56.989,FRED monthly history
PCEPI,1989-05-01,57.197,FRED monthly history
PCEPI,1989-06-01,57.322,FRED monthly history
PCEPI,1989-07-01,57.459,FRED monthly history
PCEPI,1989-08-01,57.466,FRED monthly history
PCEPI,1989-09-01,57.594,FRED monthly history
PCEPI,1989-10-01,57.819,FRED monthly history
PCEPI,1989-11-01,57.945,FRED monthly history
PCEPI,1989-12-01,58.113,FRED monthly history
PCEPI,1990-01-01,58.553,FRED monthly history
PCEPI,1990-02-01,58.811,FRED monthly history
PCEPI,1990-03-01,59.033,FRED monthly history
PCEPI,1990-04-01,59.157,FRED monthly history
PCEPI,1990-05-01,59.290,FRED monthly history
PCEPI,1990-06-01,59.552,FRED monthly history
PCEPI,1990-07-01,59.699,FRED monthly history
PCEPI,1990-08-01,60.096,FRED monthly history
PCEPI,1990-09-01,60.465,FRED monthly history
PCEPI,1990-10-01,60.811,FRED monthly history
PCEPI,1990-11-01,60.888,FRED monthly history
PCEPI,1990-12-01,60.945,FRED monthly history
PCEPI,1991-01-01,61.177,FRED monthly history
PCEPI,1991-02-01,61.208,FRED monthly history
PCEPI,1991-03-01,61.221,FRED monthly history
PCEPI,1991-04-01,61.332,FRED monthly history
PCEPI,1991-05-01,61.586,FRED monthly history
PCEPI,1991-06-01,61.690,FRED monthly history
PCEPI,1991-07-01,61.787,FRED monthly history
PCEPI,1991-08-01,61.931,FRED monthly history
PCEPI,1991-09-01,62.144,FRED monthly history
PCEPI,1991-10-01,62.260,FRED monthly history
PCEPI,1991-11-01,62.397,FRED monthly history
PCEPI,1991-12-01,62.553,FRED monthly history
PCEPI,1992-01-01,62.638,FRED monthly history
PCEPI,1992-02-01,62.797,FRED monthly history
PCEPI,1992-03-01,62.949,FRED monthly history
PCEPI,1992-04-01,63.119,FRED monthly history
PCEPI,1992-05-01,63.203,FRED monthly history
PCEPI,1992-06-01,63.315,FRED monthly history
PCEPI,1992-07-01,63.524,FRED monthly history
PCEPI,1992-08-01,63.609,FRED monthly history
PCEPI,1992-09-01,63.713,FRED monthly history
PCEPI,1992-10-01,63.938,FRED monthly history
PCEPI,1992-11-01,64.064,FRED monthly history
PCEPI,1992-12-01,64.176,FRED monthly history
PCEPI,1993-01-01,64.332,FRED monthly history
PCEPI,1993-02-01,64.429,FRED monthly history
PCEPI,1993-03-01,64.561,FRED monthly history
PCEPI,1993-04-01,64.733,FRED monthly history
PCEPI,1993-05-01,64.933,FRED monthly history
PCEPI,1993-06-01,64.955,FRED monthly history
PCEPI,1993-07-01,65.059,FRED monthly history
PCEPI,1993-08-01,65.170,FRED monthly history
PCEPI,1993-09-01,65.238,FRED monthly history
PCEPI,1993-10-01,65.443,FRED monthly history
PCEPI,1993-11-01,65.567,FRED monthly history
PCEPI,1993-12-01,65.582,FRED monthly history
PCEPI,1994-01-01,65.604,FRED monthly history
PCEPI,1994-02-01,65.756,FRED monthly history
PCEPI,1994-03-01,65.937,FRED monthly history
PCEPI,1994-04-01,66.015,FRED monthly history
PCEPI,1994-05-01,66.111,FRED monthly history
PCEPI,1994-06-01,66.272,FRED monthly history
PCEPI,1994-07-01,66.481,FRED monthly history
PCEPI,1994-08-01,66.634,FRED monthly history
PCEPI,1994-09-01,66.708,FRED monthly history
PCEPI,1994-10-01,66.821,FRED monthly history
PCEPI,1994-11-01,66.948,FRED monthly history
PCEPI,1994-12-01,66.991,FRED monthly history
PCEPI,1995-01-01,67.127,FRED monthly history
PCEPI,1995-02-01,67.246,FRED monthly history
PCEPI,1995-03-01,67.370,FRED monthly history
PCEPI,1995-04-01,67.547,FRED monthly history
PCEPI,1995-05-01,67.651,FRED monthly history
PCEPI,1995-06-01,67.717,FRED monthly history
PCEPI,1995-07-01,67.802,FRED monthly history
PCEPI,1995-08-01,67.948,FRED monthly history
PCEPI,1995-09-01,67.995,FRED monthly history
PCEPI,1995-10-01,68.171,FRED monthly history
PCEPI,1995-11-01,68.169,FRED monthly history
PCEPI,1995-12-01,68.300,FRED monthly history
PCEPI,1996-01-01,68.452,FRED monthly history
PCEPI,1996-02-01,68.560,FRED monthly history
PCEPI,1996-03-01,68.767,FRED monthly history
PCEPI,1996-04-01,68.973,FRED monthly history
PCEPI,1996-05-01,69.092,FRED monthly history
PCEPI,1996-06-01,69.091,FRED monthly history
PCEPI,1996-07-01,69.237,FRED monthly history
PCEPI,1996-08-01,69.303,FRED monthly history
PCEPI,1996-09-01,69.499,FRED monthly history
PCEPI,1996-10-01,69.709,FRED monthly history
PCEPI,1996-11-01,69.833,FRED monthly history
PCEPI,1996-12-01,69.914,FRED monthly history
PCEPI,1997-01-01,70.005,FRED monthly history
PCEPI,1997-02-01,70.151,FRED monthly history
PCEPI,1997-03-01,70.225,FRED monthly history
PCEPI,1997-04-01,70.294,FRED monthly history
PCEPI,1997-05-01,70.262,FRED monthly history
PCEPI,1997-06-01,70.352,FRED monthly history
PCEPI,1997-07-01,70.394,FRED monthly history
PCEPI,1997-08-01,70.450,FRED monthly history
PCEPI,1997-09-01,70.620,FRED monthly history
PCEPI,1997-10-01,70.712,FRED monthly history
PCEPI,1997-11-01,70.716,FRED monthly history
PCEPI,1997-12-01,70.701,FRED monthly history
PCEPI,1998-01-01,70.736,FRED monthly history
PCEPI,1998-02-01,70.699,FRED monthly history
PCEPI,1998-03-01,70.710,FRED monthly history
PCEPI,1998-04-01,70.798,FRED monthly history
PCEPI,1998-05-01,70.895,FRED monthly history
PCEPI,1998-06-01,70.835,FRED monthly history
PCEPI,1998-07-01,71.010,FRED monthly history
PCEPI,1998-08-01,71.108,FRED monthly history
PCEPI,1998-09-01,71.067,FRED monthly history
PCEPI,1998-10-01,71.223,FRED monthly history
PCEPI,1998-11-01,71.226,FRED monthly history
PCEPI,1998-12-01,71.298,FRED monthly history
PCEPI,1999-01-01,71.398,FRED monthly history
PCEPI,1999-02-01,71.358,FRED monthly history
PCEPI,1999-03-01,71.412,FRED monthly history
PCEPI,1999-04-01,71.757,FRED monthly history
PCEPI,1999-05-01,71.804,FRED monthly history
PCEPI,1999-06-01,71.826,FRED monthly history
PCEPI,1999-07-01,72.017,FRED monthly history
PCEPI,1999-08-01,72.148,FRED monthly history
PCEPI,1999-09-01,72.407,FRED monthly history
PCEPI,1999-10-01,72.529,FRED monthly history
PCEPI,1999-11-01,72.594,FRED monthly history
PCEPI,1999-12-01,72.763,FRED monthly history
PCEPI,2000-01-01,72.961,FRED monthly history
PCEPI,2000-02-01,73.191,FRED monthly history
PCEPI,2000-03-01,73.505,FRED monthly history
PCEPI,2000-04-01,73.444,FRED monthly history
PCEPI,2000-05-01,73.505,FRED monthly history
PCEPI,2000-06-01,73.754,FRED monthly history
PCEPI,2000-07-01,73.939,FRED monthly history
PCEPI,2000-08-01,73.934,FRED monthly history
PCEPI,2000-09-01,74.252,FRED monthly history
PCEPI,2000-10-01,74.353,FRED monthly history
PCEPI,2000-11-01,74.457,FRED monthly history
PCEPI,2000-12-01,74.571,FRED monthly history
PCEPI,2001-01-01,74.932,FRED monthly history
PCEPI,2001-02-01,75.048,FRED monthly history
PCEPI,2001-03-01,75.055,FRED monthly history
PCEPI,2001-04-01,75.187,FRED monthly history
PCEPI,2001-05-01,75.385,FRED monthly history
PCEPI,2001-06-01,75.518,FRED monthly history
PCEPI,2001-07-01,75.493,FRED monthly history
PCEPI,2001-08-01,75.484,FRED monthly history
PCEPI,2001-09-01,75.227,FRED monthly history
PCEPI,2001-10-01,75.492,FRED monthly history
PCEPI,2001-11-01,75.441,FRED monthly history
PCEPI,2001-12-01,75.363,FRED monthly history
PCEPI,2002-01-01,75.431,FRED monthly history
PCEPI,2002-02-01,75.558,FRED monthly history
PCEPI,2002-03-01,75.763,FRED monthly history
PCEPI,2002-04-01,76.080,FRED monthly history
PCEPI,2002-05-01,76.130,FRED monthly history
PCEPI,2002-06-01,76.225,FRED monthly history
PCEPI,2002-07-01,76.393,FRED monthly history
PCEPI,2002-08-01,76.543,FRED monthly history
PCEPI,2002-09-01,76.681,FRED monthly history
PCEPI,2002-10-01,76.821,FRED monthly history
PCEPI,2002-11-01,76.897,FRED monthly history
PCEPI,2002-12-01,76.971,FRED monthly history
PCEPI,2003-01-01,77.201,FRED monthly history
PCEPI,2003-02-01,77.526,FRED monthly history
PCEPI,2003-03-01,77.725,FRED monthly history
PCEPI,2003-04-01,77.593,FRED monthly history
PCEPI,2003-05-01,77.504,FRED monthly history
PCEPI,2003-06-01,77.588,FRED monthly history
PCEPI,2003-07-01,77.816,FRED monthly history
PCEPI,2003-08-01,78.079,FRED monthly history
PCEPI,2003-09-01,78.323,FRED monthly history
PCEPI,2003-10-01,78.333,FRED monthly history
PCEPI,2003-11-01,78.432,FRED monthly history
PCEPI,2003-12-01,78.605,FRED monthly history
PCEPI,2004-01-01,78.909,FRED monthly history
PCEPI,2004-02-01,79.077,FRED monthly history
PCEPI,2004-03-01,79.199,FRED monthly history
PCEPI,2004-04-01,79.346,FRED monthly history
PCEPI,2004-05-01,79.604,FRED monthly history
PCEPI,2004-06-01,79.831,FRED monthly history
PCEPI,2004-07-01,79.905,FRED monthly history
PCEPI,2004-08-01,79.946,FRED monthly history
PCEPI,2004-09-01,80.104,FRED monthly history
PCEPI,2004-10-01,80.448,FRED monthly history
PCEPI,2004-11-01,80.758,FRED monthly history
PCEPI,2004-12-01,80.801,FRED monthly history
PCEPI,2005-01-01,80.907,FRED monthly history
PCEPI,2005-02-01,81.132,FRED monthly history
PCEPI,2005-03-01,81.375,FRED monthly history
PCEPI,2005-04-01,81.603,FRED monthly history
PCEPI,2005-05-01,81.649,FRED monthly history
PCEPI,2005-06-01,81.700,FRED monthly history
PCEPI,2005-07-01,82.046,FRED monthly history
PCEPI,2005-08-01,82.377,FRED monthly history
PCEPI,2005-09-01,83.172,FRED monthly history
PCEPI,2005-10-01,83.305,FRED monthly history
PCEPI,2005-11-01,83.131,FRED monthly history
PCEPI,2005-12-01,83.131,FRED monthly history
PCEPI,2006-01-01,83.534,FRED monthly history
PCEPI,2006-02-01,83.584,FRED monthly history
PCEPI,2006-03-01,83.746,FRED monthly history
PCEPI,2006-04-01,84.135,FRED monthly history
PCEPI,2006-05-01,84.361,FRED monthly history
PCEPI,2006-06-01,84.569,FRED monthly history
PCEPI,2006-07-01,84.858,FRED monthly history
PCEPI,2006-08-01,85.125,FRED monthly history
PCEPI,2006-09-01,84.902,FRED monthly history
PCEPI,2006-10-01,84.702,FRED monthly history
PCEPI,2006-11-01,84.731,FRED monthly history
PCEPI,2006-12-01,85.032,FRED monthly history
PCEPI,2007-01-01,85.316,FRED monthly history
PCEPI,2007-02-01,85.581,FRED monthly history
PCEPI,2007-03-01,85.894,FRED monthly history
PCEPI,2007-04-01,86.096,FRED monthly history
PCEPI,2007-05-01,86.346,FRED monthly history
PCEPI,2007-06-01,86.529,FRED monthly history
PCEPI,2007-07-01,86.661,FRED monthly history
PCEPI,2007-08-01,86.720,FRED monthly history
PCEPI,2007-09-01,87.054,FRED monthly history
PCEPI,2007-10-01,87.318,FRED monthly history
PCEPI,2007-11-01,87.781,FRED monthly history
PCEPI,2007-12-01,87.984,FRED monthly history
PCEPI,2008-01-01,88.206,FRED monthly history
PCEPI,2008-02-01,88.382,FRED monthly history
PCEPI,2008-03-01,88.635,FRED monthly history
PCEPI,2008-04-01,88.799,FRED monthly history
PCEPI,2008-05-01,89.180,FRED monthly history
PCEPI,2008-06-01,89.827,FRED monthly history
PCEPI,2008-07-01,90.245,FRED monthly history
PCEPI,2008-08-01,90.172,FRED monthly history
PCEPI,2008-09-01,90.247,FRED monthly history
PCEPI,2008-10-01,89.651,FRED monthly history
PCEPI,2008-11-01,88.593,FRED monthly history
PCEPI,2008-12-01,88.098,FRED monthly history
PCEPI,2009-01-01,88.108,FRED monthly history
PCEPI,2009-02-01,88.266,FRED monthly history
PCEPI,2009-03-01,88.169,FRED monthly history
PCEPI,2009-04-01,88.295,FRED monthly history
PCEPI,2009-05-01,88.387,FRED monthly history
PCEPI,2009-06-01,88.912,FRED monthly history
PCEPI,2009-07-01,88.922,FRED monthly history
PCEPI,2009-08-01,89.180,FRED monthly history
PCEPI,2009-09-01,89.324,FRED monthly history
PCEPI,2009-10-01,89.663,FRED monthly history
PCEPI,2009-11-01,89.887,FRED monthly history
PCEPI,2009-12-01,89.939,FRED monthly history
PCEPI,2010-01-01,90.136,FRED monthly history
PCEPI,2010-02-01,90.134,FRED monthly history
PCEPI,2010-03-01,90.261,FRED monthly history
PCEPI,2010-04-01,90.310,FRED monthly history
PCEPI,2010-05-01,90.339,FRED monthly history
PCEPI,2010-06-01,90.301,FRED monthly history
PCEPI,2010-07-01,90.378,FRED monthly history
PCEPI,2010-08-01,90.502,FRED monthly history
PCEPI,2010-09-01,90.592,FRED monthly history
PCEPI,2010-10-01,90.881,FRED monthly history
PCEPI,2010-11-01,91.062,FRED monthly history
PCEPI,2010-12-01,91.268,FRED monthly history
PCEPI,2011-01-01,91.542,FRED monthly history
PCEPI,2011-02-01,91.797,FRED monthly history
PCEPI,2011-03-01,92.166,FRED monthly history
PCEPI,2011-04-01,92.557,FRED monthly history
PCEPI,2011-05-01,92.838,FRED monthly history
PCEPI,2011-06-01,92.819,FRED monthly history
PCEPI,2011-07-01,92.977,FRED monthly history
PCEPI,2011-08-01,93.196,FRED monthly history
PCEPI,2011-09-01,93.327,FRED monthly history
PCEPI,2011-10-01,93.329,FRED monthly history
PCEPI,2011-11-01,93.520,FRED monthly history
PCEPI,2011-12-01,93.574,FRED monthly history
PCEPI,2012-01-01,93.894,FRED monthly history
PCEPI,2012-02-01,94.104,FRED monthly history
PCEPI,2012-03-01,94.284,FRED monthly history
PCEPI,2012-04-01,94.408,FRED monthly history
PCEPI,2012-05-01,94.302,FRED monthly history
PCEPI,2012-06-01,94.254,FRED monthly history
PCEPI,2012-07-01,94.288,FRED monthly history
PCEPI,2012-08-01,94.605,FRED monthly history
PCEPI,2012-09-01,94.893,FRED monthly history
PCEPI,2012-10-01,95.174,FRED monthly history
PCEPI,2012-11-01,95.109,FRED monthly history
PCEPI,2012-12-01,95.094,FRED monthly history
PCEPI,2013-01-01,95.275,FRED monthly history
PCEPI,2013-02-01,95.614,FRED monthly history
PCEPI,2013-03-01,95.488,FRED monthly history
PCEPI,2013-04-01,95.391,FRED monthly history
PCEPI,2013-05-01,95.461,FRED monthly history
PCEPI,2013-06-01,95.673,FRED monthly history
PCEPI,2013-07-01,95.792,FRED monthly history
PCEPI,2013-08-01,95.934,FRED monthly history
PCEPI,2013-09-01,95.976,FRED monthly history
PCEPI,2013-10-01,96.103,FRED monthly history
PCEPI,2013-11-01,96.246,FRED monthly history
PCEPI,2013-12-01,96.414,FRED monthly history
PCEPI,2014-01-01,96.614,FRED monthly history
PCEPI,2014-02-01,96.660,FRED monthly history
PCEPI,2014-03-01,96.815,FRED monthly history
PCEPI,2014-04-01,96.987,FRED monthly history
PCEPI,2014-05-01,97.147,FRED monthly history
PCEPI,2014-06-01,97.253,FRED monthly history
PCEPI,2014-07-01,97.391,FRED monthly history
PCEPI,2014-08-01,97.379,FRED monthly history
PCEPI,2014-09-01,97.413,FRED monthly history
PCEPI,2014-10-01,97.384,FRED monthly history
PCEPI,2014-11-01,97.291,FRED monthly history
PCEPI,2014-12-01,97.120,FRED monthly history
PCEPI,2015-01-01,96.654,FRED monthly history
PCEPI,2015-02-01,96.825,FRED monthly history
PCEPI,2015-03-01,97.008,FRED monthly history
PCEPI,2015-04-01,97.094,FRED monthly history
PCEPI,2015-05-01,97.327,FRED monthly history
PCEPI,2015-06-01,97.516,FRED monthly history
PCEPI,2015-07-01,97.605,FRED monthly history
PCEPI,2015-08-01,97.612,FRED monthly history
PCEPI,2015-09-01,97.477,FRED monthly history
PCEPI,2015-10-01,97.477,FRED monthly history
PCEPI,2015-11-01,97.538,FRED monthly history
PCEPI,2015-12-01,97.456,FRED monthly history
PCEPI,2016-01-01,97.496,FRED monthly history
PCEPI,2016-02-01,97.445,FRED monthly history
PCEPI,2016-03-01,97.673,FRED monthly history
PCEPI,2016-04-01,97.993,FRED monthly history
PCEPI,2016-05-01,98.153,FRED monthly history
PCEPI,2016-06-01,98.325,FRED monthly history
PCEPI,2016-07-01,98.342,FRED monthly history
PCEPI,2016-08-01,98.479,FRED monthly history
PCEPI,2016-09-01,98.666,FRED monthly history
PCEPI,2016-10-01,98.868,FRED monthly history
PCEPI,2016-11-01,98.901,FRED monthly history
PCEPI,2016-12-01,99.071,FRED monthly history
PCEPI,2017-01-01,99.451,FRED monthly history
PCEPI,2017-02-01,99.586,FRED monthly history
PCEPI,2017-03-01,99.535,FRED monthly history
PCEPI,2017-04-01,99.725,FRED monthly history
PCEPI,2017-05-01,99.682,FRED monthly history
PCEPI,2017-06-01,99.766,FRED monthly history
PCEPI,2017-07-01,99.803,FRED monthly history
PCEPI,2017-08-01,100.027,FRED monthly history
PCEPI,2017-09-01,100.400,FRED monthly history
PCEPI,2017-10-01,100.531,FRED monthly history
PCEPI,2017-11-01,100.675,FRED monthly history
PCEPI,2017-12-01,100.821,FRED monthly history
PCEPI,2018-01-01,101.199,FRED monthly history
PCEPI,2018-02-01,101.416,FRED monthly history
PCEPI,2018-03-01,101.524,FRED monthly history
PCEPI,2018-04-01,101.766,FRED monthly history
PCEPI,2018-05-01,101.941,FRED monthly history
PCEPI,2018-06-01,102.029,FRED monthly history
PCEPI,2018-07-01,102.137,FRED monthly history
PCEPI,2018-08-01,102.208,FRED monthly history
PCEPI,2018-09-01,102.418,FRED monthly history
PCEPI,2018-10-01,102.595,FRED monthly history
PCEPI,2018-11-01,102.630,FRED monthly history
PCEPI,2018-12-01,102.701,FRED monthly history
PCEPI,2019-01-01,102.648,FRED monthly history
PCEPI,2019-02-01,102.836,FRED monthly history
PCEPI,2019-03-01,103.069,FRED monthly history
PCEPI,2019-04-01,103.360,FRED monthly history
PCEPI,2019-05-01,103.435,FRED monthly history
PCEPI,2019-06-01,103.484,FRED monthly history
PCEPI,2019-07-01,103.622,FRED monthly history
PCEPI,2019-08-01,103.670,FRED monthly history
PCEPI,2019-09-01,103.733,FRED monthly history
PCEPI,2019-10-01,103.917,FRED monthly history
PCEPI,2019-11-01,104.024,FRED monthly history
PCEPI,2019-12-01,104.307,FRED monthly history
PCEPI,2020-01-01,104.490,FRED monthly history
PCEPI,2020-02-01,104.573,FRED monthly history
PCEPI,2020-03-01,104.271,FRED monthly history
PCEPI,2020-04-01,103.838,FRED monthly history
PCEPI,2020-05-01,103.942,FRED monthly history
PCEPI,2020-06-01,104.270,FRED monthly history
PCEPI,2020-07-01,104.578,FRED monthly history
PCEPI,2020-08-01,104.870,FRED monthly history
PCEPI,2020-09-01,105.057,FRED monthly history
PCEPI,2020-10-01,105.151,FRED monthly history
PCEPI,2020-11-01,105.258,FRED monthly history
PCEPI,2020-12-01,105.699,FRED monthly history
PCEPI,2021-01-01,106.147,FRED monthly history
PCEPI,2021-02-01,106.500,FRED monthly history
PCEPI,2021-03-01,107.054,FRED monthly history
PCEPI,2021-04-01,107.618,FRED monthly history
PCEPI,2021-05-01,108.175,FRED monthly history
PCEPI,2021-06-01,108.760,FRED monthly history
PCEPI,2021-07-01,109.256,FRED monthly history
PCEPI,2021-08-01,109.674,FRED monthly history
PCEPI,2021-09-01,110.034,FRED monthly history
PCEPI,2021-10-01,110.762,FRED monthly history
PCEPI,2021-11-01,111.500,FRED monthly history
PCEPI,2021-12-01,112.191,FRED monthly history
PCEPI,2022-01-01,112.805,FRED monthly history
PCEPI,2022-02-01,113.471,FRED monthly history
PCEPI,2022-03-01,114.469,FRED monthly history
PCEPI,2022-04-01,114.812,FRED monthly history
PCEPI,2022-05-01,115.525,FRED monthly history
PCEPI,2022-06-01,116.638,FRED monthly history
PCEPI,2022-07-01,116.631,FRED monthly history
PCEPI,2022-08-01,116.956,FRED monthly history
PCEPI,2022-09-01,117.371,FRED monthly history
PCEPI,2022-10-01,117.919,FRED monthly history
PCEPI,2022-11-01,118.224,FRED monthly history
PCEPI,2022-12-01,118.384,FRED monthly history
PCEPI,2023-01-01,119.018,FRED monthly history
PCEPI,2023-02-01,119.369,FRED monthly history
PCEPI,2023-03-01,119.538,FRED monthly history
PCEPI,2023-04-01,119.951,FRED monthly history
PCEPI,2023-05-01,120.150,FRED monthly history
PCEPI,2023-06-01,120.469,FRED monthly history
PCEPI,2023-07-01,120.607,FRED monthly history
PCEPI,2023-08-01,120.970,FRED monthly history
PCEPI,2023-09-01,121.419,FRED monthly history
PCEPI,2023-10-01,121.484,FRED monthly history
PCEPI,2023-11-01,121.493,FRED monthly history
PCEPI,2023-12-01,121.660,FRED monthly history
PCEPI,2024-01-01,122.230,FRED monthly history
PCEPI,2024-02-01,122.598,FRED monthly history
PCEPI,2024-03-01,123.038,FRED monthly history
PCEPI,2024-04-01,123.341,FRED monthly history
PCEPI,2024-05-01,123.348,FRED monthly history
PCEPI,2024-06-01,123.539,FRED monthly history
PCEPI,2024-07-01,123.736,FRED monthly history
PCEPI,2024-08-01,123.889,FRED monthly history
PCEPI,2024-09-01,124.164,FRED monthly history
PCEPI,2024-10-01,124.494,FRED monthly history
PCEPI,2024-11-01,124.637,FRED monthly history
PCEPI,2024-12-01,124.979,FRED monthly history
PCEPI,2025-01-01,125.417,FRED monthly history
PCEPI,2025-02-01,125.921,FRED monthly history
PCEPI,2025-03-01,125.941,FRED monthly history
PCEPI,2025-04-01,126.150,FRED monthly history
PCEPI,2025-05-01,126.380,FRED monthly history
PCEPI,2025-06-01,126.743,FRED monthly history
PCEPI,2025-07-01,126.960,FRED monthly history
PCEPI,2025-08-01,127.293,FRED monthly history
PCEPI,2025-09-01,127.625,FRED monthly history
PCEPI,2025-10-01,127.871,FRED monthly history
PCEPI,2025-11-01,128.152,FRED monthly history
PCEPI,2025-12-01,128.576,FRED monthly history
PCEPI,2026-01-01,129.000,FRED monthly history
PCEPI,2026-02-01,129.484,FRED monthly history
PCEPI,2026-03-01,130.344,FRED monthly history
CPILFESL,1957-01-01,28.500,FRED monthly history
CPILFESL,1957-02-01,28.600,FRED monthly history
CPILFESL,1957-03-01,28.700,FRED monthly history
CPILFESL,1957-04-01,28.800,FRED monthly history
CPILFESL,1957-05-01,28.800,FRED monthly history
CPILFESL,1957-06-01,28.900,FRED monthly history
CPILFESL,1957-07-01,29.000,FRED monthly history
CPILFESL,1957-08-01,29.000,FRED monthly history
CPILFESL,1957-09-01,29.100,FRED monthly history
CPILFESL,1957-10-01,29.200,FRED monthly history
CPILFESL,1957-11-01,29.300,FRED monthly history
CPILFESL,1957-12-01,29.300,FRED monthly history
CPILFESL,1958-01-01,29.300,FRED monthly history
CPILFESL,1958-02-01,29.400,FRED monthly history
CPILFESL,1958-03-01,29.500,FRED monthly history
CPILFESL,1958-04-01,29.500,FRED monthly history
CPILFESL,1958-05-01,29.500,FRED monthly history
CPILFESL,1958-06-01,29.600,FRED monthly history
CPILFESL,1958-07-01,29.600,FRED monthly history
CPILFESL,1958-08-01,29.600,FRED monthly history
CPILFESL,1958-09-01,29.700,FRED monthly history
CPILFESL,1958-10-01,29.700,FRED monthly history
CPILFESL,1958-11-01,29.800,FRED monthly history
CPILFESL,1958-12-01,29.900,FRED monthly history
CPILFESL,1959-01-01,29.900,FRED monthly history
CPILFESL,1959-02-01,29.900,FRED monthly history
CPILFESL,1959-03-01,30.000,FRED monthly history
CPILFESL,1959-04-01,30.000,FRED monthly history
CPILFESL,1959-05-01,30.100,FRED monthly history
CPILFESL,1959-06-01,30.200,FRED monthly history
CPILFESL,1959-07-01,30.200,FRED monthly history
CPILFESL,1959-08-01,30.200,FRED monthly history
CPILFESL,1959-09-01,30.300,FRED monthly history
CPILFESL,1959-10-01,30.400,FRED monthly history
CPILFESL,1959-11-01,30.400,FRED monthly history
CPILFESL,1959-12-01,30.500,FRED monthly history
CPILFESL,1960-01-01,30.500,FRED monthly history
CPILFESL,1960-02-01,30.600,FRED monthly history
CPILFESL,1960-03-01,30.600,FRED monthly history
CPILFESL,1960-04-01,30.600,FRED monthly history
CPILFESL,1960-05-01,30.600,FRED monthly history
CPILFESL,1960-06-01,30.700,FRED monthly history
CPILFESL,1960-07-01,30.600,FRED monthly history
CPILFESL,1960-08-01,30.600,FRED monthly history
CPILFESL,1960-09-01,30.600,FRED monthly history
CPILFESL,1960-10-01,30.800,FRED monthly history
CPILFESL,1960-11-01,30.800,FRED monthly history
CPILFESL,1960-12-01,30.700,FRED monthly history
CPILFESL,1961-01-01,30.800,FRED monthly history
CPILFESL,1961-02-01,30.800,FRED monthly history
CPILFESL,1961-03-01,30.900,FRED monthly history
CPILFESL,1961-04-01,30.900,FRED monthly history
CPILFESL,1961-05-01,30.900,FRED monthly history
CPILFESL,1961-06-01,31.000,FRED monthly history
CPILFESL,1961-07-01,31.000,FRED monthly history
CPILFESL,1961-08-01,31.100,FRED monthly history
CPILFESL,1961-09-01,31.100,FRED monthly history
CPILFESL,1961-10-01,31.100,FRED monthly history
CPILFESL,1961-11-01,31.200,FRED monthly history
CPILFESL,1961-12-01,31.200,FRED monthly history
CPILFESL,1962-01-01,31.200,FRED monthly history
CPILFESL,1962-02-01,31.200,FRED monthly history
CPILFESL,1962-03-01,31.300,FRED monthly history
CPILFESL,1962-04-01,31.300,FRED monthly history
CPILFESL,1962-05-01,31.400,FRED monthly history
CPILFESL,1962-06-01,31.400,FRED monthly history
CPILFESL,1962-07-01,31.400,FRED monthly history
CPILFESL,1962-08-01,31.500,FRED monthly history
CPILFESL,1962-09-01,31.500,FRED monthly history
CPILFESL,1962-10-01,31.500,FRED monthly history
CPILFESL,1962-11-01,31.500,FRED monthly history
CPILFESL,1962-12-01,31.600,FRED monthly history
CPILFESL,1963-01-01,31.500,FRED monthly history
CPILFESL,1963-02-01,31.600,FRED monthly history
CPILFESL,1963-03-01,31.700,FRED monthly history
CPILFESL,1963-04-01,31.700,FRED monthly history
CPILFESL,1963-05-01,31.700,FRED monthly history
CPILFESL,1963-06-01,31.800,FRED monthly history
CPILFESL,1963-07-01,31.800,FRED monthly history
CPILFESL,1963-08-01,31.900,FRED monthly history
CPILFESL,1963-09-01,31.900,FRED monthly history
CPILFESL,1963-10-01,32.000,FRED monthly history
CPILFESL,1963-11-01,32.000,FRED monthly history
CPILFESL,1963-12-01,32.100,FRED monthly history
CPILFESL,1964-01-01,32.200,FRED monthly history
CPILFESL,1964-02-01,32.200,FRED monthly history
CPILFESL,1964-03-01,32.200,FRED monthly history
CPILFESL,1964-04-01,32.200,FRED monthly history
CPILFESL,1964-05-01,32.200,FRED monthly history
CPILFESL,1964-06-01,32.300,FRED monthly history
CPILFESL,1964-07-01,32.300,FRED monthly history
CPILFESL,1964-08-01,32.300,FRED monthly history
CPILFESL,1964-09-01,32.300,FRED monthly history
CPILFESL,1964-10-01,32.400,FRED monthly history
CPILFESL,1964-11-01,32.500,FRED monthly history
CPILFESL,1964-12-01,32.500,FRED monthly history
CPILFESL,1965-01-01,32.600,FRED monthly history
CPILFESL,1965-02-01,32.600,FRED monthly history
CPILFESL,1965-03-01,32.600,FRED monthly history
CPILFESL,1965-04-01,32.700,FRED monthly history
CPILFESL,1965-05-01,32.700,FRED monthly history
CPILFESL,1965-06-01,32.700,FRED monthly history
CPILFESL,1965-07-01,32.700,FRED monthly history
CPILFESL,1965-08-01,32.700,FRED monthly history
CPILFESL,1965-09-01,32.800,FRED monthly history
CPILFESL,1965-10-01,32.800,FRED monthly history
CPILFESL,1965-11-01,32.900,FRED monthly history
CPILFESL,1965-12-01,33.000,FRED monthly history
CPILFESL,1966-01-01,33.000,FRED monthly history
CPILFESL,1966-02-01,33.100,FRED monthly history
CPILFESL,1966-03-01,33.100,FRED monthly history
CPILFESL,1966-04-01,33.300,FRED monthly history
CPILFESL,1966-05-01,33.400,FRED monthly history
CPILFESL,1966-06-01,33.500,FRED monthly history
CPILFESL,1966-07-01,33.600,FRED monthly history
CPILFESL,1966-08-01,33.700,FRED monthly history
CPILFESL,1966-09-01,33.800,FRED monthly history
CPILFESL,1966-10-01,34.000,FRED monthly history
CPILFESL,1966-11-01,34.000,FRED monthly history
CPILFESL,1966-12-01,34.100,FRED monthly history
CPILFESL,1967-01-01,34.200,FRED monthly history
CPILFESL,1967-02-01,34.200,FRED monthly history
CPILFESL,1967-03-01,34.300,FRED monthly history
CPILFESL,1967-04-01,34.400,FRED monthly history
CPILFESL,1967-05-01,34.500,FRED monthly history
CPILFESL,1967-06-01,34.600,FRED monthly history
CPILFESL,1967-07-01,34.700,FRED monthly history
CPILFESL,1967-08-01,34.900,FRED monthly history
CPILFESL,1967-09-01,35.000,FRED monthly history
CPILFESL,1967-10-01,35.100,FRED monthly history
CPILFESL,1967-11-01,35.200,FRED monthly history
CPILFESL,1967-12-01,35.400,FRED monthly history
CPILFESL,1968-01-01,35.500,FRED monthly history
CPILFESL,1968-02-01,35.700,FRED monthly history
CPILFESL,1968-03-01,35.800,FRED monthly history
CPILFESL,1968-04-01,35.900,FRED monthly history
CPILFESL,1968-05-01,36.000,FRED monthly history
CPILFESL,1968-06-01,36.200,FRED monthly history
CPILFESL,1968-07-01,36.400,FRED monthly history
CPILFESL,1968-08-01,36.500,FRED monthly history
CPILFESL,1968-09-01,36.700,FRED monthly history
CPILFESL,1968-10-01,36.900,FRED monthly history
CPILFESL,1968-11-01,37.100,FRED monthly history
CPILFESL,1968-12-01,37.200,FRED monthly history
CPILFESL,1969-01-01,37.300,FRED monthly history
CPILFESL,1969-02-01,37.600,FRED monthly history
CPILFESL,1969-03-01,37.800,FRED monthly history
CPILFESL,1969-04-01,38.100,FRED monthly history
CPILFESL,1969-05-01,38.100,FRED monthly history
CPILFESL,1969-06-01,38.300,FRED monthly history
CPILFESL,1969-07-01,38.500,FRED monthly history
CPILFESL,1969-08-01,38.700,FRED monthly history
CPILFESL,1969-09-01,38.900,FRED monthly history
CPILFESL,1969-10-01,39.100,FRED monthly history
CPILFESL,1969-11-01,39.200,FRED monthly history
CPILFESL,1969-12-01,39.400,FRED monthly history
CPILFESL,1970-01-01,39.600,FRED monthly history
CPILFESL,1970-02-01,39.800,FRED monthly history
CPILFESL,1970-03-01,40.100,FRED monthly history
CPILFESL,1970-04-01,40.400,FRED monthly history
CPILFESL,1970-05-01,40.500,FRED monthly history
CPILFESL,1970-06-01,40.800,FRED monthly history
CPILFESL,1970-07-01,40.900,FRED monthly history
CPILFESL,1970-08-01,41.100,FRED monthly history
CPILFESL,1970-09-01,41.300,FRED monthly history
CPILFESL,1970-10-01,41.500,FRED monthly history
CPILFESL,1970-11-01,41.800,FRED monthly history
CPILFESL,1970-12-01,42.000,FRED monthly history
CPILFESL,1971-01-01,42.100,FRED monthly history
CPILFESL,1971-02-01,42.200,FRED monthly history
CPILFESL,1971-03-01,42.200,FRED monthly history
CPILFESL,1971-04-01,42.400,FRED monthly history
CPILFESL,1971-05-01,42.600,FRED monthly history
CPILFESL,1971-06-01,42.800,FRED monthly history
CPILFESL,1971-07-01,42.900,FRED monthly history
CPILFESL,1971-08-01,43.000,FRED monthly history
CPILFESL,1971-09-01,43.000,FRED monthly history
CPILFESL,1971-10-01,43.100,FRED monthly history
CPILFESL,1971-11-01,43.200,FRED monthly history
CPILFESL,1971-12-01,43.300,FRED monthly history
CPILFESL,1972-01-01,43.500,FRED monthly history
CPILFESL,1972-02-01,43.600,FRED monthly history
CPILFESL,1972-03-01,43.600,FRED monthly history
CPILFESL,1972-04-01,43.800,FRED monthly history
CPILFESL,1972-05-01,43.900,FRED monthly history
CPILFESL,1972-06-01,44.000,FRED monthly history
CPILFESL,1972-07-01,44.100,FRED monthly history
CPILFESL,1972-08-01,44.300,FRED monthly history
CPILFESL,1972-09-01,44.300,FRED monthly history
CPILFESL,1972-10-01,44.400,FRED monthly history
CPILFESL,1972-11-01,44.400,FRED monthly history
CPILFESL,1972-12-01,44.600,FRED monthly history
CPILFESL,1973-01-01,44.600,FRED monthly history
CPILFESL,1973-02-01,44.800,FRED monthly history
CPILFESL,1973-03-01,45.000,FRED monthly history
CPILFESL,1973-04-01,45.100,FRED monthly history
CPILFESL,1973-05-01,45.300,FRED monthly history
CPILFESL,1973-06-01,45.400,FRED monthly history
CPILFESL,1973-07-01,45.500,FRED monthly history
CPILFESL,1973-08-01,45.700,FRED monthly history
CPILFESL,1973-09-01,46.000,FRED monthly history
CPILFESL,1973-10-01,46.300,FRED monthly history
CPILFESL,1973-11-01,46.500,FRED monthly history
CPILFESL,1973-12-01,46.700,FRED monthly history
CPILFESL,1974-01-01,46.900,FRED monthly history
CPILFESL,1974-02-01,47.200,FRED monthly history
CPILFESL,1974-03-01,47.600,FRED monthly history
CPILFESL,1974-04-01,47.900,FRED monthly history
CPILFESL,1974-05-01,48.500,FRED monthly history
CPILFESL,1974-06-01,49.000,FRED monthly history
CPILFESL,1974-07-01,49.500,FRED monthly history
CPILFESL,1974-08-01,50.200,FRED monthly history
CPILFESL,1974-09-01,50.700,FRED monthly history
CPILFESL,1974-10-01,51.200,FRED monthly history
CPILFESL,1974-11-01,51.600,FRED monthly history
CPILFESL,1974-12-01,52.000,FRED monthly history
CPILFESL,1975-01-01,52.300,FRED monthly history
CPILFESL,1975-02-01,52.800,FRED monthly history
CPILFESL,1975-03-01,53.000,FRED monthly history
CPILFESL,1975-04-01,53.300,FRED monthly history
CPILFESL,1975-05-01,53.500,FRED monthly history
CPILFESL,1975-06-01,53.800,FRED monthly history
CPILFESL,1975-07-01,54.000,FRED monthly history
CPILFESL,1975-08-01,54.200,FRED monthly history
CPILFESL,1975-09-01,54.500,FRED monthly history
CPILFESL,1975-10-01,54.800,FRED monthly history
CPILFESL,1975-11-01,55.200,FRED monthly history
CPILFESL,1975-12-01,55.500,FRED monthly history
CPILFESL,1976-01-01,55.900,FRED monthly history
CPILFESL,1976-02-01,56.200,FRED monthly history
CPILFESL,1976-03-01,56.500,FRED monthly history
CPILFESL,1976-04-01,56.700,FRED monthly history
CPILFESL,1976-05-01,57.000,FRED monthly history
CPILFESL,1976-06-01,57.200,FRED monthly history
CPILFESL,1976-07-01,57.600,FRED monthly history
CPILFESL,1976-08-01,57.900,FRED monthly history
CPILFESL,1976-09-01,58.200,FRED monthly history
CPILFESL,1976-10-01,58.500,FRED monthly history
CPILFESL,1976-11-01,58.700,FRED monthly history
CPILFESL,1976-12-01,58.900,FRED monthly history
CPILFESL,1977-01-01,59.300,FRED monthly history
CPILFESL,1977-02-01,59.700,FRED monthly history
CPILFESL,1977-03-01,60.000,FRED monthly history
CPILFESL,1977-04-01,60.300,FRED monthly history
CPILFESL,1977-05-01,60.600,FRED monthly history
CPILFESL,1977-06-01,61.000,FRED monthly history
CPILFESL,1977-07-01,61.200,FRED monthly history
CPILFESL,1977-08-01,61.500,FRED monthly history
CPILFESL,1977-09-01,61.800,FRED monthly history
CPILFESL,1977-10-01,62.000,FRED monthly history
CPILFESL,1977-11-01,62.300,FRED monthly history
CPILFESL,1977-12-01,62.700,FRED monthly history
CPILFESL,1978-01-01,63.100,FRED monthly history
CPILFESL,1978-02-01,63.400,FRED monthly history
CPILFESL,1978-03-01,63.800,FRED monthly history
CPILFESL,1978-04-01,64.300,FRED monthly history
CPILFESL,1978-05-01,64.700,FRED monthly history
CPILFESL,1978-06-01,65.200,FRED monthly history
CPILFESL,1978-07-01,65.600,FRED monthly history
CPILFESL,1978-08-01,66.100,FRED monthly history
CPILFESL,1978-09-01,66.700,FRED monthly history
CPILFESL,1978-10-01,67.200,FRED monthly history
CPILFESL,1978-11-01,67.600,FRED monthly history
CPILFESL,1978-12-01,68.000,FRED monthly history
CPILFESL,1979-01-01,68.500,FRED monthly history
CPILFESL,1979-02-01,69.200,FRED monthly history
CPILFESL,1979-03-01,69.800,FRED monthly history
CPILFESL,1979-04-01,70.300,FRED monthly history
CPILFESL,1979-05-01,70.800,FRED monthly history
CPILFESL,1979-06-01,71.300,FRED monthly history
CPILFESL,1979-07-01,71.900,FRED monthly history
CPILFESL,1979-08-01,72.700,FRED monthly history
CPILFESL,1979-09-01,73.300,FRED monthly history
CPILFESL,1979-10-01,74.000,FRED monthly history
CPILFESL,1979-11-01,74.800,FRED monthly history
CPILFESL,1979-12-01,75.700,FRED monthly history
CPILFESL,1980-01-01,76.700,FRED monthly history
CPILFESL,1980-02-01,77.500,FRED monthly history
CPILFESL,1980-03-01,78.600,FRED monthly history
CPILFESL,1980-04-01,79.500,FRED monthly history
CPILFESL,1980-05-01,80.100,FRED monthly history
CPILFESL,1980-06-01,81.000,FRED monthly history
CPILFESL,1980-07-01,80.800,FRED monthly history
CPILFESL,1980-08-01,81.300,FRED monthly history
CPILFESL,1980-09-01,82.100,FRED monthly history
CPILFESL,1980-10-01,83.000,FRED monthly history
CPILFESL,1980-11-01,83.900,FRED monthly history
CPILFESL,1980-12-01,84.900,FRED monthly history
CPILFESL,1981-01-01,85.400,FRED monthly history
CPILFESL,1981-02-01,85.900,FRED monthly history
CPILFESL,1981-03-01,86.400,FRED monthly history
CPILFESL,1981-04-01,87.000,FRED monthly history
CPILFESL,1981-05-01,87.800,FRED monthly history
CPILFESL,1981-06-01,88.600,FRED monthly history
CPILFESL,1981-07-01,89.800,FRED monthly history
CPILFESL,1981-08-01,90.700,FRED monthly history
CPILFESL,1981-09-01,91.800,FRED monthly history
CPILFESL,1981-10-01,92.100,FRED monthly history
CPILFESL,1981-11-01,92.500,FRED monthly history
CPILFESL,1981-12-01,93.000,FRED monthly history
CPILFESL,1982-01-01,93.300,FRED monthly history
CPILFESL,1982-02-01,93.800,FRED monthly history
CPILFESL,1982-03-01,93.900,FRED monthly history
CPILFESL,1982-04-01,94.700,FRED monthly history
CPILFESL,1982-05-01,95.400,FRED monthly history
CPILFESL,1982-06-01,96.100,FRED monthly history
CPILFESL,1982-07-01,96.700,FRED monthly history
CPILFESL,1982-08-01,97.100,FRED monthly history
CPILFESL,1982-09-01,97.200,FRED monthly history
CPILFESL,1982-10-01,97.500,FRED monthly history
CPILFESL,1982-11-01,97.300,FRED monthly history
CPILFESL,1982-12-01,97.200,FRED monthly history
CPILFESL,1983-01-01,97.600,FRED monthly history
CPILFESL,1983-02-01,98.000,FRED monthly history
CPILFESL,1983-03-01,98.200,FRED monthly history
CPILFESL,1983-04-01,98.600,FRED monthly history
CPILFESL,1983-05-01,98.900,FRED monthly history
CPILFESL,1983-06-01,99.200,FRED monthly history
CPILFESL,1983-07-01,99.800,FRED monthly history
CPILFESL,1983-08-01,100.100,FRED monthly history
CPILFESL,1983-09-01,100.500,FRED monthly history
CPILFESL,1983-10-01,101.000,FRED monthly history
CPILFESL,1983-11-01,101.500,FRED monthly history
CPILFESL,1983-12-01,101.800,FRED monthly history
CPILFESL,1984-01-01,102.500,FRED monthly history
CPILFESL,1984-02-01,102.800,FRED monthly history
CPILFESL,1984-03-01,103.200,FRED monthly history
CPILFESL,1984-04-01,103.700,FRED monthly history
CPILFESL,1984-05-01,104.100,FRED monthly history
CPILFESL,1984-06-01,104.500,FRED monthly history
CPILFESL,1984-07-01,105.000,FRED monthly history
CPILFESL,1984-08-01,105.400,FRED monthly history
CPILFESL,1984-09-01,105.800,FRED monthly history
CPILFESL,1984-10-01,106.200,FRED monthly history
CPILFESL,1984-11-01,106.400,FRED monthly history
CPILFESL,1984-12-01,106.800,FRED monthly history
CPILFESL,1985-01-01,107.100,FRED monthly history
CPILFESL,1985-02-01,107.700,FRED monthly history
CPILFESL,1985-03-01,108.100,FRED monthly history
CPILFESL,1985-04-01,108.400,FRED monthly history
CPILFESL,1985-05-01,108.800,FRED monthly history
CPILFESL,1985-06-01,109.100,FRED monthly history
CPILFESL,1985-07-01,109.400,FRED monthly history
CPILFESL,1985-08-01,109.800,FRED monthly history
CPILFESL,1985-09-01,110.000,FRED monthly history
CPILFESL,1985-10-01,110.500,FRED monthly history
CPILFESL,1985-11-01,111.100,FRED monthly history
CPILFESL,1985-12-01,111.400,FRED monthly history
CPILFESL,1986-01-01,111.900,FRED monthly history
CPILFESL,1986-02-01,112.200,FRED monthly history
CPILFESL,1986-03-01,112.500,FRED monthly history
CPILFESL,1986-04-01,112.900,FRED monthly history
CPILFESL,1986-05-01,113.100,FRED monthly history
CPILFESL,1986-06-01,113.400,FRED monthly history
CPILFESL,1986-07-01,113.800,FRED monthly history
CPILFESL,1986-08-01,114.200,FRED monthly history
CPILFESL,1986-09-01,114.600,FRED monthly history
CPILFESL,1986-10-01,115.000,FRED monthly history
CPILFESL,1986-11-01,115.300,FRED monthly history
CPILFESL,1986-12-01,115.600,FRED monthly history
CPILFESL,1987-01-01,115.900,FRED monthly history
CPILFESL,1987-02-01,116.200,FRED monthly history
CPILFESL,1987-03-01,116.600,FRED monthly history
CPILFESL,1987-04-01,117.300,FRED monthly history
CPILFESL,1987-05-01,117.700,FRED monthly history
CPILFESL,1987-06-01,117.900,FRED monthly history
CPILFESL,1987-07-01,118.300,FRED monthly history
CPILFESL,1987-08-01,118.700,FRED monthly history
CPILFESL,1987-09-01,119.200,FRED monthly history
CPILFESL,1987-10-01,119.800,FRED monthly history
CPILFESL,1987-11-01,120.100,FRED monthly history
CPILFESL,1987-12-01,120.400,FRED monthly history
CPILFESL,1988-01-01,120.900,FRED monthly history
CPILFESL,1988-02-01,121.200,FRED monthly history
CPILFESL,1988-03-01,121.700,FRED monthly history
CPILFESL,1988-04-01,122.300,FRED monthly history
CPILFESL,1988-05-01,122.700,FRED monthly history
CPILFESL,1988-06-01,123.200,FRED monthly history
CPILFESL,1988-07-01,123.600,FRED monthly history
CPILFESL,1988-08-01,124.000,FRED monthly history
CPILFESL,1988-09-01,124.700,FRED monthly history
CPILFESL,1988-10-01,125.200,FRED monthly history
CPILFESL,1988-11-01,125.600,FRED monthly history
CPILFESL,1988-12-01,126.000,FRED monthly history
CPILFESL,1989-01-01,126.500,FRED monthly history
CPILFESL,1989-02-01,126.900,FRED monthly history
CPILFESL,1989-03-01,127.400,FRED monthly history
CPILFESL,1989-04-01,127.800,FRED monthly history
CPILFESL,1989-05-01,128.300,FRED monthly history
CPILFESL,1989-06-01,128.800,FRED monthly history
CPILFESL,1989-07-01,129.200,FRED monthly history
CPILFESL,1989-08-01,129.500,FRED monthly history
CPILFESL,1989-09-01,129.900,FRED monthly history
CPILFESL,1989-10-01,130.600,FRED monthly history
CPILFESL,1989-11-01,131.100,FRED monthly history
CPILFESL,1989-12-01,131.600,FRED monthly history
CPILFESL,1990-01-01,132.100,FRED monthly history
CPILFESL,1990-02-01,132.700,FRED monthly history
CPILFESL,1990-03-01,133.500,FRED monthly history
CPILFESL,1990-04-01,134.000,FRED monthly history
CPILFESL,1990-05-01,134.400,FRED monthly history
CPILFESL,1990-06-01,135.100,FRED monthly history
CPILFESL,1990-07-01,135.800,FRED monthly history
CPILFESL,1990-08-01,136.600,FRED monthly history
CPILFESL,1990-09-01,137.100,FRED monthly history
CPILFESL,1990-10-01,137.600,FRED monthly history
CPILFESL,1990-11-01,138.000,FRED monthly history
CPILFESL,1990-12-01,138.600,FRED monthly history
CPILFESL,1991-01-01,139.500,FRED monthly history
CPILFESL,1991-02-01,140.200,FRED monthly history
CPILFESL,1991-03-01,140.500,FRED monthly history
CPILFESL,1991-04-01,140.900,FRED monthly history
CPILFESL,1991-05-01,141.300,FRED monthly history
CPILFESL,1991-06-01,141.800,FRED monthly history
CPILFESL,1991-07-01,142.300,FRED monthly history
CPILFESL,1991-08-01,142.900,FRED monthly history
CPILFESL,1991-09-01,143.400,FRED monthly history
CPILFESL,1991-10-01,143.700,FRED monthly history
CPILFESL,1991-11-01,144.200,FRED monthly history
CPILFESL,1991-12-01,144.700,FRED monthly history
CPILFESL,1992-01-01,145.100,FRED monthly history
CPILFESL,1992-02-01,145.400,FRED monthly history
CPILFESL,1992-03-01,145.900,FRED monthly history
CPILFESL,1992-04-01,146.300,FRED monthly history
CPILFESL,1992-05-01,146.800,FRED monthly history
CPILFESL,1992-06-01,147.100,FRED monthly history
CPILFESL,1992-07-01,147.600,FRED monthly history
CPILFESL,1992-08-01,147.900,FRED monthly history
CPILFESL,1992-09-01,148.100,FRED monthly history
CPILFESL,1992-10-01,148.800,FRED monthly history
CPILFESL,1992-11-01,149.200,FRED monthly history
CPILFESL,1992-12-01,149.600,FRED monthly history
CPILFESL,1993-01-01,150.100,FRED monthly history
CPILFESL,1993-02-01,150.600,FRED monthly history
CPILFESL,1993-03-01,150.800,FRED monthly history
CPILFESL,1993-04-01,151.400,FRED monthly history
CPILFESL,1993-05-01,151.800,FRED monthly history
CPILFESL,1993-06-01,152.100,FRED monthly history
CPILFESL,1993-07-01,152.300,FRED monthly history
CPILFESL,1993-08-01,152.800,FRED monthly history
CPILFESL,1993-09-01,152.900,FRED monthly history
CPILFESL,1993-10-01,153.400,FRED monthly history
CPILFESL,1993-11-01,153.900,FRED monthly history
CPILFESL,1993-12-01,154.300,FRED monthly history
CPILFESL,1994-01-01,154.500,FRED monthly history
CPILFESL,1994-02-01,154.800,FRED monthly history
CPILFESL,1994-03-01,155.300,FRED monthly history
CPILFESL,1994-04-01,155.500,FRED monthly history
CPILFESL,1994-05-01,155.900,FRED monthly history
CPILFESL,1994-06-01,156.400,FRED monthly history
CPILFESL,1994-07-01,156.700,FRED monthly history
CPILFESL,1994-08-01,157.100,FRED monthly history
CPILFESL,1994-09-01,157.500,FRED monthly history
CPILFESL,1994-10-01,157.800,FRED monthly history
CPILFESL,1994-11-01,158.200,FRED monthly history
CPILFESL,1994-12-01,158.300,FRED monthly history
CPILFESL,1995-01-01,159.000,FRED monthly history
CPILFESL,1995-02-01,159.400,FRED monthly history
CPILFESL,1995-03-01,159.900,FRED monthly history
CPILFESL,1995-04-01,160.400,FRED monthly history
CPILFESL,1995-05-01,160.700,FRED monthly history
CPILFESL,1995-06-01,161.100,FRED monthly history
CPILFESL,1995-07-01,161.400,FRED monthly history
CPILFESL,1995-08-01,161.800,FRED monthly history
CPILFESL,1995-09-01,162.200,FRED monthly history
CPILFESL,1995-10-01,162.700,FRED monthly history
CPILFESL,1995-11-01,163.000,FRED monthly history
CPILFESL,1995-12-01,163.100,FRED monthly history
CPILFESL,1996-01-01,163.700,FRED monthly history
CPILFESL,1996-02-01,164.000,FRED monthly history
CPILFESL,1996-03-01,164.400,FRED monthly history
CPILFESL,1996-04-01,164.600,FRED monthly history
CPILFESL,1996-05-01,165.000,FRED monthly history
CPILFESL,1996-06-01,165.400,FRED monthly history
CPILFESL,1996-07-01,165.700,FRED monthly history
CPILFESL,1996-08-01,166.000,FRED monthly history
CPILFESL,1996-09-01,166.500,FRED monthly history
CPILFESL,1996-10-01,166.800,FRED monthly history
CPILFESL,1996-11-01,167.200,FRED monthly history
CPILFESL,1996-12-01,167.400,FRED monthly history
CPILFESL,1997-01-01,167.800,FRED monthly history
CPILFESL,1997-02-01,168.100,FRED monthly history
CPILFESL,1997-03-01,168.400,FRED monthly history
CPILFESL,1997-04-01,168.900,FRED monthly history
CPILFESL,1997-05-01,169.200,FRED monthly history
CPILFESL,1997-06-01,169.400,FRED monthly history
CPILFESL,1997-07-01,169.700,FRED monthly history
CPILFESL,1997-08-01,169.800,FRED monthly history
CPILFESL,1997-09-01,170.200,FRED monthly history
CPILFESL,1997-10-01,170.600,FRED monthly history
CPILFESL,1997-11-01,170.800,FRED monthly history
CPILFESL,1997-12-01,171.200,FRED monthly history
CPILFESL,1998-01-01,171.600,FRED monthly history
CPILFESL,1998-02-01,171.900,FRED monthly history
CPILFESL,1998-03-01,172.200,FRED monthly history
CPILFESL,1998-04-01,172.500,FRED monthly history
CPILFESL,1998-05-01,172.900,FRED monthly history
CPILFESL,1998-06-01,173.200,FRED monthly history
CPILFESL,1998-07-01,173.500,FRED monthly history
CPILFESL,1998-08-01,174.000,FRED monthly history
CPILFESL,1998-09-01,174.200,FRED monthly history
CPILFESL,1998-10-01,174.400,FRED monthly history
CPILFESL,1998-11-01,174.800,FRED monthly history
CPILFESL,1998-12-01,175.400,FRED monthly history
CPILFESL,1999-01-01,175.600,FRED monthly history
CPILFESL,1999-02-01,175.600,FRED monthly history
CPILFESL,1999-03-01,175.700,FRED monthly history
CPILFESL,1999-04-01,176.300,FRED monthly history
CPILFESL,1999-05-01,176.500,FRED monthly history
CPILFESL,1999-06-01,176.600,FRED monthly history
CPILFESL,1999-07-01,177.100,FRED monthly history
CPILFESL,1999-08-01,177.300,FRED monthly history
CPILFESL,1999-09-01,177.800,FRED monthly history
CPILFESL,1999-10-01,178.100,FRED monthly history
CPILFESL,1999-11-01,178.400,FRED monthly history
CPILFESL,1999-12-01,178.700,FRED monthly history
CPILFESL,2000-01-01,179.300,FRED monthly history
CPILFESL,2000-02-01,179.400,FRED monthly history
CPILFESL,2000-03-01,180.000,FRED monthly history
CPILFESL,2000-04-01,180.300,FRED monthly history
CPILFESL,2000-05-01,180.700,FRED monthly history
CPILFESL,2000-06-01,181.100,FRED monthly history
CPILFESL,2000-07-01,181.500,FRED monthly history
CPILFESL,2000-08-01,181.900,FRED monthly history
CPILFESL,2000-09-01,182.300,FRED monthly history
CPILFESL,2000-10-01,182.600,FRED monthly history
CPILFESL,2000-11-01,183.100,FRED monthly history
CPILFESL,2000-12-01,183.300,FRED monthly history
CPILFESL,2001-01-01,183.900,FRED monthly history
CPILFESL,2001-02-01,184.400,FRED monthly history
CPILFESL,2001-03-01,184.700,FRED monthly history
CPILFESL,2001-04-01,185.100,FRED monthly history
CPILFESL,2001-05-01,185.300,FRED monthly history
CPILFESL,2001-06-01,186.000,FRED monthly history
CPILFESL,2001-07-01,186.400,FRED monthly history
CPILFESL,2001-08-01,186.700,FRED monthly history
CPILFESL,2001-09-01,187.100,FRED monthly history
CPILFESL,2001-10-01,187.400,FRED monthly history
CPILFESL,2001-11-01,188.100,FRED monthly history
CPILFESL,2001-12-01,188.400,FRED monthly history
CPILFESL,2002-01-01,188.700,FRED monthly history
CPILFESL,2002-02-01,189.100,FRED monthly history
CPILFESL,2002-03-01,189.200,FRED monthly history
CPILFESL,2002-04-01,189.700,FRED monthly history
CPILFESL,2002-05-01,190.000,FRED monthly history
CPILFESL,2002-06-01,190.200,FRED monthly history
CPILFESL,2002-07-01,190.500,FRED monthly history
CPILFESL,2002-08-01,191.100,FRED monthly history
CPILFESL,2002-09-01,191.300,FRED monthly history
CPILFESL,2002-10-01,191.500,FRED monthly history
CPILFESL,2002-11-01,191.900,FRED monthly history
CPILFESL,2002-12-01,192.100,FRED monthly history
CPILFESL,2003-01-01,192.400,FRED monthly history
CPILFESL,2003-02-01,192.500,FRED monthly history
CPILFESL,2003-03-01,192.500,FRED monthly history
CPILFESL,2003-04-01,192.500,FRED monthly history
CPILFESL,2003-05-01,192.900,FRED monthly history
CPILFESL,2003-06-01,193.000,FRED monthly history
CPILFESL,2003-07-01,193.400,FRED monthly history
CPILFESL,2003-08-01,193.600,FRED monthly history
CPILFESL,2003-09-01,193.700,FRED monthly history
CPILFESL,2003-10-01,194.000,FRED monthly history
CPILFESL,2003-11-01,194.000,FRED monthly history
CPILFESL,2003-12-01,194.200,FRED monthly history
CPILFESL,2004-01-01,194.600,FRED monthly history
CPILFESL,2004-02-01,194.900,FRED monthly history
CPILFESL,2004-03-01,195.500,FRED monthly history
CPILFESL,2004-04-01,195.900,FRED monthly history
CPILFESL,2004-05-01,196.200,FRED monthly history
CPILFESL,2004-06-01,196.600,FRED monthly history
CPILFESL,2004-07-01,196.800,FRED monthly history
CPILFESL,2004-08-01,196.900,FRED monthly history
CPILFESL,2004-09-01,197.500,FRED monthly history
CPILFESL,2004-10-01,197.900,FRED monthly history
CPILFESL,2004-11-01,198.300,FRED monthly history
CPILFESL,2004-12-01,198.600,FRED monthly history
CPILFESL,2005-01-01,199.000,FRED monthly history
CPILFESL,2005-02-01,199.400,FRED monthly history
CPILFESL,2005-03-01,200.100,FRED monthly history
CPILFESL,2005-04-01,200.200,FRED monthly history
CPILFESL,2005-05-01,200.500,FRED monthly history
CPILFESL,2005-06-01,200.600,FRED monthly history
CPILFESL,2005-07-01,200.900,FRED monthly history
CPILFESL,2005-08-01,201.100,FRED monthly history
CPILFESL,2005-09-01,201.300,FRED monthly history
CPILFESL,2005-10-01,202.000,FRED monthly history
CPILFESL,2005-11-01,202.500,FRED monthly history
CPILFESL,2005-12-01,202.800,FRED monthly history
CPILFESL,2006-01-01,203.200,FRED monthly history
CPILFESL,2006-02-01,203.600,FRED monthly history
CPILFESL,2006-03-01,204.300,FRED monthly history
CPILFESL,2006-04-01,204.800,FRED monthly history
CPILFESL,2006-05-01,205.400,FRED monthly history
CPILFESL,2006-06-01,205.900,FRED monthly history
CPILFESL,2006-07-01,206.300,FRED monthly history
CPILFESL,2006-08-01,206.800,FRED monthly history
CPILFESL,2006-09-01,207.200,FRED monthly history
CPILFESL,2006-10-01,207.600,FRED monthly history
CPILFESL,2006-11-01,207.800,FRED monthly history
CPILFESL,2006-12-01,208.100,FRED monthly history
CPILFESL,2007-01-01,208.600,FRED monthly history
CPILFESL,2007-02-01,209.135,FRED monthly history
CPILFESL,2007-03-01,209.418,FRED monthly history
CPILFESL,2007-04-01,209.747,FRED monthly history
CPILFESL,2007-05-01,210.058,FRED monthly history
CPILFESL,2007-06-01,210.392,FRED monthly history
CPILFESL,2007-07-01,210.773,FRED monthly history
CPILFESL,2007-08-01,211.119,FRED monthly history
CPILFESL,2007-09-01,211.554,FRED monthly history
CPILFESL,2007-10-01,212.077,FRED monthly history
CPILFESL,2007-11-01,212.660,FRED monthly history
CPILFESL,2007-12-01,213.168,FRED monthly history
CPILFESL,2008-01-01,213.771,FRED monthly history
CPILFESL,2008-02-01,213.939,FRED monthly history
CPILFESL,2008-03-01,214.420,FRED monthly history
CPILFESL,2008-04-01,214.560,FRED monthly history
CPILFESL,2008-05-01,214.936,FRED monthly history
CPILFESL,2008-06-01,215.424,FRED monthly history
CPILFESL,2008-07-01,215.965,FRED monthly history
CPILFESL,2008-08-01,216.393,FRED monthly history
CPILFESL,2008-09-01,216.713,FRED monthly history
CPILFESL,2008-10-01,216.788,FRED monthly history
CPILFESL,2008-11-01,216.947,FRED monthly history
CPILFESL,2008-12-01,216.925,FRED monthly history
CPILFESL,2009-01-01,217.346,FRED monthly history
CPILFESL,2009-02-01,217.792,FRED monthly history
CPILFESL,2009-03-01,218.253,FRED monthly history
CPILFESL,2009-04-01,218.706,FRED monthly history
CPILFESL,2009-05-01,218.904,FRED monthly history
CPILFESL,2009-06-01,219.112,FRED monthly history
CPILFESL,2009-07-01,219.263,FRED monthly history
CPILFESL,2009-08-01,219.496,FRED monthly history
CPILFESL,2009-09-01,219.920,FRED monthly history
CPILFESL,2009-10-01,220.501,FRED monthly history
CPILFESL,2009-11-01,220.666,FRED monthly history
CPILFESL,2009-12-01,220.881,FRED monthly history
CPILFESL,2010-01-01,220.633,FRED monthly history
CPILFESL,2010-02-01,220.731,FRED monthly history
CPILFESL,2010-03-01,220.783,FRED monthly history
CPILFESL,2010-04-01,220.822,FRED monthly history
CPILFESL,2010-05-01,220.962,FRED monthly history
CPILFESL,2010-06-01,221.194,FRED monthly history
CPILFESL,2010-07-01,221.363,FRED monthly history
CPILFESL,2010-08-01,221.509,FRED monthly history
CPILFESL,2010-09-01,221.711,FRED monthly history
CPILFESL,2010-10-01,221.830,FRED monthly history
CPILFESL,2010-11-01,222.149,FRED monthly history
CPILFESL,2010-12-01,222.343,FRED monthly history
CPILFESL,2011-01-01,222.803,FRED monthly history
CPILFESL,2011-02-01,223.213,FRED monthly history
CPILFESL,2011-03-01,223.454,FRED monthly history
CPILFESL,2011-04-01,223.727,FRED monthly history
CPILFESL,2011-05-01,224.175,FRED monthly history
CPILFESL,2011-06-01,224.697,FRED monthly history
CPILFESL,2011-07-01,225.218,FRED monthly history
CPILFESL,2011-08-01,225.862,FRED monthly history
CPILFESL,2011-09-01,226.118,FRED monthly history
CPILFESL,2011-10-01,226.506,FRED monthly history
CPILFESL,2011-11-01,226.899,FRED monthly history
CPILFESL,2011-12-01,227.405,FRED monthly history
CPILFESL,2012-01-01,227.877,FRED monthly history
CPILFESL,2012-02-01,228.034,FRED monthly history
CPILFESL,2012-03-01,228.478,FRED monthly history
CPILFESL,2012-04-01,228.905,FRED monthly history
CPILFESL,2012-05-01,229.224,FRED monthly history
CPILFESL,2012-06-01,229.623,FRED monthly history
CPILFESL,2012-07-01,229.970,FRED monthly history
CPILFESL,2012-08-01,230.233,FRED monthly history
CPILFESL,2012-09-01,230.659,FRED monthly history
CPILFESL,2012-10-01,231.024,FRED monthly history
CPILFESL,2012-11-01,231.330,FRED monthly history
CPILFESL,2012-12-01,231.725,FRED monthly history
CPILFESL,2013-01-01,232.229,FRED monthly history
CPILFESL,2013-02-01,232.569,FRED monthly history
CPILFESL,2013-03-01,232.794,FRED monthly history
CPILFESL,2013-04-01,232.832,FRED monthly history
CPILFESL,2013-05-01,232.996,FRED monthly history
CPILFESL,2013-06-01,233.350,FRED monthly history
CPILFESL,2013-07-01,233.880,FRED monthly history
CPILFESL,2013-08-01,234.336,FRED monthly history
CPILFESL,2013-09-01,234.700,FRED monthly history
CPILFESL,2013-10-01,234.921,FRED monthly history
CPILFESL,2013-11-01,235.359,FRED monthly history
CPILFESL,2013-12-01,235.759,FRED monthly history
CPILFESL,2014-01-01,235.961,FRED monthly history
CPILFESL,2014-02-01,236.185,FRED monthly history
CPILFESL,2014-03-01,236.625,FRED monthly history
CPILFESL,2014-04-01,237.072,FRED monthly history
CPILFESL,2014-05-01,237.529,FRED monthly history
CPILFESL,2014-06-01,237.837,FRED monthly history
CPILFESL,2014-07-01,238.195,FRED monthly history
CPILFESL,2014-08-01,238.405,FRED monthly history
CPILFESL,2014-09-01,238.786,FRED monthly history
CPILFESL,2014-10-01,239.191,FRED monthly history
CPILFESL,2014-11-01,239.458,FRED monthly history
CPILFESL,2014-12-01,239.584,FRED monthly history
CPILFESL,2015-01-01,239.811,FRED monthly history
CPILFESL,2015-02-01,240.172,FRED monthly history
CPILFESL,2015-03-01,240.755,FRED monthly history
CPILFESL,2015-04-01,241.346,FRED monthly history
CPILFESL,2015-05-01,241.688,FRED monthly history
CPILFESL,2015-06-01,242.064,FRED monthly history
CPILFESL,2015-07-01,242.565,FRED monthly history
CPILFESL,2015-08-01,242.817,FRED monthly history
CPILFESL,2015-09-01,243.316,FRED monthly history
CPILFESL,2015-10-01,243.768,FRED monthly history
CPILFESL,2015-11-01,244.241,FRED monthly history
CPILFESL,2015-12-01,244.547,FRED monthly history
CPILFESL,2016-01-01,244.955,FRED monthly history
CPILFESL,2016-02-01,245.510,FRED monthly history
CPILFESL,2016-03-01,245.913,FRED monthly history
CPILFESL,2016-04-01,246.551,FRED monthly history
CPILFESL,2016-05-01,247.137,FRED monthly history
CPILFESL,2016-06-01,247.540,FRED monthly history
CPILFESL,2016-07-01,247.829,FRED monthly history
CPILFESL,2016-08-01,248.423,FRED monthly history
CPILFESL,2016-09-01,248.842,FRED monthly history
CPILFESL,2016-10-01,249.142,FRED monthly history
CPILFESL,2016-11-01,249.481,FRED monthly history
CPILFESL,2016-12-01,249.920,FRED monthly history
CPILFESL,2017-01-01,250.467,FRED monthly history
CPILFESL,2017-02-01,250.998,FRED monthly history
CPILFESL,2017-03-01,250.944,FRED monthly history
CPILFESL,2017-04-01,251.227,FRED monthly history
CPILFESL,2017-05-01,251.430,FRED monthly history
CPILFESL,2017-06-01,251.746,FRED monthly history
CPILFESL,2017-07-01,251.985,FRED monthly history
CPILFESL,2017-08-01,252.535,FRED monthly history
CPILFESL,2017-09-01,252.812,FRED monthly history
CPILFESL,2017-10-01,253.526,FRED monthly history
CPILFESL,2017-11-01,253.816,FRED monthly history
CPILFESL,2017-12-01,254.344,FRED monthly history
CPILFESL,2018-01-01,255.204,FRED monthly history
CPILFESL,2018-02-01,255.711,FRED monthly history
CPILFESL,2018-03-01,256.271,FRED monthly history
CPILFESL,2018-04-01,256.630,FRED monthly history
CPILFESL,2018-05-01,257.145,FRED monthly history
CPILFESL,2018-06-01,257.399,FRED monthly history
CPILFESL,2018-07-01,257.699,FRED monthly history
CPILFESL,2018-08-01,257.891,FRED monthly history
CPILFESL,2018-09-01,258.368,FRED monthly history
CPILFESL,2018-10-01,258.917,FRED monthly history
CPILFESL,2018-11-01,259.439,FRED monthly history
CPILFESL,2018-12-01,260.063,FRED monthly history
CPILFESL,2019-01-01,260.766,FRED monthly history
CPILFESL,2019-02-01,261.186,FRED monthly history
CPILFESL,2019-03-01,261.567,FRED monthly history
CPILFESL,2019-04-01,261.997,FRED monthly history
CPILFESL,2019-05-01,262.217,FRED monthly history
CPILFESL,2019-06-01,262.739,FRED monthly history
CPILFESL,2019-07-01,263.280,FRED monthly history
CPILFESL,2019-08-01,263.877,FRED monthly history
CPILFESL,2019-09-01,264.388,FRED monthly history
CPILFESL,2019-10-01,264.970,FRED monthly history
CPILFESL,2019-11-01,265.548,FRED monthly history
CPILFESL,2019-12-01,266.020,FRED monthly history
CPILFESL,2020-01-01,266.716,FRED monthly history
CPILFESL,2020-02-01,267.370,FRED monthly history
CPILFESL,2020-03-01,267.054,FRED monthly history
CPILFESL,2020-04-01,265.746,FRED monthly history
CPILFESL,2020-05-01,265.412,FRED monthly history
CPILFESL,2020-06-01,265.849,FRED monthly history
CPILFESL,2020-07-01,267.389,FRED monthly history
CPILFESL,2020-08-01,268.422,FRED monthly history
CPILFESL,2020-09-01,268.933,FRED monthly history
CPILFESL,2020-10-01,269.306,FRED monthly history
CPILFESL,2020-11-01,269.981,FRED monthly history
CPILFESL,2020-12-01,270.341,FRED monthly history
CPILFESL,2021-01-01,270.387,FRED monthly history
CPILFESL,2021-02-01,270.793,FRED monthly history
CPILFESL,2021-03-01,271.459,FRED monthly history
CPILFESL,2021-04-01,273.660,FRED monthly history
CPILFESL,2021-05-01,275.465,FRED monthly history
CPILFESL,2021-06-01,277.651,FRED monthly history
CPILFESL,2021-07-01,278.648,FRED monthly history
CPILFESL,2021-08-01,278.997,FRED monthly history
CPILFESL,2021-09-01,279.698,FRED monthly history
CPILFESL,2021-10-01,281.668,FRED monthly history
CPILFESL,2021-11-01,283.406,FRED monthly history
CPILFESL,2021-12-01,285.180,FRED monthly history
CPILFESL,2022-01-01,286.757,FRED monthly history
CPILFESL,2022-02-01,288.273,FRED monthly history
CPILFESL,2022-03-01,289.056,FRED monthly history
CPILFESL,2022-04-01,290.514,FRED monthly history
CPILFESL,2022-05-01,292.063,FRED monthly history
CPILFESL,2022-06-01,294.050,FRED monthly history
CPILFESL,2022-07-01,295.088,FRED monthly history
CPILFESL,2022-08-01,296.535,FRED monthly history
CPILFESL,2022-09-01,298.226,FRED monthly history
CPILFESL,2022-10-01,299.399,FRED monthly history
CPILFESL,2022-11-01,300.325,FRED monthly history
CPILFESL,2022-12-01,301.394,FRED monthly history
CPILFESL,2023-01-01,302.642,FRED monthly history
CPILFESL,2023-02-01,304.123,FRED monthly history
CPILFESL,2023-03-01,305.147,FRED monthly history
CPILFESL,2023-04-01,306.534,FRED monthly history
CPILFESL,2023-05-01,307.652,FRED monthly history
CPILFESL,2023-06-01,308.322,FRED monthly history
CPILFESL,2023-07-01,308.960,FRED monthly history
CPILFESL,2023-08-01,309.580,FRED monthly history
CPILFESL,2023-09-01,310.539,FRED monthly history
CPILFESL,2023-10-01,311.457,FRED monthly history
CPILFESL,2023-11-01,312.392,FRED monthly history
CPILFESL,2023-12-01,313.195,FRED monthly history
CPILFESL,2024-01-01,314.319,FRED monthly history
CPILFESL,2024-02-01,315.564,FRED monthly history
CPILFESL,2024-03-01,316.792,FRED monthly history
CPILFESL,2024-04-01,317.649,FRED monthly history
CPILFESL,2024-05-01,318.095,FRED monthly history
CPILFESL,2024-06-01,318.390,FRED monthly history
CPILFESL,2024-07-01,318.940,FRED monthly history
CPILFESL,2024-08-01,319.750,FRED monthly history
CPILFESL,2024-09-01,320.732,FRED monthly history
CPILFESL,2024-10-01,321.731,FRED monthly history
CPILFESL,2024-11-01,322.657,FRED monthly history
CPILFESL,2024-12-01,323.259,FRED monthly history
CPILFESL,2025-01-01,324.638,FRED monthly history
CPILFESL,2025-02-01,325.465,FRED monthly history
CPILFESL,2025-03-01,325.690,FRED monthly history
CPILFESL,2025-04-01,326.467,FRED monthly history
CPILFESL,2025-05-01,326.893,FRED monthly history
CPILFESL,2025-06-01,327.658,FRED monthly history
CPILFESL,2025-07-01,328.682,FRED monthly history
CPILFESL,2025-08-01,329.700,FRED monthly history
CPILFESL,2025-09-01,330.418,FRED monthly history
CPILFESL,2025-11-01,331.043,FRED monthly history
CPILFESL,2025-12-01,331.814,FRED monthly history
CPILFESL,2026-01-01,332.793,FRED monthly history
CPILFESL,2026-02-01,333.512,FRED monthly history
CPILFESL,2026-03-01,334.165,FRED monthly history
CPILFESL,2026-04-01,335.423,FRED monthly history
T10Y2Y,1976-06-01,0.84,FRED monthly history
T10Y2Y,1976-07-01,1.12,FRED monthly history
T10Y2Y,1976-08-01,1.16,FRED monthly history
T10Y2Y,1976-09-01,1.22,FRED monthly history
T10Y2Y,1976-10-01,1.39,FRED monthly history
T10Y2Y,1976-11-01,1.59,FRED monthly history
T10Y2Y,1976-12-01,1.47,FRED monthly history
T10Y2Y,1977-01-01,1.22,FRED monthly history
T10Y2Y,1977-02-01,1.37,FRED monthly history
T10Y2Y,1977-03-01,1.41,FRED monthly history
T10Y2Y,1977-04-01,1.31,FRED monthly history
T10Y2Y,1977-05-01,1.20,FRED monthly history
T10Y2Y,1977-06-01,1.12,FRED monthly history
T10Y2Y,1977-07-01,0.92,FRED monthly history
T10Y2Y,1977-08-01,0.69,FRED monthly history
T10Y2Y,1977-09-01,0.59,FRED monthly history
T10Y2Y,1977-10-01,0.39,FRED monthly history
T10Y2Y,1977-11-01,0.44,FRED monthly history
T10Y2Y,1977-12-01,0.56,FRED monthly history
T10Y2Y,1978-01-01,0.47,FRED monthly history
T10Y2Y,1978-02-01,0.47,FRED monthly history
T10Y2Y,1978-03-01,0.45,FRED monthly history
T10Y2Y,1978-04-01,0.27,FRED monthly history
T10Y2Y,1978-05-01,0.30,FRED monthly history
T10Y2Y,1978-06-01,0.14,FRED monthly history
T10Y2Y,1978-07-01,0.09,FRED monthly history
T10Y2Y,1978-08-01,-0.07,FRED monthly history
T10Y2Y,1978-09-01,-0.14,FRED monthly history
T10Y2Y,1978-10-01,-0.53,FRED monthly history
T10Y2Y,1978-11-01,-0.69,FRED monthly history
T10Y2Y,1978-12-01,-0.83,FRED monthly history
T10Y2Y,1979-01-01,-0.69,FRED monthly history
T10Y2Y,1979-02-01,-0.72,FRED monthly history
T10Y2Y,1979-03-01,-0.61,FRED monthly history
T10Y2Y,1979-04-01,-0.56,FRED monthly history
T10Y2Y,1979-05-01,-0.50,FRED monthly history
T10Y2Y,1979-06-01,-0.16,FRED monthly history
T10Y2Y,1979-07-01,-0.30,FRED monthly history
T10Y2Y,1979-08-01,-0.60,FRED monthly history
T10Y2Y,1979-09-01,-0.66,FRED monthly history
T10Y2Y,1979-10-01,-1.34,FRED monthly history
T10Y2Y,1979-11-01,-0.95,FRED monthly history
T10Y2Y,1979-12-01,-0.90,FRED monthly history
T10Y2Y,1980-01-01,-0.62,FRED monthly history
T10Y2Y,1980-02-01,-2.01,FRED monthly history
T10Y2Y,1980-03-01,-1.99,FRED monthly history
T10Y2Y,1980-04-01,-0.05,FRED monthly history
T10Y2Y,1980-05-01,1.00,FRED monthly history
T10Y2Y,1980-06-01,1.12,FRED monthly history
T10Y2Y,1980-07-01,1.04,FRED monthly history
T10Y2Y,1980-08-01,0.19,FRED monthly history
T10Y2Y,1980-09-01,-0.27,FRED monthly history
T10Y2Y,1980-10-01,-0.62,FRED monthly history
T10Y2Y,1980-11-01,-1.41,FRED monthly history
T10Y2Y,1980-12-01,-0.63,FRED monthly history
T10Y2Y,1981-01-01,-0.58,FRED monthly history
T10Y2Y,1981-02-01,-0.65,FRED monthly history
T10Y2Y,1981-03-01,-0.04,FRED monthly history
T10Y2Y,1981-04-01,-0.73,FRED monthly history
T10Y2Y,1981-05-01,-0.90,FRED monthly history
T10Y2Y,1981-06-01,-0.80,FRED monthly history
T10Y2Y,1981-07-01,-1.17,FRED monthly history
T10Y2Y,1981-08-01,-1.32,FRED monthly history
T10Y2Y,1981-09-01,-0.85,FRED monthly history
T10Y2Y,1981-10-01,0.04,FRED monthly history
T10Y2Y,1981-11-01,0.77,FRED monthly history
T10Y2Y,1981-12-01,0.35,FRED monthly history
T10Y2Y,1982-01-01,-0.10,FRED monthly history
T10Y2Y,1982-02-01,-0.41,FRED monthly history
T10Y2Y,1982-03-01,-0.34,FRED monthly history
T10Y2Y,1982-04-01,-0.12,FRED monthly history
T10Y2Y,1982-05-01,0.09,FRED monthly history
T10Y2Y,1982-06-01,-0.22,FRED monthly history
T10Y2Y,1982-07-01,0.51,FRED monthly history
T10Y2Y,1982-08-01,0.82,FRED monthly history
T10Y2Y,1982-09-01,0.50,FRED monthly history
T10Y2Y,1982-10-01,0.86,FRED monthly history
T10Y2Y,1982-11-01,0.83,FRED monthly history
T10Y2Y,1982-12-01,0.88,FRED monthly history
T10Y2Y,1983-01-01,1.22,FRED monthly history
T10Y2Y,1983-02-01,0.96,FRED monthly history
T10Y2Y,1983-03-01,0.75,FRED monthly history
T10Y2Y,1983-04-01,0.92,FRED monthly history
T10Y2Y,1983-05-01,0.79,FRED monthly history
T10Y2Y,1983-06-01,0.73,FRED monthly history
T10Y2Y,1983-07-01,0.73,FRED monthly history
T10Y2Y,1983-08-01,0.80,FRED monthly history
T10Y2Y,1983-09-01,0.91,FRED monthly history
T10Y2Y,1983-10-01,1.13,FRED monthly history
T10Y2Y,1983-11-01,0.96,FRED monthly history
T10Y2Y,1983-12-01,0.97,FRED monthly history
T10Y2Y,1984-01-01,1.09,FRED monthly history
T10Y2Y,1984-02-01,1.05,FRED monthly history
T10Y2Y,1984-03-01,0.93,FRED monthly history
T10Y2Y,1984-04-01,0.93,FRED monthly history
T10Y2Y,1984-05-01,0.91,FRED monthly history
T10Y2Y,1984-06-01,0.67,FRED monthly history
T10Y2Y,1984-07-01,0.34,FRED monthly history
T10Y2Y,1984-08-01,0.25,FRED monthly history
T10Y2Y,1984-09-01,0.40,FRED monthly history
T10Y2Y,1984-10-01,0.70,FRED monthly history
T10Y2Y,1984-11-01,1.08,FRED monthly history
T10Y2Y,1984-12-01,1.53,FRED monthly history
T10Y2Y,1985-01-01,1.27,FRED monthly history
T10Y2Y,1985-02-01,1.25,FRED monthly history
T10Y2Y,1985-03-01,1.22,FRED monthly history
T10Y2Y,1985-04-01,1.50,FRED monthly history
T10Y2Y,1985-05-01,1.36,FRED monthly history
T10Y2Y,1985-06-01,1.58,FRED monthly history
T10Y2Y,1985-07-01,1.56,FRED monthly history
T10Y2Y,1985-08-01,1.32,FRED monthly history
T10Y2Y,1985-09-01,1.43,FRED monthly history
T10Y2Y,1985-10-01,1.31,FRED monthly history
T10Y2Y,1985-11-01,1.13,FRED monthly history
T10Y2Y,1985-12-01,1.02,FRED monthly history
T10Y2Y,1986-01-01,1.09,FRED monthly history
T10Y2Y,1986-02-01,0.42,FRED monthly history
T10Y2Y,1986-03-01,0.47,FRED monthly history
T10Y2Y,1986-04-01,0.55,FRED monthly history
T10Y2Y,1986-05-01,0.69,FRED monthly history
T10Y2Y,1986-06-01,0.54,FRED monthly history
T10Y2Y,1986-07-01,0.77,FRED monthly history
T10Y2Y,1986-08-01,1.01,FRED monthly history
T10Y2Y,1986-09-01,1.07,FRED monthly history
T10Y2Y,1986-10-01,1.08,FRED monthly history
T10Y2Y,1986-11-01,0.94,FRED monthly history
T10Y2Y,1986-12-01,0.88,FRED monthly history
T10Y2Y,1987-01-01,0.85,FRED monthly history
T10Y2Y,1987-02-01,0.84,FRED monthly history
T10Y2Y,1987-03-01,0.97,FRED monthly history
T10Y2Y,1987-04-01,0.83,FRED monthly history
T10Y2Y,1987-05-01,0.80,FRED monthly history
T10Y2Y,1987-06-01,0.90,FRED monthly history
T10Y2Y,1987-07-01,1.03,FRED monthly history
T10Y2Y,1987-08-01,1.03,FRED monthly history
T10Y2Y,1987-09-01,1.03,FRED monthly history
T10Y2Y,1987-10-01,1.30,FRED monthly history
T10Y2Y,1987-11-01,1.26,FRED monthly history
T10Y2Y,1987-12-01,1.06,FRED monthly history
T10Y2Y,1988-01-01,1.04,FRED monthly history
T10Y2Y,1988-02-01,1.03,FRED monthly history
T10Y2Y,1988-03-01,1.16,FRED monthly history
T10Y2Y,1988-04-01,1.14,FRED monthly history
T10Y2Y,1988-05-01,0.99,FRED monthly history
T10Y2Y,1988-06-01,0.80,FRED monthly history
T10Y2Y,1988-07-01,0.73,FRED monthly history
T10Y2Y,1988-08-01,0.54,FRED monthly history
T10Y2Y,1988-09-01,0.44,FRED monthly history
T10Y2Y,1988-10-01,0.40,FRED monthly history
T10Y2Y,1988-11-01,0.22,FRED monthly history
T10Y2Y,1988-12-01,0.00,FRED monthly history
T10Y2Y,1989-01-01,-0.11,FRED monthly history
T10Y2Y,1989-02-01,-0.23,FRED monthly history
T10Y2Y,1989-03-01,-0.43,FRED monthly history
T10Y2Y,1989-04-01,-0.20,FRED monthly history
T10Y2Y,1989-05-01,-0.22,FRED monthly history
T10Y2Y,1989-06-01,0.02,FRED monthly history
T10Y2Y,1989-07-01,0.29,FRED monthly history
T10Y2Y,1989-08-01,-0.16,FRED monthly history
T10Y2Y,1989-09-01,-0.15,FRED monthly history
T10Y2Y,1989-10-01,0.07,FRED monthly history
T10Y2Y,1989-11-01,0.09,FRED monthly history
T10Y2Y,1989-12-01,0.06,FRED monthly history
T10Y2Y,1990-01-01,0.15,FRED monthly history
T10Y2Y,1990-02-01,0.08,FRED monthly history
T10Y2Y,1990-03-01,0.01,FRED monthly history
T10Y2Y,1990-04-01,0.08,FRED monthly history
T10Y2Y,1990-05-01,0.10,FRED monthly history
T10Y2Y,1990-06-01,0.19,FRED monthly history
T10Y2Y,1990-07-01,0.45,FRED monthly history
T10Y2Y,1990-08-01,0.79,FRED monthly history
T10Y2Y,1990-09-01,0.80,FRED monthly history
T10Y2Y,1990-10-01,0.88,FRED monthly history
T10Y2Y,1990-11-01,0.73,FRED monthly history
T10Y2Y,1990-12-01,0.93,FRED monthly history
T10Y2Y,1991-01-01,0.98,FRED monthly history
T10Y2Y,1991-02-01,0.98,FRED monthly history
T10Y2Y,1991-03-01,1.03,FRED monthly history
T10Y2Y,1991-04-01,1.22,FRED monthly history
T10Y2Y,1991-05-01,1.38,FRED monthly history
T10Y2Y,1991-06-01,1.34,FRED monthly history
T10Y2Y,1991-07-01,1.39,FRED monthly history
T10Y2Y,1991-08-01,1.46,FRED monthly history
T10Y2Y,1991-09-01,1.48,FRED monthly history
T10Y2Y,1991-10-01,1.77,FRED monthly history
T10Y2Y,1991-11-01,2.00,FRED monthly history
T10Y2Y,1991-12-01,1.94,FRED monthly history
T10Y2Y,1992-01-01,2.20,FRED monthly history
T10Y2Y,1992-02-01,2.00,FRED monthly history
T10Y2Y,1992-03-01,1.94,FRED monthly history
T10Y2Y,1992-04-01,2.15,FRED monthly history
T10Y2Y,1992-05-01,2.14,FRED monthly history
T10Y2Y,1992-06-01,2.31,FRED monthly history
T10Y2Y,1992-07-01,2.30,FRED monthly history
T10Y2Y,1992-08-01,2.47,FRED monthly history
T10Y2Y,1992-09-01,2.57,FRED monthly history
T10Y2Y,1992-10-01,2.40,FRED monthly history
T10Y2Y,1992-11-01,2.16,FRED monthly history
T10Y2Y,1992-12-01,2.14,FRED monthly history
T10Y2Y,1993-01-01,2.19,FRED monthly history
T10Y2Y,1993-02-01,2.11,FRED monthly history
T10Y2Y,1993-03-01,2.07,FRED monthly history
T10Y2Y,1993-04-01,2.22,FRED monthly history
T10Y2Y,1993-05-01,1.92,FRED monthly history
T10Y2Y,1993-06-01,1.77,FRED monthly history
T10Y2Y,1993-07-01,1.70,FRED monthly history
T10Y2Y,1993-08-01,1.57,FRED monthly history
T10Y2Y,1993-09-01,1.51,FRED monthly history
T10Y2Y,1993-10-01,1.44,FRED monthly history
T10Y2Y,1993-11-01,1.61,FRED monthly history
T10Y2Y,1993-12-01,1.58,FRED monthly history
T10Y2Y,1994-01-01,1.58,FRED monthly history
T10Y2Y,1994-02-01,1.48,FRED monthly history
T10Y2Y,1994-03-01,1.56,FRED monthly history
T10Y2Y,1994-04-01,1.33,FRED monthly history
T10Y2Y,1994-05-01,1.16,FRED monthly history
T10Y2Y,1994-06-01,1.15,FRED monthly history
T10Y2Y,1994-07-01,1.13,FRED monthly history
T10Y2Y,1994-08-01,1.02,FRED monthly history
T10Y2Y,1994-09-01,1.00,FRED monthly history
T10Y2Y,1994-10-01,0.97,FRED monthly history
T10Y2Y,1994-11-01,0.51,FRED monthly history
T10Y2Y,1994-12-01,0.15,FRED monthly history
T10Y2Y,1995-01-01,0.34,FRED monthly history
T10Y2Y,1995-02-01,0.43,FRED monthly history
T10Y2Y,1995-03-01,0.40,FRED monthly history
T10Y2Y,1995-04-01,0.47,FRED monthly history
T10Y2Y,1995-05-01,0.41,FRED monthly history
T10Y2Y,1995-06-01,0.42,FRED monthly history
T10Y2Y,1995-07-01,0.57,FRED monthly history
T10Y2Y,1995-08-01,0.43,FRED monthly history
T10Y2Y,1995-09-01,0.34,FRED monthly history
T10Y2Y,1995-10-01,0.42,FRED monthly history
T10Y2Y,1995-11-01,0.40,FRED monthly history
T10Y2Y,1995-12-01,0.40,FRED monthly history
T10Y2Y,1996-01-01,0.67,FRED monthly history
T10Y2Y,1996-02-01,0.69,FRED monthly history
T10Y2Y,1996-03-01,0.55,FRED monthly history
T10Y2Y,1996-04-01,0.63,FRED monthly history
T10Y2Y,1996-05-01,0.58,FRED monthly history
T10Y2Y,1996-06-01,0.62,FRED monthly history
T10Y2Y,1996-07-01,0.58,FRED monthly history
T10Y2Y,1996-08-01,0.62,FRED monthly history
T10Y2Y,1996-09-01,0.62,FRED monthly history
T10Y2Y,1996-10-01,0.60,FRED monthly history
T10Y2Y,1996-11-01,0.47,FRED monthly history
T10Y2Y,1996-12-01,0.55,FRED monthly history
T10Y2Y,1997-01-01,0.59,FRED monthly history
T10Y2Y,1997-02-01,0.47,FRED monthly history
T10Y2Y,1997-03-01,0.47,FRED monthly history
T10Y2Y,1997-04-01,0.43,FRED monthly history
T10Y2Y,1997-05-01,0.45,FRED monthly history
T10Y2Y,1997-06-01,0.43,FRED monthly history
T10Y2Y,1997-07-01,0.28,FRED monthly history
T10Y2Y,1997-08-01,0.37,FRED monthly history
T10Y2Y,1997-09-01,0.32,FRED monthly history
T10Y2Y,1997-10-01,0.21,FRED monthly history
T10Y2Y,1997-11-01,0.10,FRED monthly history
T10Y2Y,1997-12-01,0.09,FRED monthly history
T10Y2Y,1998-01-01,0.21,FRED monthly history
T10Y2Y,1998-02-01,0.07,FRED monthly history
T10Y2Y,1998-03-01,0.07,FRED monthly history
T10Y2Y,1998-04-01,0.09,FRED monthly history
T10Y2Y,1998-05-01,0.03,FRED monthly history
T10Y2Y,1998-06-01,-0.05,FRED monthly history
T10Y2Y,1998-07-01,0.01,FRED monthly history
T10Y2Y,1998-08-01,0.14,FRED monthly history
T10Y2Y,1998-09-01,0.14,FRED monthly history
T10Y2Y,1998-10-01,0.52,FRED monthly history
T10Y2Y,1998-11-01,0.20,FRED monthly history
T10Y2Y,1998-12-01,0.11,FRED monthly history
T10Y2Y,1999-01-01,0.08,FRED monthly history
T10Y2Y,1999-02-01,0.16,FRED monthly history
T10Y2Y,1999-03-01,0.26,FRED monthly history
T10Y2Y,1999-04-01,0.28,FRED monthly history
T10Y2Y,1999-05-01,0.22,FRED monthly history
T10Y2Y,1999-06-01,0.28,FRED monthly history
T10Y2Y,1999-07-01,0.29,FRED monthly history
T10Y2Y,1999-08-01,0.25,FRED monthly history
T10Y2Y,1999-09-01,0.27,FRED monthly history
T10Y2Y,1999-10-01,0.23,FRED monthly history
T10Y2Y,1999-11-01,0.17,FRED monthly history
T10Y2Y,1999-12-01,0.21,FRED monthly history
T10Y2Y,2000-01-01,0.07,FRED monthly history
T10Y2Y,2000-02-01,-0.11,FRED monthly history
T10Y2Y,2000-03-01,-0.47,FRED monthly history
T10Y2Y,2000-04-01,-0.45,FRED monthly history
T10Y2Y,2000-05-01,-0.40,FRED monthly history
T10Y2Y,2000-06-01,-0.35,FRED monthly history
T10Y2Y,2000-07-01,-0.26,FRED monthly history
T10Y2Y,2000-08-01,-0.45,FRED monthly history
T10Y2Y,2000-09-01,-0.18,FRED monthly history
T10Y2Y,2000-10-01,-0.17,FRED monthly history
T10Y2Y,2000-11-01,-0.13,FRED monthly history
T10Y2Y,2000-12-01,0.01,FRED monthly history
T10Y2Y,2001-01-01,0.57,FRED monthly history
T10Y2Y,2001-02-01,0.51,FRED monthly history
T10Y2Y,2001-03-01,0.75,FRED monthly history
T10Y2Y,2001-04-01,1.05,FRED monthly history
T10Y2Y,2001-05-01,1.21,FRED monthly history
T10Y2Y,2001-06-01,1.17,FRED monthly history
T10Y2Y,2001-07-01,1.28,FRED monthly history
T10Y2Y,2001-08-01,1.21,FRED monthly history
T10Y2Y,2001-09-01,1.74,FRED monthly history
T10Y2Y,2001-10-01,1.86,FRED monthly history
T10Y2Y,2001-11-01,1.94,FRED monthly history
T10Y2Y,2001-12-01,2.00,FRED monthly history
T10Y2Y,2002-01-01,1.91,FRED monthly history
T10Y2Y,2002-02-01,1.82,FRED monthly history
T10Y2Y,2002-03-01,1.70,FRED monthly history
T10Y2Y,2002-04-01,1.87,FRED monthly history
T10Y2Y,2002-05-01,1.86,FRED monthly history
T10Y2Y,2002-06-01,1.96,FRED monthly history
T10Y2Y,2002-07-01,2.28,FRED monthly history
T10Y2Y,2002-08-01,2.00,FRED monthly history
T10Y2Y,2002-09-01,1.91,FRED monthly history
T10Y2Y,2002-10-01,2.25,FRED monthly history
T10Y2Y,2002-11-01,2.14,FRED monthly history
T10Y2Y,2002-12-01,2.22,FRED monthly history
T10Y2Y,2003-01-01,2.28,FRED monthly history
T10Y2Y,2003-02-01,2.18,FRED monthly history
T10Y2Y,2003-03-01,2.32,FRED monthly history
T10Y2Y,2003-04-01,2.38,FRED monthly history
T10Y2Y,2003-05-01,2.04,FRED monthly history
T10Y2Y,2003-06-01,2.22,FRED monthly history
T10Y2Y,2003-07-01,2.69,FRED monthly history
T10Y2Y,2003-08-01,2.50,FRED monthly history
T10Y2Y,2003-09-01,2.46,FRED monthly history
T10Y2Y,2003-10-01,2.48,FRED monthly history
T10Y2Y,2003-11-01,2.28,FRED monthly history
T10Y2Y,2003-12-01,2.43,FRED monthly history
T10Y2Y,2004-01-01,2.32,FRED monthly history
T10Y2Y,2004-02-01,2.33,FRED monthly history
T10Y2Y,2004-03-01,2.26,FRED monthly history
T10Y2Y,2004-04-01,2.22,FRED monthly history
T10Y2Y,2004-05-01,2.12,FRED monthly history
T10Y2Y,2004-06-01,1.92,FRED monthly history
T10Y2Y,2004-07-01,1.82,FRED monthly history
T10Y2Y,2004-08-01,1.72,FRED monthly history
T10Y2Y,2004-09-01,1.51,FRED monthly history
T10Y2Y,2004-10-01,1.49,FRED monthly history
T10Y2Y,2004-11-01,1.34,FRED monthly history
T10Y2Y,2004-12-01,1.16,FRED monthly history
T10Y2Y,2005-01-01,0.85,FRED monthly history
T10Y2Y,2005-02-01,0.77,FRED monthly history
T10Y2Y,2005-03-01,0.70,FRED monthly history
T10Y2Y,2005-04-01,0.55,FRED monthly history
T10Y2Y,2005-05-01,0.40,FRED monthly history
T10Y2Y,2005-06-01,0.28,FRED monthly history
T10Y2Y,2005-07-01,0.26,FRED monthly history
T10Y2Y,2005-08-01,0.18,FRED monthly history
T10Y2Y,2005-09-01,0.16,FRED monthly history
T10Y2Y,2005-10-01,0.17,FRED monthly history
T10Y2Y,2005-11-01,0.07,FRED monthly history
T10Y2Y,2005-12-01,-0.02,FRED monthly history
T10Y2Y,2006-01-01,-0.01,FRED monthly history
T10Y2Y,2006-02-01,-0.14,FRED monthly history
T10Y2Y,2006-03-01,0.04,FRED monthly history
T10Y2Y,2006-04-01,0.20,FRED monthly history
T10Y2Y,2006-05-01,0.08,FRED monthly history
T10Y2Y,2006-06-01,-0.01,FRED monthly history
T10Y2Y,2006-07-01,0.02,FRED monthly history
T10Y2Y,2006-08-01,-0.05,FRED monthly history
T10Y2Y,2006-09-01,-0.07,FRED monthly history
T10Y2Y,2006-10-01,-0.10,FRED monthly history
T10Y2Y,2006-11-01,-0.16,FRED monthly history
T10Y2Y,2006-12-01,-0.11,FRED monthly history
T10Y2Y,2007-01-01,-0.11,FRED monthly history
T10Y2Y,2007-02-01,-0.09,FRED monthly history
T10Y2Y,2007-03-01,0.07,FRED monthly history
T10Y2Y,2007-04-01,0.03,FRED monthly history
T10Y2Y,2007-05-01,-0.02,FRED monthly history
T10Y2Y,2007-06-01,0.16,FRED monthly history
T10Y2Y,2007-07-01,0.22,FRED monthly history
T10Y2Y,2007-08-01,0.39,FRED monthly history
T10Y2Y,2007-09-01,0.62,FRED monthly history
T10Y2Y,2007-10-01,0.54,FRED monthly history
T10Y2Y,2007-11-01,0.93,FRED monthly history
T10Y2Y,2007-12-01,0.99,FRED monthly history
T10Y2Y,2008-01-01,1.50,FRED monthly history
T10Y2Y,2008-02-01,1.88,FRED monthly history
T10Y2Y,2008-03-01,1.83,FRED monthly history
T10Y2Y,2008-04-01,1.48,FRED monthly history
T10Y2Y,2008-05-01,1.40,FRED monthly history
T10Y2Y,2008-06-01,1.36,FRED monthly history
T10Y2Y,2008-07-01,1.47,FRED monthly history
T10Y2Y,2008-08-01,1.47,FRED monthly history
T10Y2Y,2008-09-01,1.85,FRED monthly history
T10Y2Y,2008-10-01,2.45,FRED monthly history
T10Y2Y,2008-11-01,1.93,FRED monthly history
T10Y2Y,2008-12-01,1.49,FRED monthly history
T10Y2Y,2009-01-01,1.93,FRED monthly history
T10Y2Y,2009-02-01,2.02,FRED monthly history
T10Y2Y,2009-03-01,1.90,FRED monthly history
T10Y2Y,2009-04-01,2.25,FRED monthly history
T10Y2Y,2009-05-01,2.55,FRED monthly history
T10Y2Y,2009-06-01,2.42,FRED monthly history
T10Y2Y,2009-07-01,2.39,FRED monthly history
T10Y2Y,2009-08-01,2.43,FRED monthly history
T10Y2Y,2009-09-01,2.36,FRED monthly history
T10Y2Y,2009-10-01,2.51,FRED monthly history
T10Y2Y,2009-11-01,2.54,FRED monthly history
T10Y2Y,2009-12-01,2.71,FRED monthly history
T10Y2Y,2010-01-01,2.81,FRED monthly history
T10Y2Y,2010-02-01,2.80,FRED monthly history
T10Y2Y,2010-03-01,2.82,FRED monthly history
T10Y2Y,2010-04-01,2.72,FRED monthly history
T10Y2Y,2010-05-01,2.55,FRED monthly history
T10Y2Y,2010-06-01,2.36,FRED monthly history
T10Y2Y,2010-07-01,2.39,FRED monthly history
T10Y2Y,2010-08-01,2.00,FRED monthly history
T10Y2Y,2010-09-01,2.11,FRED monthly history
T10Y2Y,2010-10-01,2.29,FRED monthly history
T10Y2Y,2010-11-01,2.36,FRED monthly history
T10Y2Y,2010-12-01,2.69,FRED monthly history
T10Y2Y,2011-01-01,2.84,FRED monthly history
T10Y2Y,2011-02-01,2.73,FRED monthly history
T10Y2Y,2011-03-01,2.67,FRED monthly history
T10Y2Y,2011-04-01,2.71,FRED monthly history
T10Y2Y,2011-05-01,2.60,FRED monthly history
T10Y2Y,2011-06-01,2.73,FRED monthly history
T10Y2Y,2011-07-01,2.46,FRED monthly history
T10Y2Y,2011-08-01,2.03,FRED monthly history
T10Y2Y,2011-09-01,1.67,FRED monthly history
T10Y2Y,2011-10-01,1.92,FRED monthly history
T10Y2Y,2011-11-01,1.83,FRED monthly history
T10Y2Y,2011-12-01,1.64,FRED monthly history
T10Y2Y,2012-01-01,1.61,FRED monthly history
T10Y2Y,2012-02-01,1.68,FRED monthly history
T10Y2Y,2012-03-01,1.90,FRED monthly history
T10Y2Y,2012-04-01,1.68,FRED monthly history
T10Y2Y,2012-05-01,1.32,FRED monthly history
T10Y2Y,2012-06-01,1.34,FRED monthly history
T10Y2Y,2012-07-01,1.28,FRED monthly history
T10Y2Y,2012-08-01,1.35,FRED monthly history
T10Y2Y,2012-09-01,1.42,FRED monthly history
T10Y2Y,2012-10-01,1.42,FRED monthly history
T10Y2Y,2012-11-01,1.37,FRED monthly history
T10Y2Y,2012-12-01,1.53,FRED monthly history
T10Y2Y,2013-01-01,1.75,FRED monthly history
T10Y2Y,2013-02-01,1.64,FRED monthly history
T10Y2Y,2013-03-01,1.62,FRED monthly history
T10Y2Y,2013-04-01,1.48,FRED monthly history
T10Y2Y,2013-05-01,1.86,FRED monthly history
T10Y2Y,2013-06-01,2.16,FRED monthly history
T10Y2Y,2013-07-01,2.29,FRED monthly history
T10Y2Y,2013-08-01,2.39,FRED monthly history
T10Y2Y,2013-09-01,2.31,FRED monthly history
T10Y2Y,2013-10-01,2.26,FRED monthly history
T10Y2Y,2013-11-01,2.47,FRED monthly history
T10Y2Y,2013-12-01,2.66,FRED monthly history
T10Y2Y,2014-01-01,2.33,FRED monthly history
T10Y2Y,2014-02-01,2.33,FRED monthly history
T10Y2Y,2014-03-01,2.29,FRED monthly history
T10Y2Y,2014-04-01,2.25,FRED monthly history
T10Y2Y,2014-05-01,2.11,FRED monthly history
T10Y2Y,2014-06-01,2.06,FRED monthly history
T10Y2Y,2014-07-01,2.05,FRED monthly history
T10Y2Y,2014-08-01,1.87,FRED monthly history
T10Y2Y,2014-09-01,1.94,FRED monthly history
T10Y2Y,2014-10-01,1.85,FRED monthly history
T10Y2Y,2014-11-01,1.71,FRED monthly history
T10Y2Y,2014-12-01,1.50,FRED monthly history
T10Y2Y,2015-01-01,1.21,FRED monthly history
T10Y2Y,2015-02-01,1.37,FRED monthly history
T10Y2Y,2015-03-01,1.38,FRED monthly history
T10Y2Y,2015-04-01,1.47,FRED monthly history
T10Y2Y,2015-05-01,1.51,FRED monthly history
T10Y2Y,2015-06-01,1.71,FRED monthly history
T10Y2Y,2015-07-01,1.53,FRED monthly history
T10Y2Y,2015-08-01,1.47,FRED monthly history
T10Y2Y,2015-09-01,1.42,FRED monthly history
T10Y2Y,2015-10-01,1.41,FRED monthly history
T10Y2Y,2015-11-01,1.27,FRED monthly history
T10Y2Y,2015-12-01,1.21,FRED monthly history
T10Y2Y,2016-01-01,1.18,FRED monthly history
T10Y2Y,2016-02-01,0.96,FRED monthly history
T10Y2Y,2016-03-01,1.05,FRED monthly history
T10Y2Y,2016-04-01,1.06,FRED monthly history
T10Y2Y,2016-05-01,0.97,FRED monthly history
T10Y2Y,2016-06-01,0.91,FRED monthly history
T10Y2Y,2016-07-01,0.79,FRED monthly history
T10Y2Y,2016-08-01,0.78,FRED monthly history
T10Y2Y,2016-09-01,0.83,FRED monthly history
T10Y2Y,2016-10-01,0.98,FRED monthly history
T10Y2Y,2016-11-01,1.26,FRED monthly history
T10Y2Y,2016-12-01,1.25,FRED monthly history
T10Y2Y,2017-01-01,1.26,FRED monthly history
T10Y2Y,2017-02-01,1.14,FRED monthly history
T10Y2Y,2017-03-01,1.13,FRED monthly history
T10Y2Y,2017-04-01,1.01,FRED monthly history
T10Y2Y,2017-05-01,0.93,FRED monthly history
T10Y2Y,2017-06-01,0.93,FRED monthly history
T10Y2Y,2017-07-01,0.96,FRED monthly history
T10Y2Y,2017-08-01,0.79,FRED monthly history
T10Y2Y,2017-09-01,0.86,FRED monthly history
T10Y2Y,2017-10-01,0.78,FRED monthly history
T10Y2Y,2017-11-01,0.64,FRED monthly history
T10Y2Y,2017-12-01,0.51,FRED monthly history
T10Y2Y,2018-01-01,0.58,FRED monthly history
T10Y2Y,2018-02-01,0.62,FRED monthly history
T10Y2Y,2018-03-01,0.47,FRED monthly history
T10Y2Y,2018-04-01,0.46,FRED monthly history
T10Y2Y,2018-05-01,0.43,FRED monthly history
T10Y2Y,2018-06-01,0.33,FRED monthly history
T10Y2Y,2018-07-01,0.29,FRED monthly history
T10Y2Y,2018-08-01,0.24,FRED monthly history
T10Y2Y,2018-09-01,0.24,FRED monthly history
T10Y2Y,2018-10-01,0.28,FRED monthly history
T10Y2Y,2018-11-01,0.21,FRED monthly history
T10Y2Y,2018-12-01,0.21,FRED monthly history
T10Y2Y,2019-01-01,0.18,FRED monthly history
T10Y2Y,2019-02-01,0.21,FRED monthly history
T10Y2Y,2019-03-01,0.14,FRED monthly history
T10Y2Y,2019-04-01,0.24,FRED monthly history
T10Y2Y,2019-05-01,0.19,FRED monthly history
T10Y2Y,2019-06-01,0.25,FRED monthly history
T10Y2Y,2019-07-01,0.13,FRED monthly history
T10Y2Y,2019-08-01,0.00,FRED monthly history
T10Y2Y,2019-09-01,0.05,FRED monthly history
T10Y2Y,2019-10-01,0.17,FRED monthly history
T10Y2Y,2019-11-01,0.17,FRED monthly history
T10Y2Y,2019-12-01,0.34,FRED monthly history
T10Y2Y,2020-01-01,0.18,FRED monthly history
T10Y2Y,2020-02-01,0.27,FRED monthly history
T10Y2Y,2020-03-01,0.47,FRED monthly history
T10Y2Y,2020-04-01,0.44,FRED monthly history
T10Y2Y,2020-05-01,0.49,FRED monthly history
T10Y2Y,2020-06-01,0.50,FRED monthly history
T10Y2Y,2020-07-01,0.44,FRED monthly history
T10Y2Y,2020-08-01,0.58,FRED monthly history
T10Y2Y,2020-09-01,0.56,FRED monthly history
T10Y2Y,2020-10-01,0.74,FRED monthly history
T10Y2Y,2020-11-01,0.68,FRED monthly history
T10Y2Y,2020-12-01,0.80,FRED monthly history
T10Y2Y,2021-01-01,1.00,FRED monthly history
T10Y2Y,2021-02-01,1.30,FRED monthly history
T10Y2Y,2021-03-01,1.58,FRED monthly history
T10Y2Y,2021-04-01,1.49,FRED monthly history
T10Y2Y,2021-05-01,1.44,FRED monthly history
T10Y2Y,2021-06-01,1.20,FRED monthly history
T10Y2Y,2021-07-01,1.05,FRED monthly history
T10Y2Y,2021-08-01,1.10,FRED monthly history
T10Y2Y,2021-09-01,1.24,FRED monthly history
T10Y2Y,2021-10-01,1.07,FRED monthly history
T10Y2Y,2021-11-01,0.91,FRED monthly history
T10Y2Y,2021-12-01,0.79,FRED monthly history
T10Y2Y,2022-01-01,0.61,FRED monthly history
T10Y2Y,2022-02-01,0.39,FRED monthly history
T10Y2Y,2022-03-01,0.04,FRED monthly history
T10Y2Y,2022-04-01,0.19,FRED monthly history
T10Y2Y,2022-05-01,0.32,FRED monthly history
T10Y2Y,2022-06-01,0.06,FRED monthly history
T10Y2Y,2022-07-01,-0.22,FRED monthly history
T10Y2Y,2022-08-01,-0.30,FRED monthly history
T10Y2Y,2022-09-01,-0.39,FRED monthly history
T10Y2Y,2022-10-01,-0.41,FRED monthly history
T10Y2Y,2022-11-01,-0.70,FRED monthly history
T10Y2Y,2022-12-01,-0.53,FRED monthly history
T10Y2Y,2023-01-01,-0.69,FRED monthly history
T10Y2Y,2023-02-01,-0.89,FRED monthly history
T10Y2Y,2023-03-01,-0.58,FRED monthly history
T10Y2Y,2023-04-01,-0.60,FRED monthly history
T10Y2Y,2023-05-01,-0.76,FRED monthly history
T10Y2Y,2023-06-01,-1.06,FRED monthly history
T10Y2Y,2023-07-01,-0.91,FRED monthly history
T10Y2Y,2023-08-01,-0.76,FRED monthly history
T10Y2Y,2023-09-01,-0.44,FRED monthly history
T10Y2Y,2023-10-01,-0.19,FRED monthly history
T10Y2Y,2023-11-01,-0.36,FRED monthly history
T10Y2Y,2023-12-01,-0.35,FRED monthly history
T10Y2Y,2024-01-01,-0.28,FRED monthly history
T10Y2Y,2024-02-01,-0.39,FRED monthly history
T10Y2Y,2024-03-01,-0.39,FRED monthly history
T10Y2Y,2024-04-01,-0.35,FRED monthly history
T10Y2Y,2024-05-01,-0.38,FRED monthly history
T10Y2Y,2024-06-01,-0.35,FRED monthly history
T10Y2Y,2024-07-01,-0.20,FRED monthly history
T10Y2Y,2024-08-01,0.00,FRED monthly history
T10Y2Y,2024-09-01,0.15,FRED monthly history
T10Y2Y,2024-10-01,0.12,FRED monthly history
T10Y2Y,2024-11-01,0.05,FRED monthly history
T10Y2Y,2024-12-01,0.33,FRED monthly history
T10Y2Y,2025-01-01,0.36,FRED monthly history
T10Y2Y,2025-02-01,0.25,FRED monthly history
T10Y2Y,2025-03-01,0.34,FRED monthly history
T10Y2Y,2025-04-01,0.57,FRED monthly history
T10Y2Y,2025-05-01,0.52,FRED monthly history
T10Y2Y,2025-06-01,0.52,FRED monthly history
T10Y2Y,2025-07-01,0.43,FRED monthly history
T10Y2Y,2025-08-01,0.64,FRED monthly history
T10Y2Y,2025-09-01,0.56,FRED monthly history
T10Y2Y,2025-10-01,0.51,FRED monthly history
T10Y2Y,2025-11-01,0.55,FRED monthly history
T10Y2Y,2025-12-01,0.71,FRED monthly history
T10Y2Y,2026-01-01,0.74,FRED monthly history
T10Y2Y,2026-02-01,0.59,FRED monthly history
T10Y2Y,2026-03-01,0.51,FRED monthly history
T10Y2Y,2026-04-01,0.52,FRED monthly history
T10Y2Y,2026-05-01,0.43,FRED monthly history
BAMLH0A0HYM2,2023-05-01,4.69,FRED monthly history
BAMLH0A0HYM2,2023-06-01,4.05,FRED monthly history
BAMLH0A0HYM2,2023-07-01,3.79,FRED monthly history
BAMLH0A0HYM2,2023-08-01,3.85,FRED monthly history
BAMLH0A0HYM2,2023-09-01,4.03,FRED monthly history
BAMLH0A0HYM2,2023-10-01,4.42,FRED monthly history
BAMLH0A0HYM2,2023-11-01,3.84,FRED monthly history
BAMLH0A0HYM2,2023-12-01,3.39,FRED monthly history
BAMLH0A0HYM2,2024-01-01,3.59,FRED monthly history
BAMLH0A0HYM2,2024-02-01,3.29,FRED monthly history
BAMLH0A0HYM2,2024-03-01,3.15,FRED monthly history
BAMLH0A0HYM2,2024-04-01,3.18,FRED monthly history
BAMLH0A0HYM2,2024-05-01,3.20,FRED monthly history
BAMLH0A0HYM2,2024-06-01,3.21,FRED monthly history
BAMLH0A0HYM2,2024-07-01,3.25,FRED monthly history
BAMLH0A0HYM2,2024-08-01,3.17,FRED monthly history
BAMLH0A0HYM2,2024-09-01,3.03,FRED monthly history
BAMLH0A0HYM2,2024-10-01,2.88,FRED monthly history
BAMLH0A0HYM2,2024-11-01,2.74,FRED monthly history
BAMLH0A0HYM2,2024-12-01,2.92,FRED monthly history
BAMLH0A0HYM2,2025-01-01,2.68,FRED monthly history
BAMLH0A0HYM2,2025-02-01,2.87,FRED monthly history
BAMLH0A0HYM2,2025-03-01,3.55,FRED monthly history
BAMLH0A0HYM2,2025-04-01,3.94,FRED monthly history
BAMLH0A0HYM2,2025-05-01,3.32,FRED monthly history
BAMLH0A0HYM2,2025-06-01,2.96,FRED monthly history
BAMLH0A0HYM2,2025-07-01,2.86,FRED monthly history
BAMLH0A0HYM2,2025-08-01,2.84,FRED monthly history
BAMLH0A0HYM2,2025-09-01,2.80,FRED monthly history
BAMLH0A0HYM2,2025-10-01,2.94,FRED monthly history
BAMLH0A0HYM2,2025-11-01,2.92,FRED monthly history
BAMLH0A0HYM2,2025-12-01,2.81,FRED monthly history
BAMLH0A0HYM2,2026-01-01,2.88,FRED monthly history
BAMLH0A0HYM2,2026-02-01,3.12,FRED monthly history
BAMLH0A0HYM2,2026-03-01,3.28,FRED monthly history
BAMLH0A0HYM2,2026-04-01,2.83,FRED monthly history
BAMLH0A0HYM2,2026-05-01,2.78,FRED monthly history
UMCSENT,1952-11-01,86.2,FRED monthly history
UMCSENT,1953-02-01,90.7,FRED monthly history
UMCSENT,1953-08-01,80.8,FRED monthly history
UMCSENT,1953-11-01,80.7,FRED monthly history
UMCSENT,1954-02-01,82.0,FRED monthly history
UMCSENT,1954-05-01,82.9,FRED monthly history
UMCSENT,1954-11-01,87.0,FRED monthly history
UMCSENT,1955-02-01,95.9,FRED monthly history
UMCSENT,1955-05-01,99.1,FRED monthly history
UMCSENT,1955-11-01,99.7,FRED monthly history
UMCSENT,1956-05-01,98.2,FRED monthly history
UMCSENT,1956-08-01,99.9,FRED monthly history
UMCSENT,1956-11-01,100.2,FRED monthly history
UMCSENT,1957-05-01,92.9,FRED monthly history
UMCSENT,1957-11-01,83.7,FRED monthly history
UMCSENT,1958-02-01,78.5,FRED monthly history
UMCSENT,1958-05-01,80.9,FRED monthly history
UMCSENT,1958-11-01,90.8,FRED monthly history
UMCSENT,1959-05-01,95.3,FRED monthly history
UMCSENT,1959-11-01,93.8,FRED monthly history
UMCSENT,1960-02-01,100.0,FRED monthly history
UMCSENT,1960-05-01,93.3,FRED monthly history
UMCSENT,1960-08-01,97.2,FRED monthly history
UMCSENT,1960-11-01,90.1,FRED monthly history
UMCSENT,1961-02-01,91.6,FRED monthly history
UMCSENT,1961-05-01,92.5,FRED monthly history
UMCSENT,1961-08-01,99.2,FRED monthly history
UMCSENT,1961-11-01,93.0,FRED monthly history
UMCSENT,1962-02-01,99.9,FRED monthly history
UMCSENT,1962-05-01,95.4,FRED monthly history
UMCSENT,1962-08-01,91.6,FRED monthly history
UMCSENT,1962-11-01,95.0,FRED monthly history
UMCSENT,1963-02-01,98.4,FRED monthly history
UMCSENT,1963-05-01,91.7,FRED monthly history
UMCSENT,1963-08-01,96.4,FRED monthly history
UMCSENT,1963-11-01,94.4,FRED monthly history
UMCSENT,1964-02-01,99.5,FRED monthly history
UMCSENT,1964-05-01,98.5,FRED monthly history
UMCSENT,1964-08-01,100.6,FRED monthly history
UMCSENT,1964-11-01,99.9,FRED monthly history
UMCSENT,1965-02-01,102.0,FRED monthly history
UMCSENT,1965-05-01,105.4,FRED monthly history
UMCSENT,1965-08-01,103.4,FRED monthly history
UMCSENT,1965-11-01,102.9,FRED monthly history
UMCSENT,1966-02-01,100.0,FRED monthly history
UMCSENT,1966-05-01,95.7,FRED monthly history
UMCSENT,1966-08-01,91.2,FRED monthly history
UMCSENT,1966-11-01,88.3,FRED monthly history
UMCSENT,1967-02-01,94.1,FRED monthly history
UMCSENT,1967-05-01,95.9,FRED monthly history
UMCSENT,1967-08-01,97.0,FRED monthly history
UMCSENT,1967-11-01,92.9,FRED monthly history
UMCSENT,1968-02-01,97.2,FRED monthly history
UMCSENT,1968-05-01,92.4,FRED monthly history
UMCSENT,1968-08-01,92.4,FRED monthly history
UMCSENT,1968-11-01,91.7,FRED monthly history
UMCSENT,1969-02-01,98.2,FRED monthly history
UMCSENT,1969-05-01,91.5,FRED monthly history
UMCSENT,1969-08-01,86.4,FRED monthly history
UMCSENT,1969-11-01,79.7,FRED monthly history
UMCSENT,1970-02-01,78.1,FRED monthly history
UMCSENT,1970-05-01,75.4,FRED monthly history
UMCSENT,1970-08-01,77.6,FRED monthly history
UMCSENT,1970-11-01,72.4,FRED monthly history
UMCSENT,1971-02-01,78.1,FRED monthly history
UMCSENT,1971-05-01,80.2,FRED monthly history
UMCSENT,1971-08-01,82.1,FRED monthly history
UMCSENT,1971-11-01,82.0,FRED monthly history
UMCSENT,1972-02-01,92.8,FRED monthly history
UMCSENT,1972-05-01,88.6,FRED monthly history
UMCSENT,1972-08-01,95.2,FRED monthly history
UMCSENT,1972-11-01,90.7,FRED monthly history
UMCSENT,1973-02-01,81.9,FRED monthly history
UMCSENT,1973-05-01,77.0,FRED monthly history
UMCSENT,1973-08-01,72.0,FRED monthly history
UMCSENT,1973-11-01,76.5,FRED monthly history
UMCSENT,1974-02-01,61.8,FRED monthly history
UMCSENT,1974-05-01,72.1,FRED monthly history
UMCSENT,1974-08-01,64.4,FRED monthly history
UMCSENT,1974-11-01,59.5,FRED monthly history
UMCSENT,1975-02-01,57.6,FRED monthly history
UMCSENT,1975-05-01,72.8,FRED monthly history
UMCSENT,1975-08-01,75.7,FRED monthly history
UMCSENT,1975-11-01,75.6,FRED monthly history
UMCSENT,1976-02-01,84.6,FRED monthly history
UMCSENT,1976-05-01,83.3,FRED monthly history
UMCSENT,1976-08-01,89.7,FRED monthly history
UMCSENT,1976-11-01,87.0,FRED monthly history
UMCSENT,1977-02-01,87.1,FRED monthly history
UMCSENT,1977-05-01,90.2,FRED monthly history
UMCSENT,1977-08-01,89.0,FRED monthly history
UMCSENT,1977-11-01,84.4,FRED monthly history
UMCSENT,1978-01-01,83.7,FRED monthly history
UMCSENT,1978-02-01,84.3,FRED monthly history
UMCSENT,1978-03-01,78.8,FRED monthly history
UMCSENT,1978-04-01,81.6,FRED monthly history
UMCSENT,1978-05-01,82.9,FRED monthly history
UMCSENT,1978-06-01,80.0,FRED monthly history
UMCSENT,1978-07-01,82.4,FRED monthly history
UMCSENT,1978-08-01,78.4,FRED monthly history
UMCSENT,1978-09-01,80.4,FRED monthly history
UMCSENT,1978-10-01,79.3,FRED monthly history
UMCSENT,1978-11-01,75.0,FRED monthly history
UMCSENT,1978-12-01,66.1,FRED monthly history
UMCSENT,1979-01-01,72.1,FRED monthly history
UMCSENT,1979-02-01,73.9,FRED monthly history
UMCSENT,1979-03-01,68.4,FRED monthly history
UMCSENT,1979-04-01,66.0,FRED monthly history
UMCSENT,1979-05-01,68.1,FRED monthly history
UMCSENT,1979-06-01,65.8,FRED monthly history
UMCSENT,1979-07-01,60.4,FRED monthly history
UMCSENT,1979-08-01,64.5,FRED monthly history
UMCSENT,1979-09-01,66.7,FRED monthly history
UMCSENT,1979-10-01,62.1,FRED monthly history
UMCSENT,1979-11-01,63.3,FRED monthly history
UMCSENT,1979-12-01,61.0,FRED monthly history
UMCSENT,1980-01-01,67.0,FRED monthly history
UMCSENT,1980-02-01,66.9,FRED monthly history
UMCSENT,1980-03-01,56.5,FRED monthly history
UMCSENT,1980-04-01,52.7,FRED monthly history
UMCSENT,1980-05-01,51.7,FRED monthly history
UMCSENT,1980-06-01,58.7,FRED monthly history
UMCSENT,1980-07-01,62.3,FRED monthly history
UMCSENT,1980-08-01,67.3,FRED monthly history
UMCSENT,1980-09-01,73.7,FRED monthly history
UMCSENT,1980-10-01,75.0,FRED monthly history
UMCSENT,1980-11-01,76.7,FRED monthly history
UMCSENT,1980-12-01,64.5,FRED monthly history
UMCSENT,1981-01-01,71.4,FRED monthly history
UMCSENT,1981-02-01,66.9,FRED monthly history
UMCSENT,1981-03-01,66.5,FRED monthly history
UMCSENT,1981-04-01,72.4,FRED monthly history
UMCSENT,1981-05-01,76.3,FRED monthly history
UMCSENT,1981-06-01,73.1,FRED monthly history
UMCSENT,1981-07-01,74.1,FRED monthly history
UMCSENT,1981-08-01,77.2,FRED monthly history
UMCSENT,1981-09-01,73.1,FRED monthly history
UMCSENT,1981-10-01,70.3,FRED monthly history
UMCSENT,1981-11-01,62.5,FRED monthly history
UMCSENT,1981-12-01,64.3,FRED monthly history
UMCSENT,1982-01-01,71.0,FRED monthly history
UMCSENT,1982-02-01,66.5,FRED monthly history
UMCSENT,1982-03-01,62.0,FRED monthly history
UMCSENT,1982-04-01,65.5,FRED monthly history
UMCSENT,1982-05-01,67.5,FRED monthly history
UMCSENT,1982-06-01,65.7,FRED monthly history
UMCSENT,1982-07-01,65.4,FRED monthly history
UMCSENT,1982-08-01,65.4,FRED monthly history
UMCSENT,1982-09-01,69.3,FRED monthly history
UMCSENT,1982-10-01,73.4,FRED monthly history
UMCSENT,1982-11-01,72.1,FRED monthly history
UMCSENT,1982-12-01,71.9,FRED monthly history
UMCSENT,1983-01-01,70.4,FRED monthly history
UMCSENT,1983-02-01,74.6,FRED monthly history
UMCSENT,1983-03-01,80.8,FRED monthly history
UMCSENT,1983-04-01,89.1,FRED monthly history
UMCSENT,1983-05-01,93.3,FRED monthly history
UMCSENT,1983-06-01,92.2,FRED monthly history
UMCSENT,1983-07-01,92.8,FRED monthly history
UMCSENT,1983-08-01,90.9,FRED monthly history
UMCSENT,1983-09-01,89.9,FRED monthly history
UMCSENT,1983-10-01,89.3,FRED monthly history
UMCSENT,1983-11-01,91.1,FRED monthly history
UMCSENT,1983-12-01,94.2,FRED monthly history
UMCSENT,1984-01-01,100.1,FRED monthly history
UMCSENT,1984-02-01,97.4,FRED monthly history
UMCSENT,1984-03-01,101.0,FRED monthly history
UMCSENT,1984-04-01,96.1,FRED monthly history
UMCSENT,1984-05-01,98.1,FRED monthly history
UMCSENT,1984-06-01,95.5,FRED monthly history
UMCSENT,1984-07-01,96.6,FRED monthly history
UMCSENT,1984-08-01,99.1,FRED monthly history
UMCSENT,1984-09-01,100.9,FRED monthly history
UMCSENT,1984-10-01,96.3,FRED monthly history
UMCSENT,1984-11-01,95.7,FRED monthly history
UMCSENT,1984-12-01,92.9,FRED monthly history
UMCSENT,1985-01-01,96.0,FRED monthly history
UMCSENT,1985-02-01,93.7,FRED monthly history
UMCSENT,1985-03-01,93.7,FRED monthly history
UMCSENT,1985-04-01,94.6,FRED monthly history
UMCSENT,1985-05-01,91.8,FRED monthly history
UMCSENT,1985-06-01,96.5,FRED monthly history
UMCSENT,1985-07-01,94.0,FRED monthly history
UMCSENT,1985-08-01,92.4,FRED monthly history
UMCSENT,1985-09-01,92.1,FRED monthly history
UMCSENT,1985-10-01,88.4,FRED monthly history
UMCSENT,1985-11-01,90.9,FRED monthly history
UMCSENT,1985-12-01,93.9,FRED monthly history
UMCSENT,1986-01-01,95.6,FRED monthly history
UMCSENT,1986-02-01,95.9,FRED monthly history
UMCSENT,1986-03-01,95.1,FRED monthly history
UMCSENT,1986-04-01,96.2,FRED monthly history
UMCSENT,1986-05-01,94.8,FRED monthly history
UMCSENT,1986-06-01,99.3,FRED monthly history
UMCSENT,1986-07-01,97.7,FRED monthly history
UMCSENT,1986-08-01,94.9,FRED monthly history
UMCSENT,1986-09-01,91.9,FRED monthly history
UMCSENT,1986-10-01,95.6,FRED monthly history
UMCSENT,1986-11-01,91.4,FRED monthly history
UMCSENT,1986-12-01,89.1,FRED monthly history
UMCSENT,1987-01-01,90.4,FRED monthly history
UMCSENT,1987-02-01,90.2,FRED monthly history
UMCSENT,1987-03-01,90.8,FRED monthly history
UMCSENT,1987-04-01,92.8,FRED monthly history
UMCSENT,1987-05-01,91.1,FRED monthly history
UMCSENT,1987-06-01,91.5,FRED monthly history
UMCSENT,1987-07-01,93.7,FRED monthly history
UMCSENT,1987-08-01,94.4,FRED monthly history
UMCSENT,1987-09-01,93.6,FRED monthly history
UMCSENT,1987-10-01,89.3,FRED monthly history
UMCSENT,1987-11-01,83.1,FRED monthly history
UMCSENT,1987-12-01,86.8,FRED monthly history
UMCSENT,1988-01-01,90.8,FRED monthly history
UMCSENT,1988-02-01,91.6,FRED monthly history
UMCSENT,1988-03-01,94.6,FRED monthly history
UMCSENT,1988-04-01,91.2,FRED monthly history
UMCSENT,1988-05-01,94.8,FRED monthly history
UMCSENT,1988-06-01,94.7,FRED monthly history
UMCSENT,1988-07-01,93.4,FRED monthly history
UMCSENT,1988-08-01,97.4,FRED monthly history
UMCSENT,1988-09-01,97.3,FRED monthly history
UMCSENT,1988-10-01,94.1,FRED monthly history
UMCSENT,1988-11-01,93.0,FRED monthly history
UMCSENT,1988-12-01,91.9,FRED monthly history
UMCSENT,1989-01-01,97.9,FRED monthly history
UMCSENT,1989-02-01,95.4,FRED monthly history
UMCSENT,1989-03-01,94.3,FRED monthly history
UMCSENT,1989-04-01,91.5,FRED monthly history
UMCSENT,1989-05-01,90.7,FRED monthly history
UMCSENT,1989-06-01,90.6,FRED monthly history
UMCSENT,1989-07-01,92.0,FRED monthly history
UMCSENT,1989-08-01,89.6,FRED monthly history
UMCSENT,1989-09-01,95.8,FRED monthly history
UMCSENT,1989-10-01,93.9,FRED monthly history
UMCSENT,1989-11-01,90.9,FRED monthly history
UMCSENT,1989-12-01,90.5,FRED monthly history
UMCSENT,1990-01-01,93.0,FRED monthly history
UMCSENT,1990-02-01,89.5,FRED monthly history
UMCSENT,1990-03-01,91.3,FRED monthly history
UMCSENT,1990-04-01,93.9,FRED monthly history
UMCSENT,1990-05-01,90.6,FRED monthly history
UMCSENT,1990-06-01,88.3,FRED monthly history
UMCSENT,1990-07-01,88.2,FRED monthly history
UMCSENT,1990-08-01,76.4,FRED monthly history
UMCSENT,1990-09-01,72.8,FRED monthly history
UMCSENT,1990-10-01,63.9,FRED monthly history
UMCSENT,1990-11-01,66.0,FRED monthly history
UMCSENT,1990-12-01,65.5,FRED monthly history
UMCSENT,1991-01-01,66.8,FRED monthly history
UMCSENT,1991-02-01,70.4,FRED monthly history
UMCSENT,1991-03-01,87.7,FRED monthly history
UMCSENT,1991-04-01,81.8,FRED monthly history
UMCSENT,1991-05-01,78.3,FRED monthly history
UMCSENT,1991-06-01,82.1,FRED monthly history
UMCSENT,1991-07-01,82.9,FRED monthly history
UMCSENT,1991-08-01,82.0,FRED monthly history
UMCSENT,1991-09-01,83.0,FRED monthly history
UMCSENT,1991-10-01,78.3,FRED monthly history
UMCSENT,1991-11-01,69.1,FRED monthly history
UMCSENT,1991-12-01,68.2,FRED monthly history
UMCSENT,1992-01-01,67.5,FRED monthly history
UMCSENT,1992-02-01,68.8,FRED monthly history
UMCSENT,1992-03-01,76.0,FRED monthly history
UMCSENT,1992-04-01,77.2,FRED monthly history
UMCSENT,1992-05-01,79.2,FRED monthly history
UMCSENT,1992-06-01,80.4,FRED monthly history
UMCSENT,1992-07-01,76.6,FRED monthly history
UMCSENT,1992-08-01,76.1,FRED monthly history
UMCSENT,1992-09-01,75.6,FRED monthly history
UMCSENT,1992-10-01,73.3,FRED monthly history
UMCSENT,1992-11-01,85.3,FRED monthly history
UMCSENT,1992-12-01,91.0,FRED monthly history
UMCSENT,1993-01-01,89.3,FRED monthly history
UMCSENT,1993-02-01,86.6,FRED monthly history
UMCSENT,1993-03-01,85.9,FRED monthly history
UMCSENT,1993-04-01,85.6,FRED monthly history
UMCSENT,1993-05-01,80.3,FRED monthly history
UMCSENT,1993-06-01,81.5,FRED monthly history
UMCSENT,1993-07-01,77.0,FRED monthly history
UMCSENT,1993-08-01,77.3,FRED monthly history
UMCSENT,1993-09-01,77.9,FRED monthly history
UMCSENT,1993-10-01,82.7,FRED monthly history
UMCSENT,1993-11-01,81.2,FRED monthly history
UMCSENT,1993-12-01,88.2,FRED monthly history
UMCSENT,1994-01-01,94.3,FRED monthly history
UMCSENT,1994-02-01,93.2,FRED monthly history
UMCSENT,1994-03-01,91.5,FRED monthly history
UMCSENT,1994-04-01,92.6,FRED monthly history
UMCSENT,1994-05-01,92.8,FRED monthly history
UMCSENT,1994-06-01,91.2,FRED monthly history
UMCSENT,1994-07-01,89.0,FRED monthly history
UMCSENT,1994-08-01,91.7,FRED monthly history
UMCSENT,1994-09-01,91.5,FRED monthly history
UMCSENT,1994-10-01,92.7,FRED monthly history
UMCSENT,1994-11-01,91.6,FRED monthly history
UMCSENT,1994-12-01,95.1,FRED monthly history
UMCSENT,1995-01-01,97.6,FRED monthly history
UMCSENT,1995-02-01,95.1,FRED monthly history
UMCSENT,1995-03-01,90.3,FRED monthly history
UMCSENT,1995-04-01,92.5,FRED monthly history
UMCSENT,1995-05-01,89.8,FRED monthly history
UMCSENT,1995-06-01,92.7,FRED monthly history
UMCSENT,1995-07-01,94.4,FRED monthly history
UMCSENT,1995-08-01,96.2,FRED monthly history
UMCSENT,1995-09-01,88.9,FRED monthly history
UMCSENT,1995-10-01,90.2,FRED monthly history
UMCSENT,1995-11-01,88.2,FRED monthly history
UMCSENT,1995-12-01,91.0,FRED monthly history
UMCSENT,1996-01-01,89.3,FRED monthly history
UMCSENT,1996-02-01,88.5,FRED monthly history
UMCSENT,1996-03-01,93.7,FRED monthly history
UMCSENT,1996-04-01,92.7,FRED monthly history
UMCSENT,1996-05-01,89.4,FRED monthly history
UMCSENT,1996-06-01,92.4,FRED monthly history
UMCSENT,1996-07-01,94.7,FRED monthly history
UMCSENT,1996-08-01,95.3,FRED monthly history
UMCSENT,1996-09-01,94.7,FRED monthly history
UMCSENT,1996-10-01,96.5,FRED monthly history
UMCSENT,1996-11-01,99.2,FRED monthly history
UMCSENT,1996-12-01,96.9,FRED monthly history
UMCSENT,1997-01-01,97.4,FRED monthly history
UMCSENT,1997-02-01,99.7,FRED monthly history
UMCSENT,1997-03-01,100.0,FRED monthly history
UMCSENT,1997-04-01,101.4,FRED monthly history
UMCSENT,1997-05-01,103.2,FRED monthly history
UMCSENT,1997-06-01,104.5,FRED monthly history
UMCSENT,1997-07-01,107.1,FRED monthly history
UMCSENT,1997-08-01,104.4,FRED monthly history
UMCSENT,1997-09-01,106.0,FRED monthly history
UMCSENT,1997-10-01,105.6,FRED monthly history
UMCSENT,1997-11-01,107.2,FRED monthly history
UMCSENT,1997-12-01,102.1,FRED monthly history
UMCSENT,1998-01-01,106.6,FRED monthly history
UMCSENT,1998-02-01,110.4,FRED monthly history
UMCSENT,1998-03-01,106.5,FRED monthly history
UMCSENT,1998-04-01,108.7,FRED monthly history
UMCSENT,1998-05-01,106.5,FRED monthly history
UMCSENT,1998-06-01,105.6,FRED monthly history
UMCSENT,1998-07-01,105.2,FRED monthly history
UMCSENT,1998-08-01,104.4,FRED monthly history
UMCSENT,1998-09-01,100.9,FRED monthly history
UMCSENT,1998-10-01,97.4,FRED monthly history
UMCSENT,1998-11-01,102.7,FRED monthly history
UMCSENT,1998-12-01,100.5,FRED monthly history
UMCSENT,1999-01-01,103.9,FRED monthly history
UMCSENT,1999-02-01,108.1,FRED monthly history
UMCSENT,1999-03-01,105.7,FRED monthly history
UMCSENT,1999-04-01,104.6,FRED monthly history
UMCSENT,1999-05-01,106.8,FRED monthly history
UMCSENT,1999-06-01,107.3,FRED monthly history
UMCSENT,1999-07-01,106.0,FRED monthly history
UMCSENT,1999-08-01,104.5,FRED monthly history
UMCSENT,1999-09-01,107.2,FRED monthly history
UMCSENT,1999-10-01,103.2,FRED monthly history
UMCSENT,1999-11-01,107.2,FRED monthly history
UMCSENT,1999-12-01,105.4,FRED monthly history
UMCSENT,2000-01-01,112.0,FRED monthly history
UMCSENT,2000-02-01,111.3,FRED monthly history
UMCSENT,2000-03-01,107.1,FRED monthly history
UMCSENT,2000-04-01,109.2,FRED monthly history
UMCSENT,2000-05-01,110.7,FRED monthly history
UMCSENT,2000-06-01,106.4,FRED monthly history
UMCSENT,2000-07-01,108.3,FRED monthly history
UMCSENT,2000-08-01,107.3,FRED monthly history
UMCSENT,2000-09-01,106.8,FRED monthly history
UMCSENT,2000-10-01,105.8,FRED monthly history
UMCSENT,2000-11-01,107.6,FRED monthly history
UMCSENT,2000-12-01,98.4,FRED monthly history
UMCSENT,2001-01-01,94.7,FRED monthly history
UMCSENT,2001-02-01,90.6,FRED monthly history
UMCSENT,2001-03-01,91.5,FRED monthly history
UMCSENT,2001-04-01,88.4,FRED monthly history
UMCSENT,2001-05-01,92.0,FRED monthly history
UMCSENT,2001-06-01,92.6,FRED monthly history
UMCSENT,2001-07-01,92.4,FRED monthly history
UMCSENT,2001-08-01,91.5,FRED monthly history
UMCSENT,2001-09-01,81.8,FRED monthly history
UMCSENT,2001-10-01,82.7,FRED monthly history
UMCSENT,2001-11-01,83.9,FRED monthly history
UMCSENT,2001-12-01,88.8,FRED monthly history
UMCSENT,2002-01-01,93.0,FRED monthly history
UMCSENT,2002-02-01,90.7,FRED monthly history
UMCSENT,2002-03-01,95.7,FRED monthly history
UMCSENT,2002-04-01,93.0,FRED monthly history
UMCSENT,2002-05-01,96.9,FRED monthly history
UMCSENT,2002-06-01,92.4,FRED monthly history
UMCSENT,2002-07-01,88.1,FRED monthly history
UMCSENT,2002-08-01,87.6,FRED monthly history
UMCSENT,2002-09-01,86.1,FRED monthly history
UMCSENT,2002-10-01,80.6,FRED monthly history
UMCSENT,2002-11-01,84.2,FRED monthly history
UMCSENT,2002-12-01,86.7,FRED monthly history
UMCSENT,2003-01-01,82.4,FRED monthly history
UMCSENT,2003-02-01,79.9,FRED monthly history
UMCSENT,2003-03-01,77.6,FRED monthly history
UMCSENT,2003-04-01,86.0,FRED monthly history
UMCSENT,2003-05-01,92.1,FRED monthly history
UMCSENT,2003-06-01,89.7,FRED monthly history
UMCSENT,2003-07-01,90.9,FRED monthly history
UMCSENT,2003-08-01,89.3,FRED monthly history
UMCSENT,2003-09-01,87.7,FRED monthly history
UMCSENT,2003-10-01,89.6,FRED monthly history
UMCSENT,2003-11-01,93.7,FRED monthly history
UMCSENT,2003-12-01,92.6,FRED monthly history
UMCSENT,2004-01-01,103.8,FRED monthly history
UMCSENT,2004-02-01,94.4,FRED monthly history
UMCSENT,2004-03-01,95.8,FRED monthly history
UMCSENT,2004-04-01,94.2,FRED monthly history
UMCSENT,2004-05-01,90.2,FRED monthly history
UMCSENT,2004-06-01,95.6,FRED monthly history
UMCSENT,2004-07-01,96.7,FRED monthly history
UMCSENT,2004-08-01,95.9,FRED monthly history
UMCSENT,2004-09-01,94.2,FRED monthly history
UMCSENT,2004-10-01,91.7,FRED monthly history
UMCSENT,2004-11-01,92.8,FRED monthly history
UMCSENT,2004-12-01,97.1,FRED monthly history
UMCSENT,2005-01-01,95.5,FRED monthly history
UMCSENT,2005-02-01,94.1,FRED monthly history
UMCSENT,2005-03-01,92.6,FRED monthly history
UMCSENT,2005-04-01,87.7,FRED monthly history
UMCSENT,2005-05-01,86.9,FRED monthly history
UMCSENT,2005-06-01,96.0,FRED monthly history
UMCSENT,2005-07-01,96.5,FRED monthly history
UMCSENT,2005-08-01,89.1,FRED monthly history
UMCSENT,2005-09-01,76.9,FRED monthly history
UMCSENT,2005-10-01,74.2,FRED monthly history
UMCSENT,2005-11-01,81.6,FRED monthly history
UMCSENT,2005-12-01,91.5,FRED monthly history
UMCSENT,2006-01-01,91.2,FRED monthly history
UMCSENT,2006-02-01,86.7,FRED monthly history
UMCSENT,2006-03-01,88.9,FRED monthly history
UMCSENT,2006-04-01,87.4,FRED monthly history
UMCSENT,2006-05-01,79.1,FRED monthly history
UMCSENT,2006-06-01,84.9,FRED monthly history
UMCSENT,2006-07-01,84.7,FRED monthly history
UMCSENT,2006-08-01,82.0,FRED monthly history
UMCSENT,2006-09-01,85.4,FRED monthly history
UMCSENT,2006-10-01,93.6,FRED monthly history
UMCSENT,2006-11-01,92.1,FRED monthly history
UMCSENT,2006-12-01,91.7,FRED monthly history
UMCSENT,2007-01-01,96.9,FRED monthly history
UMCSENT,2007-02-01,91.3,FRED monthly history
UMCSENT,2007-03-01,88.4,FRED monthly history
UMCSENT,2007-04-01,87.1,FRED monthly history
UMCSENT,2007-05-01,88.3,FRED monthly history
UMCSENT,2007-06-01,85.3,FRED monthly history
UMCSENT,2007-07-01,90.4,FRED monthly history
UMCSENT,2007-08-01,83.4,FRED monthly history
UMCSENT,2007-09-01,83.4,FRED monthly history
UMCSENT,2007-10-01,80.9,FRED monthly history
UMCSENT,2007-11-01,76.1,FRED monthly history
UMCSENT,2007-12-01,75.5,FRED monthly history
UMCSENT,2008-01-01,78.4,FRED monthly history
UMCSENT,2008-02-01,70.8,FRED monthly history
UMCSENT,2008-03-01,69.5,FRED monthly history
UMCSENT,2008-04-01,62.6,FRED monthly history
UMCSENT,2008-05-01,59.8,FRED monthly history
UMCSENT,2008-06-01,56.4,FRED monthly history
UMCSENT,2008-07-01,61.2,FRED monthly history
UMCSENT,2008-08-01,63.0,FRED monthly history
UMCSENT,2008-09-01,70.3,FRED monthly history
UMCSENT,2008-10-01,57.6,FRED monthly history
UMCSENT,2008-11-01,55.3,FRED monthly history
UMCSENT,2008-12-01,60.1,FRED monthly history
UMCSENT,2009-01-01,61.2,FRED monthly history
UMCSENT,2009-02-01,56.3,FRED monthly history
UMCSENT,2009-03-01,57.3,FRED monthly history
UMCSENT,2009-04-01,65.1,FRED monthly history
UMCSENT,2009-05-01,68.7,FRED monthly history
UMCSENT,2009-06-01,70.8,FRED monthly history
UMCSENT,2009-07-01,66.0,FRED monthly history
UMCSENT,2009-08-01,65.7,FRED monthly history
UMCSENT,2009-09-01,73.5,FRED monthly history
UMCSENT,2009-10-01,70.6,FRED monthly history
UMCSENT,2009-11-01,67.4,FRED monthly history
UMCSENT,2009-12-01,72.5,FRED monthly history
UMCSENT,2010-01-01,74.4,FRED monthly history
UMCSENT,2010-02-01,73.6,FRED monthly history
UMCSENT,2010-03-01,73.6,FRED monthly history
UMCSENT,2010-04-01,72.2,FRED monthly history
UMCSENT,2010-05-01,73.6,FRED monthly history
UMCSENT,2010-06-01,76.0,FRED monthly history
UMCSENT,2010-07-01,67.8,FRED monthly history
UMCSENT,2010-08-01,68.9,FRED monthly history
UMCSENT,2010-09-01,68.2,FRED monthly history
UMCSENT,2010-10-01,67.7,FRED monthly history
UMCSENT,2010-11-01,71.6,FRED monthly history
UMCSENT,2010-12-01,74.5,FRED monthly history
UMCSENT,2011-01-01,74.2,FRED monthly history
UMCSENT,2011-02-01,77.5,FRED monthly history
UMCSENT,2011-03-01,67.5,FRED monthly history
UMCSENT,2011-04-01,69.8,FRED monthly history
UMCSENT,2011-05-01,74.3,FRED monthly history
UMCSENT,2011-06-01,71.5,FRED monthly history
UMCSENT,2011-07-01,63.7,FRED monthly history
UMCSENT,2011-08-01,55.8,FRED monthly history
UMCSENT,2011-09-01,59.5,FRED monthly history
UMCSENT,2011-10-01,60.8,FRED monthly history
UMCSENT,2011-11-01,63.7,FRED monthly history
UMCSENT,2011-12-01,69.9,FRED monthly history
UMCSENT,2012-01-01,75.0,FRED monthly history
UMCSENT,2012-02-01,75.3,FRED monthly history
UMCSENT,2012-03-01,76.2,FRED monthly history
UMCSENT,2012-04-01,76.4,FRED monthly history
UMCSENT,2012-05-01,79.3,FRED monthly history
UMCSENT,2012-06-01,73.2,FRED monthly history
UMCSENT,2012-07-01,72.3,FRED monthly history
UMCSENT,2012-08-01,74.3,FRED monthly history
UMCSENT,2012-09-01,78.3,FRED monthly history
UMCSENT,2012-10-01,82.6,FRED monthly history
UMCSENT,2012-11-01,82.7,FRED monthly history
UMCSENT,2012-12-01,72.9,FRED monthly history
UMCSENT,2013-01-01,73.8,FRED monthly history
UMCSENT,2013-02-01,77.6,FRED monthly history
UMCSENT,2013-03-01,78.6,FRED monthly history
UMCSENT,2013-04-01,76.4,FRED monthly history
UMCSENT,2013-05-01,84.5,FRED monthly history
UMCSENT,2013-06-01,84.1,FRED monthly history
UMCSENT,2013-07-01,85.1,FRED monthly history
UMCSENT,2013-08-01,82.1,FRED monthly history
UMCSENT,2013-09-01,77.5,FRED monthly history
UMCSENT,2013-10-01,73.2,FRED monthly history
UMCSENT,2013-11-01,75.1,FRED monthly history
UMCSENT,2013-12-01,82.5,FRED monthly history
UMCSENT,2014-01-01,81.2,FRED monthly history
UMCSENT,2014-02-01,81.6,FRED monthly history
UMCSENT,2014-03-01,80.0,FRED monthly history
UMCSENT,2014-04-01,84.1,FRED monthly history
UMCSENT,2014-05-01,81.9,FRED monthly history
UMCSENT,2014-06-01,82.5,FRED monthly history
UMCSENT,2014-07-01,81.8,FRED monthly history
UMCSENT,2014-08-01,82.5,FRED monthly history
UMCSENT,2014-09-01,84.6,FRED monthly history
UMCSENT,2014-10-01,86.9,FRED monthly history
UMCSENT,2014-11-01,88.8,FRED monthly history
UMCSENT,2014-12-01,93.6,FRED monthly history
UMCSENT,2015-01-01,98.1,FRED monthly history
UMCSENT,2015-02-01,95.4,FRED monthly history
UMCSENT,2015-03-01,93.0,FRED monthly history
UMCSENT,2015-04-01,95.9,FRED monthly history
UMCSENT,2015-05-01,90.7,FRED monthly history
UMCSENT,2015-06-01,96.1,FRED monthly history
UMCSENT,2015-07-01,93.1,FRED monthly history
UMCSENT,2015-08-01,91.9,FRED monthly history
UMCSENT,2015-09-01,87.2,FRED monthly history
UMCSENT,2015-10-01,90.0,FRED monthly history
UMCSENT,2015-11-01,91.3,FRED monthly history
UMCSENT,2015-12-01,92.6,FRED monthly history
UMCSENT,2016-01-01,92.0,FRED monthly history
UMCSENT,2016-02-01,91.7,FRED monthly history
UMCSENT,2016-03-01,91.0,FRED monthly history
UMCSENT,2016-04-01,89.0,FRED monthly history
UMCSENT,2016-05-01,94.7,FRED monthly history
UMCSENT,2016-06-01,93.5,FRED monthly history
UMCSENT,2016-07-01,90.0,FRED monthly history
UMCSENT,2016-08-01,89.8,FRED monthly history
UMCSENT,2016-09-01,91.2,FRED monthly history
UMCSENT,2016-10-01,87.2,FRED monthly history
UMCSENT,2016-11-01,93.8,FRED monthly history
UMCSENT,2016-12-01,98.2,FRED monthly history
UMCSENT,2017-01-01,98.5,FRED monthly history
UMCSENT,2017-02-01,96.3,FRED monthly history
UMCSENT,2017-03-01,96.9,FRED monthly history
UMCSENT,2017-04-01,97.0,FRED monthly history
UMCSENT,2017-05-01,97.1,FRED monthly history
UMCSENT,2017-06-01,95.0,FRED monthly history
UMCSENT,2017-07-01,93.4,FRED monthly history
UMCSENT,2017-08-01,96.8,FRED monthly history
UMCSENT,2017-09-01,95.1,FRED monthly history
UMCSENT,2017-10-01,100.7,FRED monthly history
UMCSENT,2017-11-01,98.5,FRED monthly history
UMCSENT,2017-12-01,95.9,FRED monthly history
UMCSENT,2018-01-01,95.7,FRED monthly history
UMCSENT,2018-02-01,99.7,FRED monthly history
UMCSENT,2018-03-01,101.4,FRED monthly history
UMCSENT,2018-04-01,98.8,FRED monthly history
UMCSENT,2018-05-01,98.0,FRED monthly history
UMCSENT,2018-06-01,98.2,FRED monthly history
UMCSENT,2018-07-01,97.9,FRED monthly history
UMCSENT,2018-08-01,96.2,FRED monthly history
UMCSENT,2018-09-01,100.1,FRED monthly history
UMCSENT,2018-10-01,98.6,FRED monthly history
UMCSENT,2018-11-01,97.5,FRED monthly history
UMCSENT,2018-12-01,98.3,FRED monthly history
UMCSENT,2019-01-01,91.2,FRED monthly history
UMCSENT,2019-02-01,93.8,FRED monthly history
UMCSENT,2019-03-01,98.4,FRED monthly history
UMCSENT,2019-04-01,97.2,FRED monthly history
UMCSENT,2019-05-01,100.0,FRED monthly history
UMCSENT,2019-06-01,98.2,FRED monthly history
UMCSENT,2019-07-01,98.4,FRED monthly history
UMCSENT,2019-08-01,89.8,FRED monthly history
UMCSENT,2019-09-01,93.2,FRED monthly history
UMCSENT,2019-10-01,95.5,FRED monthly history
UMCSENT,2019-11-01,96.8,FRED monthly history
UMCSENT,2019-12-01,99.3,FRED monthly history
UMCSENT,2020-01-01,99.8,FRED monthly history
UMCSENT,2020-02-01,101.0,FRED monthly history
UMCSENT,2020-03-01,89.1,FRED monthly history
UMCSENT,2020-04-01,71.8,FRED monthly history
UMCSENT,2020-05-01,72.3,FRED monthly history
UMCSENT,2020-06-01,78.1,FRED monthly history
UMCSENT,2020-07-01,72.5,FRED monthly history
UMCSENT,2020-08-01,74.1,FRED monthly history
UMCSENT,2020-09-01,80.4,FRED monthly history
UMCSENT,2020-10-01,81.8,FRED monthly history
UMCSENT,2020-11-01,76.9,FRED monthly history
UMCSENT,2020-12-01,80.7,FRED monthly history
UMCSENT,2021-01-01,79.0,FRED monthly history
UMCSENT,2021-02-01,76.8,FRED monthly history
UMCSENT,2021-03-01,84.9,FRED monthly history
UMCSENT,2021-04-01,88.3,FRED monthly history
UMCSENT,2021-05-01,82.9,FRED monthly history
UMCSENT,2021-06-01,85.5,FRED monthly history
UMCSENT,2021-07-01,81.2,FRED monthly history
UMCSENT,2021-08-01,70.3,FRED monthly history
UMCSENT,2021-09-01,72.8,FRED monthly history
UMCSENT,2021-10-01,71.7,FRED monthly history
UMCSENT,2021-11-01,67.4,FRED monthly history
UMCSENT,2021-12-01,70.6,FRED monthly history
UMCSENT,2022-01-01,67.2,FRED monthly history
UMCSENT,2022-02-01,62.8,FRED monthly history
UMCSENT,2022-03-01,59.4,FRED monthly history
UMCSENT,2022-04-01,65.2,FRED monthly history
UMCSENT,2022-05-01,58.4,FRED monthly history
UMCSENT,2022-06-01,50.0,FRED monthly history
UMCSENT,2022-07-01,51.5,FRED monthly history
UMCSENT,2022-08-01,58.2,FRED monthly history
UMCSENT,2022-09-01,58.6,FRED monthly history
UMCSENT,2022-10-01,59.9,FRED monthly history
UMCSENT,2022-11-01,56.7,FRED monthly history
UMCSENT,2022-12-01,59.8,FRED monthly history
UMCSENT,2023-01-01,64.9,FRED monthly history
UMCSENT,2023-02-01,66.9,FRED monthly history
UMCSENT,2023-03-01,62.0,FRED monthly history
UMCSENT,2023-04-01,63.7,FRED monthly history
UMCSENT,2023-05-01,59.0,FRED monthly history
UMCSENT,2023-06-01,64.2,FRED monthly history
UMCSENT,2023-07-01,71.5,FRED monthly history
UMCSENT,2023-08-01,69.4,FRED monthly history
UMCSENT,2023-09-01,67.8,FRED monthly history
UMCSENT,2023-10-01,63.8,FRED monthly history
UMCSENT,2023-11-01,61.3,FRED monthly history
UMCSENT,2023-12-01,69.7,FRED monthly history
UMCSENT,2024-01-01,79.0,FRED monthly history
UMCSENT,2024-02-01,76.9,FRED monthly history
UMCSENT,2024-03-01,79.4,FRED monthly history
UMCSENT,2024-04-01,77.2,FRED monthly history
UMCSENT,2024-05-01,69.1,FRED monthly history
UMCSENT,2024-06-01,68.2,FRED monthly history
UMCSENT,2024-07-01,66.4,FRED monthly history
UMCSENT,2024-08-01,67.9,FRED monthly history
UMCSENT,2024-09-01,70.1,FRED monthly history
UMCSENT,2024-10-01,70.5,FRED monthly history
UMCSENT,2024-11-01,71.8,FRED monthly history
UMCSENT,2024-12-01,74.0,FRED monthly history
UMCSENT,2025-01-01,71.7,FRED monthly history
UMCSENT,2025-02-01,64.7,FRED monthly history
UMCSENT,2025-03-01,57.0,FRED monthly history
UMCSENT,2025-04-01,52.2,FRED monthly history
UMCSENT,2025-05-01,52.2,FRED monthly history
UMCSENT,2025-06-01,60.7,FRED monthly history
UMCSENT,2025-07-01,61.7,FRED monthly history
UMCSENT,2025-08-01,58.2,FRED monthly history
UMCSENT,2025-09-01,55.1,FRED monthly history
UMCSENT,2025-10-01,53.6,FRED monthly history
UMCSENT,2025-11-01,51.0,FRED monthly history
UMCSENT,2025-12-01,52.9,FRED monthly history
UMCSENT,2026-01-01,56.4,FRED monthly history
UMCSENT,2026-02-01,56.6,FRED monthly history
UMCSENT,2026-03-01,53.3,FRED monthly history
UMCSENT,2026-04-01,49.8,FRED monthly history
HOUST,1959-01-01,1657,FRED monthly history
HOUST,1959-02-01,1667,FRED monthly history
HOUST,1959-03-01,1620,FRED monthly history
HOUST,1959-04-01,1590,FRED monthly history
HOUST,1959-05-01,1498,FRED monthly history
HOUST,1959-06-01,1503,FRED monthly history
HOUST,1959-07-01,1547,FRED monthly history
HOUST,1959-08-01,1430,FRED monthly history
HOUST,1959-09-01,1540,FRED monthly history
HOUST,1959-10-01,1355,FRED monthly history
HOUST,1959-11-01,1416,FRED monthly history
HOUST,1959-12-01,1601,FRED monthly history
HOUST,1960-01-01,1460,FRED monthly history
HOUST,1960-02-01,1503,FRED monthly history
HOUST,1960-03-01,1109,FRED monthly history
HOUST,1960-04-01,1289,FRED monthly history
HOUST,1960-05-01,1271,FRED monthly history
HOUST,1960-06-01,1247,FRED monthly history
HOUST,1960-07-01,1197,FRED monthly history
HOUST,1960-08-01,1344,FRED monthly history
HOUST,1960-09-01,1097,FRED monthly history
HOUST,1960-10-01,1246,FRED monthly history
HOUST,1960-11-01,1246,FRED monthly history
HOUST,1960-12-01,1063,FRED monthly history
HOUST,1961-01-01,1183,FRED monthly history
HOUST,1961-02-01,1226,FRED monthly history
HOUST,1961-03-01,1312,FRED monthly history
HOUST,1961-04-01,1166,FRED monthly history
HOUST,1961-05-01,1228,FRED monthly history
HOUST,1961-06-01,1382,FRED monthly history
HOUST,1961-07-01,1335,FRED monthly history
HOUST,1961-08-01,1312,FRED monthly history
HOUST,1961-09-01,1429,FRED monthly history
HOUST,1961-10-01,1415,FRED monthly history
HOUST,1961-11-01,1385,FRED monthly history
HOUST,1961-12-01,1365,FRED monthly history
HOUST,1962-01-01,1361,FRED monthly history
HOUST,1962-02-01,1278,FRED monthly history
HOUST,1962-03-01,1443,FRED monthly history
HOUST,1962-04-01,1524,FRED monthly history
HOUST,1962-05-01,1483,FRED monthly history
HOUST,1962-06-01,1404,FRED monthly history
HOUST,1962-07-01,1450,FRED monthly history
HOUST,1962-08-01,1517,FRED monthly history
HOUST,1962-09-01,1324,FRED monthly history
HOUST,1962-10-01,1533,FRED monthly history
HOUST,1962-11-01,1622,FRED monthly history
HOUST,1962-12-01,1564,FRED monthly history
HOUST,1963-01-01,1244,FRED monthly history
HOUST,1963-02-01,1456,FRED monthly history
HOUST,1963-03-01,1534,FRED monthly history
HOUST,1963-04-01,1689,FRED monthly history
HOUST,1963-05-01,1641,FRED monthly history
HOUST,1963-06-01,1588,FRED monthly history
HOUST,1963-07-01,1614,FRED monthly history
HOUST,1963-08-01,1639,FRED monthly history
HOUST,1963-09-01,1763,FRED monthly history
HOUST,1963-10-01,1779,FRED monthly history
HOUST,1963-11-01,1622,FRED monthly history
HOUST,1963-12-01,1491,FRED monthly history
HOUST,1964-01-01,1603,FRED monthly history
HOUST,1964-02-01,1820,FRED monthly history
HOUST,1964-03-01,1517,FRED monthly history
HOUST,1964-04-01,1448,FRED monthly history
HOUST,1964-05-01,1467,FRED monthly history
HOUST,1964-06-01,1550,FRED monthly history
HOUST,1964-07-01,1562,FRED monthly history
HOUST,1964-08-01,1569,FRED monthly history
HOUST,1964-09-01,1455,FRED monthly history
HOUST,1964-10-01,1524,FRED monthly history
HOUST,1964-11-01,1486,FRED monthly history
HOUST,1964-12-01,1484,FRED monthly history
HOUST,1965-01-01,1361,FRED monthly history
HOUST,1965-02-01,1433,FRED monthly history
HOUST,1965-03-01,1423,FRED monthly history
HOUST,1965-04-01,1438,FRED monthly history
HOUST,1965-05-01,1478,FRED monthly history
HOUST,1965-06-01,1488,FRED monthly history
HOUST,1965-07-01,1529,FRED monthly history
HOUST,1965-08-01,1432,FRED monthly history
HOUST,1965-09-01,1482,FRED monthly history
HOUST,1965-10-01,1452,FRED monthly history
HOUST,1965-11-01,1460,FRED monthly history
HOUST,1965-12-01,1656,FRED monthly history
HOUST,1966-01-01,1370,FRED monthly history
HOUST,1966-02-01,1378,FRED monthly history
HOUST,1966-03-01,1394,FRED monthly history
HOUST,1966-04-01,1352,FRED monthly history
HOUST,1966-05-01,1265,FRED monthly history
HOUST,1966-06-01,1194,FRED monthly history
HOUST,1966-07-01,1086,FRED monthly history
HOUST,1966-08-01,1119,FRED monthly history
HOUST,1966-09-01,1046,FRED monthly history
HOUST,1966-10-01,843,FRED monthly history
HOUST,1966-11-01,961,FRED monthly history
HOUST,1966-12-01,990,FRED monthly history
HOUST,1967-01-01,1067,FRED monthly history
HOUST,1967-02-01,1123,FRED monthly history
HOUST,1967-03-01,1056,FRED monthly history
HOUST,1967-04-01,1091,FRED monthly history
HOUST,1967-05-01,1304,FRED monthly history
HOUST,1967-06-01,1248,FRED monthly history
HOUST,1967-07-01,1364,FRED monthly history
HOUST,1967-08-01,1407,FRED monthly history
HOUST,1967-09-01,1421,FRED monthly history
HOUST,1967-10-01,1491,FRED monthly history
HOUST,1967-11-01,1538,FRED monthly history
HOUST,1967-12-01,1308,FRED monthly history
HOUST,1968-01-01,1380,FRED monthly history
HOUST,1968-02-01,1520,FRED monthly history
HOUST,1968-03-01,1466,FRED monthly history
HOUST,1968-04-01,1554,FRED monthly history
HOUST,1968-05-01,1408,FRED monthly history
HOUST,1968-06-01,1405,FRED monthly history
HOUST,1968-07-01,1512,FRED monthly history
HOUST,1968-08-01,1495,FRED monthly history
HOUST,1968-09-01,1556,FRED monthly history
HOUST,1968-10-01,1569,FRED monthly history
HOUST,1968-11-01,1630,FRED monthly history
HOUST,1968-12-01,1548,FRED monthly history
HOUST,1969-01-01,1769,FRED monthly history
HOUST,1969-02-01,1705,FRED monthly history
HOUST,1969-03-01,1561,FRED monthly history
HOUST,1969-04-01,1524,FRED monthly history
HOUST,1969-05-01,1583,FRED monthly history
HOUST,1969-06-01,1528,FRED monthly history
HOUST,1969-07-01,1368,FRED monthly history
HOUST,1969-08-01,1358,FRED monthly history
HOUST,1969-09-01,1507,FRED monthly history
HOUST,1969-10-01,1381,FRED monthly history
HOUST,1969-11-01,1229,FRED monthly history
HOUST,1969-12-01,1327,FRED monthly history
HOUST,1970-01-01,1085,FRED monthly history
HOUST,1970-02-01,1305,FRED monthly history
HOUST,1970-03-01,1319,FRED monthly history
HOUST,1970-04-01,1264,FRED monthly history
HOUST,1970-05-01,1290,FRED monthly history
HOUST,1970-06-01,1385,FRED monthly history
HOUST,1970-07-01,1517,FRED monthly history
HOUST,1970-08-01,1399,FRED monthly history
HOUST,1970-09-01,1534,FRED monthly history
HOUST,1970-10-01,1580,FRED monthly history
HOUST,1970-11-01,1647,FRED monthly history
HOUST,1970-12-01,1893,FRED monthly history
HOUST,1971-01-01,1828,FRED monthly history
HOUST,1971-02-01,1741,FRED monthly history
HOUST,1971-03-01,1910,FRED monthly history
HOUST,1971-04-01,1986,FRED monthly history
HOUST,1971-05-01,2049,FRED monthly history
HOUST,1971-06-01,2026,FRED monthly history
HOUST,1971-07-01,2083,FRED monthly history
HOUST,1971-08-01,2158,FRED monthly history
HOUST,1971-09-01,2041,FRED monthly history
HOUST,1971-10-01,2128,FRED monthly history
HOUST,1971-11-01,2182,FRED monthly history
HOUST,1971-12-01,2295,FRED monthly history
HOUST,1972-01-01,2494,FRED monthly history
HOUST,1972-02-01,2390,FRED monthly history
HOUST,1972-03-01,2334,FRED monthly history
HOUST,1972-04-01,2249,FRED monthly history
HOUST,1972-05-01,2221,FRED monthly history
HOUST,1972-06-01,2254,FRED monthly history
HOUST,1972-07-01,2252,FRED monthly history
HOUST,1972-08-01,2382,FRED monthly history
HOUST,1972-09-01,2481,FRED monthly history
HOUST,1972-10-01,2485,FRED monthly history
HOUST,1972-11-01,2421,FRED monthly history
HOUST,1972-12-01,2366,FRED monthly history
HOUST,1973-01-01,2481,FRED monthly history
HOUST,1973-02-01,2289,FRED monthly history
HOUST,1973-03-01,2365,FRED monthly history
HOUST,1973-04-01,2084,FRED monthly history
HOUST,1973-05-01,2266,FRED monthly history
HOUST,1973-06-01,2067,FRED monthly history
HOUST,1973-07-01,2123,FRED monthly history
HOUST,1973-08-01,2051,FRED monthly history
HOUST,1973-09-01,1874,FRED monthly history
HOUST,1973-10-01,1677,FRED monthly history
HOUST,1973-11-01,1724,FRED monthly history
HOUST,1973-12-01,1526,FRED monthly history
HOUST,1974-01-01,1451,FRED monthly history
HOUST,1974-02-01,1752,FRED monthly history
HOUST,1974-03-01,1555,FRED monthly history
HOUST,1974-04-01,1607,FRED monthly history
HOUST,1974-05-01,1426,FRED monthly history
HOUST,1974-06-01,1513,FRED monthly history
HOUST,1974-07-01,1316,FRED monthly history
HOUST,1974-08-01,1142,FRED monthly history
HOUST,1974-09-01,1150,FRED monthly history
HOUST,1974-10-01,1070,FRED monthly history
HOUST,1974-11-01,1026,FRED monthly history
HOUST,1974-12-01,975,FRED monthly history
HOUST,1975-01-01,1032,FRED monthly history
HOUST,1975-02-01,904,FRED monthly history
HOUST,1975-03-01,993,FRED monthly history
HOUST,1975-04-01,1005,FRED monthly history
HOUST,1975-05-01,1121,FRED monthly history
HOUST,1975-06-01,1087,FRED monthly history
HOUST,1975-07-01,1226,FRED monthly history
HOUST,1975-08-01,1260,FRED monthly history
HOUST,1975-09-01,1264,FRED monthly history
HOUST,1975-10-01,1344,FRED monthly history
HOUST,1975-11-01,1360,FRED monthly history
HOUST,1975-12-01,1321,FRED monthly history
HOUST,1976-01-01,1367,FRED monthly history
HOUST,1976-02-01,1538,FRED monthly history
HOUST,1976-03-01,1421,FRED monthly history
HOUST,1976-04-01,1395,FRED monthly history
HOUST,1976-05-01,1459,FRED monthly history
HOUST,1976-06-01,1495,FRED monthly history
HOUST,1976-07-01,1401,FRED monthly history
HOUST,1976-08-01,1550,FRED monthly history
HOUST,1976-09-01,1720,FRED monthly history
HOUST,1976-10-01,1629,FRED monthly history
HOUST,1976-11-01,1641,FRED monthly history
HOUST,1976-12-01,1804,FRED monthly history
HOUST,1977-01-01,1527,FRED monthly history
HOUST,1977-02-01,1943,FRED monthly history
HOUST,1977-03-01,2063,FRED monthly history
HOUST,1977-04-01,1892,FRED monthly history
HOUST,1977-05-01,1971,FRED monthly history
HOUST,1977-06-01,1893,FRED monthly history
HOUST,1977-07-01,2058,FRED monthly history
HOUST,1977-08-01,2020,FRED monthly history
HOUST,1977-09-01,1949,FRED monthly history
HOUST,1977-10-01,2042,FRED monthly history
HOUST,1977-11-01,2042,FRED monthly history
HOUST,1977-12-01,2142,FRED monthly history
HOUST,1978-01-01,1718,FRED monthly history
HOUST,1978-02-01,1738,FRED monthly history
HOUST,1978-03-01,2032,FRED monthly history
HOUST,1978-04-01,2197,FRED monthly history
HOUST,1978-05-01,2075,FRED monthly history
HOUST,1978-06-01,2070,FRED monthly history
HOUST,1978-07-01,2092,FRED monthly history
HOUST,1978-08-01,1996,FRED monthly history
HOUST,1978-09-01,1970,FRED monthly history
HOUST,1978-10-01,1981,FRED monthly history
HOUST,1978-11-01,2094,FRED monthly history
HOUST,1978-12-01,2044,FRED monthly history
HOUST,1979-01-01,1630,FRED monthly history
HOUST,1979-02-01,1520,FRED monthly history
HOUST,1979-03-01,1847,FRED monthly history
HOUST,1979-04-01,1748,FRED monthly history
HOUST,1979-05-01,1876,FRED monthly history
HOUST,1979-06-01,1913,FRED monthly history
HOUST,1979-07-01,1760,FRED monthly history
HOUST,1979-08-01,1778,FRED monthly history
HOUST,1979-09-01,1832,FRED monthly history
HOUST,1979-10-01,1681,FRED monthly history
HOUST,1979-11-01,1524,FRED monthly history
HOUST,1979-12-01,1498,FRED monthly history
HOUST,1980-01-01,1341,FRED monthly history
HOUST,1980-02-01,1350,FRED monthly history
HOUST,1980-03-01,1047,FRED monthly history
HOUST,1980-04-01,1051,FRED monthly history
HOUST,1980-05-01,927,FRED monthly history
HOUST,1980-06-01,1196,FRED monthly history
HOUST,1980-07-01,1269,FRED monthly history
HOUST,1980-08-01,1436,FRED monthly history
HOUST,1980-09-01,1471,FRED monthly history
HOUST,1980-10-01,1523,FRED monthly history
HOUST,1980-11-01,1510,FRED monthly history
HOUST,1980-12-01,1482,FRED monthly history
HOUST,1981-01-01,1547,FRED monthly history
HOUST,1981-02-01,1246,FRED monthly history
HOUST,1981-03-01,1306,FRED monthly history
HOUST,1981-04-01,1360,FRED monthly history
HOUST,1981-05-01,1140,FRED monthly history
HOUST,1981-06-01,1045,FRED monthly history
HOUST,1981-07-01,1041,FRED monthly history
HOUST,1981-08-01,940,FRED monthly history
HOUST,1981-09-01,911,FRED monthly history
HOUST,1981-10-01,873,FRED monthly history
HOUST,1981-11-01,837,FRED monthly history
HOUST,1981-12-01,910,FRED monthly history
HOUST,1982-01-01,843,FRED monthly history
HOUST,1982-02-01,866,FRED monthly history
HOUST,1982-03-01,931,FRED monthly history
HOUST,1982-04-01,917,FRED monthly history
HOUST,1982-05-01,1025,FRED monthly history
HOUST,1982-06-01,902,FRED monthly history
HOUST,1982-07-01,1166,FRED monthly history
HOUST,1982-08-01,1046,FRED monthly history
HOUST,1982-09-01,1144,FRED monthly history
HOUST,1982-10-01,1173,FRED monthly history
HOUST,1982-11-01,1372,FRED monthly history
HOUST,1982-12-01,1303,FRED monthly history
HOUST,1983-01-01,1586,FRED monthly history
HOUST,1983-02-01,1699,FRED monthly history
HOUST,1983-03-01,1606,FRED monthly history
HOUST,1983-04-01,1472,FRED monthly history
HOUST,1983-05-01,1776,FRED monthly history
HOUST,1983-06-01,1733,FRED monthly history
HOUST,1983-07-01,1785,FRED monthly history
HOUST,1983-08-01,1910,FRED monthly history
HOUST,1983-09-01,1710,FRED monthly history
HOUST,1983-10-01,1715,FRED monthly history
HOUST,1983-11-01,1785,FRED monthly history
HOUST,1983-12-01,1688,FRED monthly history
HOUST,1984-01-01,1897,FRED monthly history
HOUST,1984-02-01,2260,FRED monthly history
HOUST,1984-03-01,1663,FRED monthly history
HOUST,1984-04-01,1851,FRED monthly history
HOUST,1984-05-01,1774,FRED monthly history
HOUST,1984-06-01,1843,FRED monthly history
HOUST,1984-07-01,1732,FRED monthly history
HOUST,1984-08-01,1586,FRED monthly history
HOUST,1984-09-01,1698,FRED monthly history
HOUST,1984-10-01,1590,FRED monthly history
HOUST,1984-11-01,1689,FRED monthly history
HOUST,1984-12-01,1612,FRED monthly history
HOUST,1985-01-01,1711,FRED monthly history
HOUST,1985-02-01,1632,FRED monthly history
HOUST,1985-03-01,1800,FRED monthly history
HOUST,1985-04-01,1821,FRED monthly history
HOUST,1985-05-01,1680,FRED monthly history
HOUST,1985-06-01,1676,FRED monthly history
HOUST,1985-07-01,1684,FRED monthly history
HOUST,1985-08-01,1743,FRED monthly history
HOUST,1985-09-01,1676,FRED monthly history
HOUST,1985-10-01,1834,FRED monthly history
HOUST,1985-11-01,1698,FRED monthly history
HOUST,1985-12-01,1942,FRED monthly history
HOUST,1986-01-01,1972,FRED monthly history
HOUST,1986-02-01,1848,FRED monthly history
HOUST,1986-03-01,1876,FRED monthly history
HOUST,1986-04-01,1933,FRED monthly history
HOUST,1986-05-01,1854,FRED monthly history
HOUST,1986-06-01,1847,FRED monthly history
HOUST,1986-07-01,1782,FRED monthly history
HOUST,1986-08-01,1807,FRED monthly history
HOUST,1986-09-01,1687,FRED monthly history
HOUST,1986-10-01,1681,FRED monthly history
HOUST,1986-11-01,1623,FRED monthly history
HOUST,1986-12-01,1833,FRED monthly history
HOUST,1987-01-01,1774,FRED monthly history
HOUST,1987-02-01,1784,FRED monthly history
HOUST,1987-03-01,1726,FRED monthly history
HOUST,1987-04-01,1614,FRED monthly history
HOUST,1987-05-01,1628,FRED monthly history
HOUST,1987-06-01,1594,FRED monthly history
HOUST,1987-07-01,1575,FRED monthly history
HOUST,1987-08-01,1605,FRED monthly history
HOUST,1987-09-01,1695,FRED monthly history
HOUST,1987-10-01,1515,FRED monthly history
HOUST,1987-11-01,1656,FRED monthly history
HOUST,1987-12-01,1400,FRED monthly history
HOUST,1988-01-01,1271,FRED monthly history
HOUST,1988-02-01,1473,FRED monthly history
HOUST,1988-03-01,1532,FRED monthly history
HOUST,1988-04-01,1573,FRED monthly history
HOUST,1988-05-01,1421,FRED monthly history
HOUST,1988-06-01,1478,FRED monthly history
HOUST,1988-07-01,1467,FRED monthly history
HOUST,1988-08-01,1493,FRED monthly history
HOUST,1988-09-01,1492,FRED monthly history
HOUST,1988-10-01,1522,FRED monthly history
HOUST,1988-11-01,1569,FRED monthly history
HOUST,1988-12-01,1563,FRED monthly history
HOUST,1989-01-01,1621,FRED monthly history
HOUST,1989-02-01,1425,FRED monthly history
HOUST,1989-03-01,1422,FRED monthly history
HOUST,1989-04-01,1339,FRED monthly history
HOUST,1989-05-01,1331,FRED monthly history
HOUST,1989-06-01,1397,FRED monthly history
HOUST,1989-07-01,1427,FRED monthly history
HOUST,1989-08-01,1332,FRED monthly history
HOUST,1989-09-01,1279,FRED monthly history
HOUST,1989-10-01,1410,FRED monthly history
HOUST,1989-11-01,1351,FRED monthly history
HOUST,1989-12-01,1251,FRED monthly history
HOUST,1990-01-01,1551,FRED monthly history
HOUST,1990-02-01,1437,FRED monthly history
HOUST,1990-03-01,1289,FRED monthly history
HOUST,1990-04-01,1248,FRED monthly history
HOUST,1990-05-01,1212,FRED monthly history
HOUST,1990-06-01,1177,FRED monthly history
HOUST,1990-07-01,1171,FRED monthly history
HOUST,1990-08-01,1115,FRED monthly history
HOUST,1990-09-01,1110,FRED monthly history
HOUST,1990-10-01,1014,FRED monthly history
HOUST,1990-11-01,1145,FRED monthly history
HOUST,1990-12-01,969,FRED monthly history
HOUST,1991-01-01,798,FRED monthly history
HOUST,1991-02-01,965,FRED monthly history
HOUST,1991-03-01,921,FRED monthly history
HOUST,1991-04-01,1001,FRED monthly history
HOUST,1991-05-01,996,FRED monthly history
HOUST,1991-06-01,1036,FRED monthly history
HOUST,1991-07-01,1063,FRED monthly history
HOUST,1991-08-01,1049,FRED monthly history
HOUST,1991-09-01,1015,FRED monthly history
HOUST,1991-10-01,1079,FRED monthly history
HOUST,1991-11-01,1103,FRED monthly history
HOUST,1991-12-01,1079,FRED monthly history
HOUST,1992-01-01,1176,FRED monthly history
HOUST,1992-02-01,1250,FRED monthly history
HOUST,1992-03-01,1297,FRED monthly history
HOUST,1992-04-01,1099,FRED monthly history
HOUST,1992-05-01,1214,FRED monthly history
HOUST,1992-06-01,1145,FRED monthly history
HOUST,1992-07-01,1139,FRED monthly history
HOUST,1992-08-01,1226,FRED monthly history
HOUST,1992-09-01,1186,FRED monthly history
HOUST,1992-10-01,1244,FRED monthly history
HOUST,1992-11-01,1214,FRED monthly history
HOUST,1992-12-01,1227,FRED monthly history
HOUST,1993-01-01,1210,FRED monthly history
HOUST,1993-02-01,1210,FRED monthly history
HOUST,1993-03-01,1083,FRED monthly history
HOUST,1993-04-01,1258,FRED monthly history
HOUST,1993-05-01,1260,FRED monthly history
HOUST,1993-06-01,1280,FRED monthly history
HOUST,1993-07-01,1254,FRED monthly history
HOUST,1993-08-01,1300,FRED monthly history
HOUST,1993-09-01,1343,FRED monthly history
HOUST,1993-10-01,1392,FRED monthly history
HOUST,1993-11-01,1376,FRED monthly history
HOUST,1993-12-01,1533,FRED monthly history
HOUST,1994-01-01,1272,FRED monthly history
HOUST,1994-02-01,1337,FRED monthly history
HOUST,1994-03-01,1564,FRED monthly history
HOUST,1994-04-01,1465,FRED monthly history
HOUST,1994-05-01,1526,FRED monthly history
HOUST,1994-06-01,1409,FRED monthly history
HOUST,1994-07-01,1439,FRED monthly history
HOUST,1994-08-01,1450,FRED monthly history
HOUST,1994-09-01,1474,FRED monthly history
HOUST,1994-10-01,1450,FRED monthly history
HOUST,1994-11-01,1511,FRED monthly history
HOUST,1994-12-01,1455,FRED monthly history
HOUST,1995-01-01,1407,FRED monthly history
HOUST,1995-02-01,1316,FRED monthly history
HOUST,1995-03-01,1249,FRED monthly history
HOUST,1995-04-01,1267,FRED monthly history
HOUST,1995-05-01,1314,FRED monthly history
HOUST,1995-06-01,1281,FRED monthly history
HOUST,1995-07-01,1461,FRED monthly history
HOUST,1995-08-01,1416,FRED monthly history
HOUST,1995-09-01,1369,FRED monthly history
HOUST,1995-10-01,1369,FRED monthly history
HOUST,1995-11-01,1452,FRED monthly history
HOUST,1995-12-01,1431,FRED monthly history
HOUST,1996-01-01,1467,FRED monthly history
HOUST,1996-02-01,1491,FRED monthly history
HOUST,1996-03-01,1424,FRED monthly history
HOUST,1996-04-01,1516,FRED monthly history
HOUST,1996-05-01,1504,FRED monthly history
HOUST,1996-06-01,1467,FRED monthly history
HOUST,1996-07-01,1472,FRED monthly history
HOUST,1996-08-01,1557,FRED monthly history
HOUST,1996-09-01,1475,FRED monthly history
HOUST,1996-10-01,1392,FRED monthly history
HOUST,1996-11-01,1489,FRED monthly history
HOUST,1996-12-01,1370,FRED monthly history
HOUST,1997-01-01,1355,FRED monthly history
HOUST,1997-02-01,1486,FRED monthly history
HOUST,1997-03-01,1457,FRED monthly history
HOUST,1997-04-01,1492,FRED monthly history
HOUST,1997-05-01,1442,FRED monthly history
HOUST,1997-06-01,1494,FRED monthly history
HOUST,1997-07-01,1437,FRED monthly history
HOUST,1997-08-01,1390,FRED monthly history
HOUST,1997-09-01,1546,FRED monthly history
HOUST,1997-10-01,1520,FRED monthly history
HOUST,1997-11-01,1510,FRED monthly history
HOUST,1997-12-01,1566,FRED monthly history
HOUST,1998-01-01,1525,FRED monthly history
HOUST,1998-02-01,1584,FRED monthly history
HOUST,1998-03-01,1567,FRED monthly history
HOUST,1998-04-01,1540,FRED monthly history
HOUST,1998-05-01,1536,FRED monthly history
HOUST,1998-06-01,1641,FRED monthly history
HOUST,1998-07-01,1698,FRED monthly history
HOUST,1998-08-01,1614,FRED monthly history
HOUST,1998-09-01,1582,FRED monthly history
HOUST,1998-10-01,1715,FRED monthly history
HOUST,1998-11-01,1660,FRED monthly history
HOUST,1998-12-01,1792,FRED monthly history
HOUST,1999-01-01,1748,FRED monthly history
HOUST,1999-02-01,1670,FRED monthly history
HOUST,1999-03-01,1710,FRED monthly history
HOUST,1999-04-01,1553,FRED monthly history
HOUST,1999-05-01,1611,FRED monthly history
HOUST,1999-06-01,1559,FRED monthly history
HOUST,1999-07-01,1669,FRED monthly history
HOUST,1999-08-01,1648,FRED monthly history
HOUST,1999-09-01,1635,FRED monthly history
HOUST,1999-10-01,1608,FRED monthly history
HOUST,1999-11-01,1648,FRED monthly history
HOUST,1999-12-01,1708,FRED monthly history
HOUST,2000-01-01,1636,FRED monthly history
HOUST,2000-02-01,1737,FRED monthly history
HOUST,2000-03-01,1604,FRED monthly history
HOUST,2000-04-01,1626,FRED monthly history
HOUST,2000-05-01,1575,FRED monthly history
HOUST,2000-06-01,1559,FRED monthly history
HOUST,2000-07-01,1463,FRED monthly history
HOUST,2000-08-01,1541,FRED monthly history
HOUST,2000-09-01,1507,FRED monthly history
HOUST,2000-10-01,1549,FRED monthly history
HOUST,2000-11-01,1551,FRED monthly history
HOUST,2000-12-01,1532,FRED monthly history
HOUST,2001-01-01,1600,FRED monthly history
HOUST,2001-02-01,1625,FRED monthly history
HOUST,2001-03-01,1590,FRED monthly history
HOUST,2001-04-01,1649,FRED monthly history
HOUST,2001-05-01,1605,FRED monthly history
HOUST,2001-06-01,1636,FRED monthly history
HOUST,2001-07-01,1670,FRED monthly history
HOUST,2001-08-01,1567,FRED monthly history
HOUST,2001-09-01,1562,FRED monthly history
HOUST,2001-10-01,1540,FRED monthly history
HOUST,2001-11-01,1602,FRED monthly history
HOUST,2001-12-01,1568,FRED monthly history
HOUST,2002-01-01,1698,FRED monthly history
HOUST,2002-02-01,1829,FRED monthly history
HOUST,2002-03-01,1642,FRED monthly history
HOUST,2002-04-01,1592,FRED monthly history
HOUST,2002-05-01,1764,FRED monthly history
HOUST,2002-06-01,1717,FRED monthly history
HOUST,2002-07-01,1655,FRED monthly history
HOUST,2002-08-01,1633,FRED monthly history
HOUST,2002-09-01,1804,FRED monthly history
HOUST,2002-10-01,1648,FRED monthly history
HOUST,2002-11-01,1753,FRED monthly history
HOUST,2002-12-01,1788,FRED monthly history
HOUST,2003-01-01,1853,FRED monthly history
HOUST,2003-02-01,1629,FRED monthly history
HOUST,2003-03-01,1726,FRED monthly history
HOUST,2003-04-01,1643,FRED monthly history
HOUST,2003-05-01,1751,FRED monthly history
HOUST,2003-06-01,1867,FRED monthly history
HOUST,2003-07-01,1897,FRED monthly history
HOUST,2003-08-01,1833,FRED monthly history
HOUST,2003-09-01,1939,FRED monthly history
HOUST,2003-10-01,1967,FRED monthly history
HOUST,2003-11-01,2083,FRED monthly history
HOUST,2003-12-01,2057,FRED monthly history
HOUST,2004-01-01,1911,FRED monthly history
HOUST,2004-02-01,1846,FRED monthly history
HOUST,2004-03-01,1998,FRED monthly history
HOUST,2004-04-01,2003,FRED monthly history
HOUST,2004-05-01,1981,FRED monthly history
HOUST,2004-06-01,1828,FRED monthly history
HOUST,2004-07-01,2002,FRED monthly history
HOUST,2004-08-01,2024,FRED monthly history
HOUST,2004-09-01,1905,FRED monthly history
HOUST,2004-10-01,2072,FRED monthly history
HOUST,2004-11-01,1782,FRED monthly history
HOUST,2004-12-01,2042,FRED monthly history
HOUST,2005-01-01,2144,FRED monthly history
HOUST,2005-02-01,2207,FRED monthly history
HOUST,2005-03-01,1864,FRED monthly history
HOUST,2005-04-01,2061,FRED monthly history
HOUST,2005-05-01,2025,FRED monthly history
HOUST,2005-06-01,2068,FRED monthly history
HOUST,2005-07-01,2054,FRED monthly history
HOUST,2005-08-01,2095,FRED monthly history
HOUST,2005-09-01,2151,FRED monthly history
HOUST,2005-10-01,2065,FRED monthly history
HOUST,2005-11-01,2147,FRED monthly history
HOUST,2005-12-01,1994,FRED monthly history
HOUST,2006-01-01,2273,FRED monthly history
HOUST,2006-02-01,2119,FRED monthly history
HOUST,2006-03-01,1969,FRED monthly history
HOUST,2006-04-01,1821,FRED monthly history
HOUST,2006-05-01,1942,FRED monthly history
HOUST,2006-06-01,1802,FRED monthly history
HOUST,2006-07-01,1737,FRED monthly history
HOUST,2006-08-01,1650,FRED monthly history
HOUST,2006-09-01,1720,FRED monthly history
HOUST,2006-10-01,1491,FRED monthly history
HOUST,2006-11-01,1570,FRED monthly history
HOUST,2006-12-01,1649,FRED monthly history
HOUST,2007-01-01,1409,FRED monthly history
HOUST,2007-02-01,1480,FRED monthly history
HOUST,2007-03-01,1495,FRED monthly history
HOUST,2007-04-01,1490,FRED monthly history
HOUST,2007-05-01,1415,FRED monthly history
HOUST,2007-06-01,1448,FRED monthly history
HOUST,2007-07-01,1354,FRED monthly history
HOUST,2007-08-01,1330,FRED monthly history
HOUST,2007-09-01,1183,FRED monthly history
HOUST,2007-10-01,1264,FRED monthly history
HOUST,2007-11-01,1197,FRED monthly history
HOUST,2007-12-01,1037,FRED monthly history
HOUST,2008-01-01,1084,FRED monthly history
HOUST,2008-02-01,1103,FRED monthly history
HOUST,2008-03-01,1005,FRED monthly history
HOUST,2008-04-01,1013,FRED monthly history
HOUST,2008-05-01,973,FRED monthly history
HOUST,2008-06-01,1046,FRED monthly history
HOUST,2008-07-01,923,FRED monthly history
HOUST,2008-08-01,844,FRED monthly history
HOUST,2008-09-01,820,FRED monthly history
HOUST,2008-10-01,777,FRED monthly history
HOUST,2008-11-01,652,FRED monthly history
HOUST,2008-12-01,560,FRED monthly history
HOUST,2009-01-01,490,FRED monthly history
HOUST,2009-02-01,582,FRED monthly history
HOUST,2009-03-01,505,FRED monthly history
HOUST,2009-04-01,478,FRED monthly history
HOUST,2009-05-01,540,FRED monthly history
HOUST,2009-06-01,585,FRED monthly history
HOUST,2009-07-01,594,FRED monthly history
HOUST,2009-08-01,586,FRED monthly history
HOUST,2009-09-01,585,FRED monthly history
HOUST,2009-10-01,534,FRED monthly history
HOUST,2009-11-01,588,FRED monthly history
HOUST,2009-12-01,581,FRED monthly history
HOUST,2010-01-01,614,FRED monthly history
HOUST,2010-02-01,604,FRED monthly history
HOUST,2010-03-01,636,FRED monthly history
HOUST,2010-04-01,687,FRED monthly history
HOUST,2010-05-01,583,FRED monthly history
HOUST,2010-06-01,536,FRED monthly history
HOUST,2010-07-01,546,FRED monthly history
HOUST,2010-08-01,599,FRED monthly history
HOUST,2010-09-01,594,FRED monthly history
HOUST,2010-10-01,543,FRED monthly history
HOUST,2010-11-01,545,FRED monthly history
HOUST,2010-12-01,539,FRED monthly history
HOUST,2011-01-01,630,FRED monthly history
HOUST,2011-02-01,517,FRED monthly history
HOUST,2011-03-01,600,FRED monthly history
HOUST,2011-04-01,554,FRED monthly history
HOUST,2011-05-01,561,FRED monthly history
HOUST,2011-06-01,608,FRED monthly history
HOUST,2011-07-01,623,FRED monthly history
HOUST,2011-08-01,585,FRED monthly history
HOUST,2011-09-01,650,FRED monthly history
HOUST,2011-10-01,610,FRED monthly history
HOUST,2011-11-01,711,FRED monthly history
HOUST,2011-12-01,694,FRED monthly history
HOUST,2012-01-01,723,FRED monthly history
HOUST,2012-02-01,704,FRED monthly history
HOUST,2012-03-01,695,FRED monthly history
HOUST,2012-04-01,753,FRED monthly history
HOUST,2012-05-01,708,FRED monthly history
HOUST,2012-06-01,757,FRED monthly history
HOUST,2012-07-01,740,FRED monthly history
HOUST,2012-08-01,754,FRED monthly history
HOUST,2012-09-01,847,FRED monthly history
HOUST,2012-10-01,915,FRED monthly history
HOUST,2012-11-01,833,FRED monthly history
HOUST,2012-12-01,976,FRED monthly history
HOUST,2013-01-01,888,FRED monthly history
HOUST,2013-02-01,962,FRED monthly history
HOUST,2013-03-01,1010,FRED monthly history
HOUST,2013-04-01,835,FRED monthly history
HOUST,2013-05-01,930,FRED monthly history
HOUST,2013-06-01,839,FRED monthly history
HOUST,2013-07-01,880,FRED monthly history
HOUST,2013-08-01,917,FRED monthly history
HOUST,2013-09-01,850,FRED monthly history
HOUST,2013-10-01,925,FRED monthly history
HOUST,2013-11-01,1100,FRED monthly history
HOUST,2013-12-01,1002,FRED monthly history
HOUST,2014-01-01,888,FRED monthly history
HOUST,2014-02-01,944,FRED monthly history
HOUST,2014-03-01,970,FRED monthly history
HOUST,2014-04-01,1043,FRED monthly history
HOUST,2014-05-01,1007,FRED monthly history
HOUST,2014-06-01,911,FRED monthly history
HOUST,2014-07-01,1085,FRED monthly history
HOUST,2014-08-01,984,FRED monthly history
HOUST,2014-09-01,1023,FRED monthly history
HOUST,2014-10-01,1074,FRED monthly history
HOUST,2014-11-01,1001,FRED monthly history
HOUST,2014-12-01,1073,FRED monthly history
HOUST,2015-01-01,1085,FRED monthly history
HOUST,2015-02-01,886,FRED monthly history
HOUST,2015-03-01,960,FRED monthly history
HOUST,2015-04-01,1190,FRED monthly history
HOUST,2015-05-01,1079,FRED monthly history
HOUST,2015-06-01,1205,FRED monthly history
HOUST,2015-07-01,1146,FRED monthly history
HOUST,2015-08-01,1130,FRED monthly history
HOUST,2015-09-01,1224,FRED monthly history
HOUST,2015-10-01,1058,FRED monthly history
HOUST,2015-11-01,1172,FRED monthly history
HOUST,2015-12-01,1146,FRED monthly history
HOUST,2016-01-01,1092,FRED monthly history
HOUST,2016-02-01,1225,FRED monthly history
HOUST,2016-03-01,1111,FRED monthly history
HOUST,2016-04-01,1163,FRED monthly history
HOUST,2016-05-01,1148,FRED monthly history
HOUST,2016-06-01,1203,FRED monthly history
HOUST,2016-07-01,1239,FRED monthly history
HOUST,2016-08-01,1171,FRED monthly history
HOUST,2016-09-01,1068,FRED monthly history
HOUST,2016-10-01,1313,FRED monthly history
HOUST,2016-11-01,1140,FRED monthly history
HOUST,2016-12-01,1252,FRED monthly history
HOUST,2017-01-01,1190,FRED monthly history
HOUST,2017-02-01,1271,FRED monthly history
HOUST,2017-03-01,1190,FRED monthly history
HOUST,2017-04-01,1146,FRED monthly history
HOUST,2017-05-01,1157,FRED monthly history
HOUST,2017-06-01,1249,FRED monthly history
HOUST,2017-07-01,1206,FRED monthly history
HOUST,2017-08-01,1159,FRED monthly history
HOUST,2017-09-01,1181,FRED monthly history
HOUST,2017-10-01,1257,FRED monthly history
HOUST,2017-11-01,1273,FRED monthly history
HOUST,2017-12-01,1177,FRED monthly history
HOUST,2018-01-01,1299,FRED monthly history
HOUST,2018-02-01,1277,FRED monthly history
HOUST,2018-03-01,1318,FRED monthly history
HOUST,2018-04-01,1276,FRED monthly history
HOUST,2018-05-01,1357,FRED monthly history
HOUST,2018-06-01,1192,FRED monthly history
HOUST,2018-07-01,1208,FRED monthly history
HOUST,2018-08-01,1288,FRED monthly history
HOUST,2018-09-01,1250,FRED monthly history
HOUST,2018-10-01,1221,FRED monthly history
HOUST,2018-11-01,1181,FRED monthly history
HOUST,2018-12-01,1095,FRED monthly history
HOUST,2019-01-01,1226,FRED monthly history
HOUST,2019-02-01,1121,FRED monthly history
HOUST,2019-03-01,1191,FRED monthly history
HOUST,2019-04-01,1272,FRED monthly history
HOUST,2019-05-01,1293,FRED monthly history
HOUST,2019-06-01,1243,FRED monthly history
HOUST,2019-07-01,1240,FRED monthly history
HOUST,2019-08-01,1375,FRED monthly history
HOUST,2019-09-01,1311,FRED monthly history
HOUST,2019-10-01,1325,FRED monthly history
HOUST,2019-11-01,1353,FRED monthly history
HOUST,2019-12-01,1548,FRED monthly history
HOUST,2020-01-01,1581,FRED monthly history
HOUST,2020-02-01,1549,FRED monthly history
HOUST,2020-03-01,1266,FRED monthly history
HOUST,2020-04-01,936,FRED monthly history
HOUST,2020-05-01,1039,FRED monthly history
HOUST,2020-06-01,1266,FRED monthly history
HOUST,2020-07-01,1526,FRED monthly history
HOUST,2020-08-01,1396,FRED monthly history
HOUST,2020-09-01,1473,FRED monthly history
HOUST,2020-10-01,1543,FRED monthly history
HOUST,2020-11-01,1543,FRED monthly history
HOUST,2020-12-01,1614,FRED monthly history
HOUST,2021-01-01,1624,FRED monthly history
HOUST,2021-02-01,1398,FRED monthly history
HOUST,2021-03-01,1688,FRED monthly history
HOUST,2021-04-01,1489,FRED monthly history
HOUST,2021-05-01,1600,FRED monthly history
HOUST,2021-06-01,1664,FRED monthly history
HOUST,2021-07-01,1600,FRED monthly history
HOUST,2021-08-01,1596,FRED monthly history
HOUST,2021-09-01,1576,FRED monthly history
HOUST,2021-10-01,1587,FRED monthly history
HOUST,2021-11-01,1707,FRED monthly history
HOUST,2021-12-01,1711,FRED monthly history
HOUST,2022-01-01,1693,FRED monthly history
HOUST,2022-02-01,1730,FRED monthly history
HOUST,2022-03-01,1700,FRED monthly history
HOUST,2022-04-01,1807,FRED monthly history
HOUST,2022-05-01,1546,FRED monthly history
HOUST,2022-06-01,1556,FRED monthly history
HOUST,2022-07-01,1382,FRED monthly history
HOUST,2022-08-01,1532,FRED monthly history
HOUST,2022-09-01,1481,FRED monthly history
HOUST,2022-10-01,1446,FRED monthly history
HOUST,2022-11-01,1434,FRED monthly history
HOUST,2022-12-01,1296,FRED monthly history
HOUST,2023-01-01,1358,FRED monthly history
HOUST,2023-02-01,1395,FRED monthly history
HOUST,2023-03-01,1366,FRED monthly history
HOUST,2023-04-01,1343,FRED monthly history
HOUST,2023-05-01,1609,FRED monthly history
HOUST,2023-06-01,1420,FRED monthly history
HOUST,2023-07-01,1464,FRED monthly history
HOUST,2023-08-01,1321,FRED monthly history
HOUST,2023-09-01,1369,FRED monthly history
HOUST,2023-10-01,1380,FRED monthly history
HOUST,2023-11-01,1522,FRED monthly history
HOUST,2023-12-01,1504,FRED monthly history
HOUST,2024-01-01,1378,FRED monthly history
HOUST,2024-02-01,1555,FRED monthly history
HOUST,2024-03-01,1297,FRED monthly history
HOUST,2024-04-01,1379,FRED monthly history
HOUST,2024-05-01,1329,FRED monthly history
HOUST,2024-06-01,1318,FRED monthly history
HOUST,2024-07-01,1269,FRED monthly history
HOUST,2024-08-01,1394,FRED monthly history
HOUST,2024-09-01,1357,FRED monthly history
HOUST,2024-10-01,1370,FRED monthly history
HOUST,2024-11-01,1300,FRED monthly history
HOUST,2024-12-01,1494,FRED monthly history
HOUST,2025-01-01,1353,FRED monthly history
HOUST,2025-02-01,1491,FRED monthly history
HOUST,2025-03-01,1346,FRED monthly history
HOUST,2025-04-01,1400,FRED monthly history
HOUST,2025-05-01,1289,FRED monthly history
HOUST,2025-06-01,1379,FRED monthly history
HOUST,2025-07-01,1432,FRED monthly history
HOUST,2025-08-01,1291,FRED monthly history
HOUST,2025-09-01,1319,FRED monthly history
HOUST,2025-10-01,1273,FRED monthly history
HOUST,2025-11-01,1319,FRED monthly history
HOUST,2025-12-01,1378,FRED monthly history
HOUST,2026-01-01,1385,FRED monthly history
HOUST,2026-02-01,1346,FRED monthly history
HOUST,2026-03-01,1507,FRED monthly history
HOUST,2026-04-01,1465,FRED monthly history
MORTGAGE30US,1971-04-01,7.29,FRED monthly history
MORTGAGE30US,1971-05-01,7.46,FRED monthly history
MORTGAGE30US,1971-06-01,7.54,FRED monthly history
MORTGAGE30US,1971-07-01,7.69,FRED monthly history
MORTGAGE30US,1971-08-01,7.69,FRED monthly history
MORTGAGE30US,1971-09-01,7.67,FRED monthly history
MORTGAGE30US,1971-10-01,7.63,FRED monthly history
MORTGAGE30US,1971-11-01,7.51,FRED monthly history
MORTGAGE30US,1971-12-01,7.48,FRED monthly history
MORTGAGE30US,1972-01-01,7.40,FRED monthly history
MORTGAGE30US,1972-02-01,7.31,FRED monthly history
MORTGAGE30US,1972-03-01,7.23,FRED monthly history
MORTGAGE30US,1972-04-01,7.33,FRED monthly history
MORTGAGE30US,1972-05-01,7.40,FRED monthly history
MORTGAGE30US,1972-06-01,7.38,FRED monthly history
MORTGAGE30US,1972-07-01,7.40,FRED monthly history
MORTGAGE30US,1972-08-01,7.42,FRED monthly history
MORTGAGE30US,1972-09-01,7.43,FRED monthly history
MORTGAGE30US,1972-10-01,7.42,FRED monthly history
MORTGAGE30US,1972-11-01,7.44,FRED monthly history
MORTGAGE30US,1972-12-01,7.45,FRED monthly history
MORTGAGE30US,1973-01-01,7.43,FRED monthly history
MORTGAGE30US,1973-02-01,7.45,FRED monthly history
MORTGAGE30US,1973-03-01,7.49,FRED monthly history
MORTGAGE30US,1973-04-01,7.56,FRED monthly history
MORTGAGE30US,1973-05-01,7.70,FRED monthly history
MORTGAGE30US,1973-06-01,7.76,FRED monthly history
MORTGAGE30US,1973-07-01,8.18,FRED monthly history
MORTGAGE30US,1973-08-01,8.66,FRED monthly history
MORTGAGE30US,1973-09-01,8.85,FRED monthly history
MORTGAGE30US,1973-10-01,8.68,FRED monthly history
MORTGAGE30US,1973-11-01,8.55,FRED monthly history
MORTGAGE30US,1973-12-01,8.56,FRED monthly history
MORTGAGE30US,1974-01-01,8.52,FRED monthly history
MORTGAGE30US,1974-02-01,8.42,FRED monthly history
MORTGAGE30US,1974-03-01,8.41,FRED monthly history
MORTGAGE30US,1974-04-01,8.73,FRED monthly history
MORTGAGE30US,1974-05-01,9.03,FRED monthly history
MORTGAGE30US,1974-06-01,9.10,FRED monthly history
MORTGAGE30US,1974-07-01,9.42,FRED monthly history
MORTGAGE30US,1974-08-01,9.74,FRED monthly history
MORTGAGE30US,1974-09-01,10.03,FRED monthly history
MORTGAGE30US,1974-10-01,9.94,FRED monthly history
MORTGAGE30US,1974-11-01,9.72,FRED monthly history
MORTGAGE30US,1974-12-01,9.56,FRED monthly history
MORTGAGE30US,1975-01-01,9.29,FRED monthly history
MORTGAGE30US,1975-02-01,9.02,FRED monthly history
MORTGAGE30US,1975-03-01,8.86,FRED monthly history
MORTGAGE30US,1975-04-01,8.84,FRED monthly history
MORTGAGE30US,1975-05-01,8.89,FRED monthly history
MORTGAGE30US,1975-06-01,8.90,FRED monthly history
MORTGAGE30US,1975-07-01,8.89,FRED monthly history
MORTGAGE30US,1975-08-01,9.02,FRED monthly history
MORTGAGE30US,1975-09-01,9.14,FRED monthly history
MORTGAGE30US,1975-10-01,9.24,FRED monthly history
MORTGAGE30US,1975-11-01,9.11,FRED monthly history
MORTGAGE30US,1975-12-01,9.09,FRED monthly history
MORTGAGE30US,1976-01-01,8.90,FRED monthly history
MORTGAGE30US,1976-02-01,8.75,FRED monthly history
MORTGAGE30US,1976-03-01,8.75,FRED monthly history
MORTGAGE30US,1976-04-01,8.75,FRED monthly history
MORTGAGE30US,1976-05-01,8.78,FRED monthly history
MORTGAGE30US,1976-06-01,8.90,FRED monthly history
MORTGAGE30US,1976-07-01,8.98,FRED monthly history
MORTGAGE30US,1976-08-01,9.00,FRED monthly history
MORTGAGE30US,1976-09-01,8.97,FRED monthly history
MORTGAGE30US,1976-10-01,8.90,FRED monthly history
MORTGAGE30US,1976-11-01,8.80,FRED monthly history
MORTGAGE30US,1976-12-01,8.78,FRED monthly history
MORTGAGE30US,1977-01-01,8.73,FRED monthly history
MORTGAGE30US,1977-02-01,8.65,FRED monthly history
MORTGAGE30US,1977-03-01,8.70,FRED monthly history
MORTGAGE30US,1977-04-01,8.78,FRED monthly history
MORTGAGE30US,1977-05-01,8.85,FRED monthly history
MORTGAGE30US,1977-06-01,8.88,FRED monthly history
MORTGAGE30US,1977-07-01,8.93,FRED monthly history
MORTGAGE30US,1977-08-01,8.93,FRED monthly history
MORTGAGE30US,1977-09-01,8.90,FRED monthly history
MORTGAGE30US,1977-10-01,8.90,FRED monthly history
MORTGAGE30US,1977-11-01,8.93,FRED monthly history
MORTGAGE30US,1977-12-01,9.00,FRED monthly history
MORTGAGE30US,1978-01-01,9.05,FRED monthly history
MORTGAGE30US,1978-02-01,9.15,FRED monthly history
MORTGAGE30US,1978-03-01,9.25,FRED monthly history
MORTGAGE30US,1978-04-01,9.43,FRED monthly history
MORTGAGE30US,1978-05-01,9.68,FRED monthly history
MORTGAGE30US,1978-06-01,9.73,FRED monthly history
MORTGAGE30US,1978-07-01,9.75,FRED monthly history
MORTGAGE30US,1978-08-01,9.80,FRED monthly history
MORTGAGE30US,1978-09-01,9.78,FRED monthly history
MORTGAGE30US,1978-10-01,9.88,FRED monthly history
MORTGAGE30US,1978-11-01,10.28,FRED monthly history
MORTGAGE30US,1978-12-01,10.38,FRED monthly history
MORTGAGE30US,1979-01-01,10.40,FRED monthly history
MORTGAGE30US,1979-02-01,10.40,FRED monthly history
MORTGAGE30US,1979-03-01,10.45,FRED monthly history
MORTGAGE30US,1979-04-01,10.53,FRED monthly history
MORTGAGE30US,1979-05-01,10.75,FRED monthly history
MORTGAGE30US,1979-06-01,11.10,FRED monthly history
MORTGAGE30US,1979-07-01,11.08,FRED monthly history
MORTGAGE30US,1979-08-01,11.13,FRED monthly history
MORTGAGE30US,1979-09-01,11.35,FRED monthly history
MORTGAGE30US,1979-10-01,12.00,FRED monthly history
MORTGAGE30US,1979-11-01,12.90,FRED monthly history
MORTGAGE30US,1979-12-01,12.90,FRED monthly history
MORTGAGE30US,1980-01-01,12.89,FRED monthly history
MORTGAGE30US,1980-02-01,13.59,FRED monthly history
MORTGAGE30US,1980-03-01,16.03,FRED monthly history
MORTGAGE30US,1980-04-01,16.25,FRED monthly history
MORTGAGE30US,1980-05-01,13.20,FRED monthly history
MORTGAGE30US,1980-06-01,12.35,FRED monthly history
MORTGAGE30US,1980-07-01,12.18,FRED monthly history
MORTGAGE30US,1980-08-01,12.95,FRED monthly history
MORTGAGE30US,1980-09-01,13.43,FRED monthly history
MORTGAGE30US,1980-10-01,14.00,FRED monthly history
MORTGAGE30US,1980-11-01,14.28,FRED monthly history
MORTGAGE30US,1980-12-01,14.95,FRED monthly history
MORTGAGE30US,1981-01-01,15.07,FRED monthly history
MORTGAGE30US,1981-02-01,15.30,FRED monthly history
MORTGAGE30US,1981-03-01,15.40,FRED monthly history
MORTGAGE30US,1981-04-01,15.77,FRED monthly history
MORTGAGE30US,1981-05-01,16.80,FRED monthly history
MORTGAGE30US,1981-06-01,16.62,FRED monthly history
MORTGAGE30US,1981-07-01,17.11,FRED monthly history
MORTGAGE30US,1981-08-01,17.48,FRED monthly history
MORTGAGE30US,1981-09-01,18.36,FRED monthly history
MORTGAGE30US,1981-10-01,18.44,FRED monthly history
MORTGAGE30US,1981-11-01,17.21,FRED monthly history
MORTGAGE30US,1981-12-01,17.04,FRED monthly history
MORTGAGE30US,1982-01-01,17.59,FRED monthly history
MORTGAGE30US,1982-02-01,17.52,FRED monthly history
MORTGAGE30US,1982-03-01,17.04,FRED monthly history
MORTGAGE30US,1982-04-01,16.81,FRED monthly history
MORTGAGE30US,1982-05-01,16.63,FRED monthly history
MORTGAGE30US,1982-06-01,16.73,FRED monthly history
MORTGAGE30US,1982-07-01,16.65,FRED monthly history
MORTGAGE30US,1982-08-01,15.88,FRED monthly history
MORTGAGE30US,1982-09-01,15.19,FRED monthly history
MORTGAGE30US,1982-10-01,14.15,FRED monthly history
MORTGAGE30US,1982-11-01,13.77,FRED monthly history
MORTGAGE30US,1982-12-01,13.57,FRED monthly history
MORTGAGE30US,1983-01-01,13.10,FRED monthly history
MORTGAGE30US,1983-02-01,12.98,FRED monthly history
MORTGAGE30US,1983-03-01,12.86,FRED monthly history
MORTGAGE30US,1983-04-01,12.73,FRED monthly history
MORTGAGE30US,1983-05-01,12.68,FRED monthly history
MORTGAGE30US,1983-06-01,12.96,FRED monthly history
MORTGAGE30US,1983-07-01,13.65,FRED monthly history
MORTGAGE30US,1983-08-01,13.78,FRED monthly history
MORTGAGE30US,1983-09-01,13.65,FRED monthly history
MORTGAGE30US,1983-10-01,13.43,FRED monthly history
MORTGAGE30US,1983-11-01,13.43,FRED monthly history
MORTGAGE30US,1983-12-01,13.43,FRED monthly history
MORTGAGE30US,1984-01-01,13.29,FRED monthly history
MORTGAGE30US,1984-02-01,13.25,FRED monthly history
MORTGAGE30US,1984-03-01,13.55,FRED monthly history
MORTGAGE30US,1984-04-01,13.73,FRED monthly history
MORTGAGE30US,1984-05-01,14.08,FRED monthly history
MORTGAGE30US,1984-06-01,14.50,FRED monthly history
MORTGAGE30US,1984-07-01,14.67,FRED monthly history
MORTGAGE30US,1984-08-01,14.38,FRED monthly history
MORTGAGE30US,1984-09-01,14.26,FRED monthly history
MORTGAGE30US,1984-10-01,14.05,FRED monthly history
MORTGAGE30US,1984-11-01,13.42,FRED monthly history
MORTGAGE30US,1984-12-01,13.14,FRED monthly history
MORTGAGE30US,1985-01-01,12.96,FRED monthly history
MORTGAGE30US,1985-02-01,12.94,FRED monthly history
MORTGAGE30US,1985-03-01,13.29,FRED monthly history
MORTGAGE30US,1985-04-01,13.12,FRED monthly history
MORTGAGE30US,1985-05-01,12.71,FRED monthly history
MORTGAGE30US,1985-06-01,12.15,FRED monthly history
MORTGAGE30US,1985-07-01,12.03,FRED monthly history
MORTGAGE30US,1985-08-01,12.11,FRED monthly history
MORTGAGE30US,1985-09-01,12.17,FRED monthly history
MORTGAGE30US,1985-10-01,12.07,FRED monthly history
MORTGAGE30US,1985-11-01,11.58,FRED monthly history
MORTGAGE30US,1985-12-01,11.09,FRED monthly history
MORTGAGE30US,1986-01-01,10.89,FRED monthly history
MORTGAGE30US,1986-02-01,10.51,FRED monthly history
MORTGAGE30US,1986-03-01,10.10,FRED monthly history
MORTGAGE30US,1986-04-01,9.86,FRED monthly history
MORTGAGE30US,1986-05-01,10.38,FRED monthly history
MORTGAGE30US,1986-06-01,10.62,FRED monthly history
MORTGAGE30US,1986-07-01,10.40,FRED monthly history
MORTGAGE30US,1986-08-01,9.93,FRED monthly history
MORTGAGE30US,1986-09-01,10.10,FRED monthly history
MORTGAGE30US,1986-10-01,9.89,FRED monthly history
MORTGAGE30US,1986-11-01,9.50,FRED monthly history
MORTGAGE30US,1986-12-01,9.29,FRED monthly history
MORTGAGE30US,1987-01-01,9.08,FRED monthly history
MORTGAGE30US,1987-02-01,9.07,FRED monthly history
MORTGAGE30US,1987-03-01,9.03,FRED monthly history
MORTGAGE30US,1987-04-01,10.37,FRED monthly history
MORTGAGE30US,1987-05-01,10.70,FRED monthly history
MORTGAGE30US,1987-06-01,10.35,FRED monthly history
MORTGAGE30US,1987-07-01,10.27,FRED monthly history
MORTGAGE30US,1987-08-01,10.33,FRED monthly history
MORTGAGE30US,1987-09-01,11.02,FRED monthly history
MORTGAGE30US,1987-10-01,10.97,FRED monthly history
MORTGAGE30US,1987-11-01,10.55,FRED monthly history
MORTGAGE30US,1987-12-01,10.61,FRED monthly history
MORTGAGE30US,1988-01-01,10.16,FRED monthly history
MORTGAGE30US,1988-02-01,9.87,FRED monthly history
MORTGAGE30US,1988-03-01,9.99,FRED monthly history
MORTGAGE30US,1988-04-01,10.28,FRED monthly history
MORTGAGE30US,1988-05-01,10.58,FRED monthly history
MORTGAGE30US,1988-06-01,10.40,FRED monthly history
MORTGAGE30US,1988-07-01,10.49,FRED monthly history
MORTGAGE30US,1988-08-01,10.67,FRED monthly history
MORTGAGE30US,1988-09-01,10.42,FRED monthly history
MORTGAGE30US,1988-10-01,10.22,FRED monthly history
MORTGAGE30US,1988-11-01,10.39,FRED monthly history
MORTGAGE30US,1988-12-01,10.77,FRED monthly history
MORTGAGE30US,1989-01-01,10.60,FRED monthly history
MORTGAGE30US,1989-02-01,10.78,FRED monthly history
MORTGAGE30US,1989-03-01,11.19,FRED monthly history
MORTGAGE30US,1989-04-01,11.03,FRED monthly history
MORTGAGE30US,1989-05-01,10.50,FRED monthly history
MORTGAGE30US,1989-06-01,10.07,FRED monthly history
MORTGAGE30US,1989-07-01,9.81,FRED monthly history
MORTGAGE30US,1989-08-01,10.21,FRED monthly history
MORTGAGE30US,1989-09-01,10.16,FRED monthly history
MORTGAGE30US,1989-10-01,9.82,FRED monthly history
MORTGAGE30US,1989-11-01,9.74,FRED monthly history
MORTGAGE30US,1989-12-01,9.78,FRED monthly history
MORTGAGE30US,1990-01-01,10.05,FRED monthly history
MORTGAGE30US,1990-02-01,10.31,FRED monthly history
MORTGAGE30US,1990-03-01,10.22,FRED monthly history
MORTGAGE30US,1990-04-01,10.56,FRED monthly history
MORTGAGE30US,1990-05-01,10.33,FRED monthly history
MORTGAGE30US,1990-06-01,10.15,FRED monthly history
MORTGAGE30US,1990-07-01,9.98,FRED monthly history
MORTGAGE30US,1990-08-01,10.24,FRED monthly history
MORTGAGE30US,1990-09-01,10.22,FRED monthly history
MORTGAGE30US,1990-10-01,10.17,FRED monthly history
MORTGAGE30US,1990-11-01,9.90,FRED monthly history
MORTGAGE30US,1990-12-01,9.68,FRED monthly history
MORTGAGE30US,1991-01-01,9.61,FRED monthly history
MORTGAGE30US,1991-02-01,9.29,FRED monthly history
MORTGAGE30US,1991-03-01,9.52,FRED monthly history
MORTGAGE30US,1991-04-01,9.53,FRED monthly history
MORTGAGE30US,1991-05-01,9.45,FRED monthly history
MORTGAGE30US,1991-06-01,9.67,FRED monthly history
MORTGAGE30US,1991-07-01,9.50,FRED monthly history
MORTGAGE30US,1991-08-01,9.15,FRED monthly history
MORTGAGE30US,1991-09-01,8.92,FRED monthly history
MORTGAGE30US,1991-10-01,8.91,FRED monthly history
MORTGAGE30US,1991-11-01,8.70,FRED monthly history
MORTGAGE30US,1991-12-01,8.35,FRED monthly history
MORTGAGE30US,1992-01-01,8.68,FRED monthly history
MORTGAGE30US,1992-02-01,8.83,FRED monthly history
MORTGAGE30US,1992-03-01,8.98,FRED monthly history
MORTGAGE30US,1992-04-01,8.85,FRED monthly history
MORTGAGE30US,1992-05-01,8.60,FRED monthly history
MORTGAGE30US,1992-06-01,8.43,FRED monthly history
MORTGAGE30US,1992-07-01,8.05,FRED monthly history
MORTGAGE30US,1992-08-01,8.01,FRED monthly history
MORTGAGE30US,1992-09-01,8.02,FRED monthly history
MORTGAGE30US,1992-10-01,8.21,FRED monthly history
MORTGAGE30US,1992-11-01,8.29,FRED monthly history
MORTGAGE30US,1992-12-01,8.14,FRED monthly history
MORTGAGE30US,1993-01-01,7.86,FRED monthly history
MORTGAGE30US,1993-02-01,7.53,FRED monthly history
MORTGAGE30US,1993-03-01,7.50,FRED monthly history
MORTGAGE30US,1993-04-01,7.43,FRED monthly history
MORTGAGE30US,1993-05-01,7.50,FRED monthly history
MORTGAGE30US,1993-06-01,7.34,FRED monthly history
MORTGAGE30US,1993-07-01,7.25,FRED monthly history
MORTGAGE30US,1993-08-01,6.97,FRED monthly history
MORTGAGE30US,1993-09-01,6.95,FRED monthly history
MORTGAGE30US,1993-10-01,6.86,FRED monthly history
MORTGAGE30US,1993-11-01,7.31,FRED monthly history
MORTGAGE30US,1993-12-01,7.13,FRED monthly history
MORTGAGE30US,1994-01-01,6.97,FRED monthly history
MORTGAGE30US,1994-02-01,7.32,FRED monthly history
MORTGAGE30US,1994-03-01,7.80,FRED monthly history
MORTGAGE30US,1994-04-01,8.32,FRED monthly history
MORTGAGE30US,1994-05-01,8.53,FRED monthly history
MORTGAGE30US,1994-06-01,8.46,FRED monthly history
MORTGAGE30US,1994-07-01,8.57,FRED monthly history
MORTGAGE30US,1994-08-01,8.56,FRED monthly history
MORTGAGE30US,1994-09-01,8.82,FRED monthly history
MORTGAGE30US,1994-10-01,9.03,FRED monthly history
MORTGAGE30US,1994-11-01,9.25,FRED monthly history
MORTGAGE30US,1994-12-01,9.18,FRED monthly history
MORTGAGE30US,1995-01-01,9.13,FRED monthly history
MORTGAGE30US,1995-02-01,8.73,FRED monthly history
MORTGAGE30US,1995-03-01,8.38,FRED monthly history
MORTGAGE30US,1995-04-01,8.26,FRED monthly history
MORTGAGE30US,1995-05-01,7.85,FRED monthly history
MORTGAGE30US,1995-06-01,7.53,FRED monthly history
MORTGAGE30US,1995-07-01,7.79,FRED monthly history
MORTGAGE30US,1995-08-01,7.88,FRED monthly history
MORTGAGE30US,1995-09-01,7.62,FRED monthly history
MORTGAGE30US,1995-10-01,7.45,FRED monthly history
MORTGAGE30US,1995-11-01,7.35,FRED monthly history
MORTGAGE30US,1995-12-01,7.11,FRED monthly history
MORTGAGE30US,1996-01-01,7.00,FRED monthly history
MORTGAGE30US,1996-02-01,7.32,FRED monthly history
MORTGAGE30US,1996-03-01,7.69,FRED monthly history
MORTGAGE30US,1996-04-01,7.92,FRED monthly history
MORTGAGE30US,1996-05-01,8.03,FRED monthly history
MORTGAGE30US,1996-06-01,8.29,FRED monthly history
MORTGAGE30US,1996-07-01,8.19,FRED monthly history
MORTGAGE30US,1996-08-01,8.09,FRED monthly history
MORTGAGE30US,1996-09-01,8.16,FRED monthly history
MORTGAGE30US,1996-10-01,7.86,FRED monthly history
MORTGAGE30US,1996-11-01,7.52,FRED monthly history
MORTGAGE30US,1996-12-01,7.64,FRED monthly history
MORTGAGE30US,1997-01-01,7.88,FRED monthly history
MORTGAGE30US,1997-02-01,7.65,FRED monthly history
MORTGAGE30US,1997-03-01,7.97,FRED monthly history
MORTGAGE30US,1997-04-01,8.08,FRED monthly history
MORTGAGE30US,1997-05-01,7.94,FRED monthly history
MORTGAGE30US,1997-06-01,7.58,FRED monthly history
MORTGAGE30US,1997-07-01,7.43,FRED monthly history
MORTGAGE30US,1997-08-01,7.58,FRED monthly history
MORTGAGE30US,1997-09-01,7.28,FRED monthly history
MORTGAGE30US,1997-10-01,7.21,FRED monthly history
MORTGAGE30US,1997-11-01,7.17,FRED monthly history
MORTGAGE30US,1997-12-01,6.99,FRED monthly history
MORTGAGE30US,1998-01-01,7.12,FRED monthly history
MORTGAGE30US,1998-02-01,7.09,FRED monthly history
MORTGAGE30US,1998-03-01,7.08,FRED monthly history
MORTGAGE30US,1998-04-01,7.15,FRED monthly history
MORTGAGE30US,1998-05-01,7.07,FRED monthly history
MORTGAGE30US,1998-06-01,6.96,FRED monthly history
MORTGAGE30US,1998-07-01,6.97,FRED monthly history
MORTGAGE30US,1998-08-01,6.92,FRED monthly history
MORTGAGE30US,1998-09-01,6.64,FRED monthly history
MORTGAGE30US,1998-10-01,6.83,FRED monthly history
MORTGAGE30US,1998-11-01,6.78,FRED monthly history
MORTGAGE30US,1998-12-01,6.83,FRED monthly history
MORTGAGE30US,1999-01-01,6.74,FRED monthly history
MORTGAGE30US,1999-02-01,6.89,FRED monthly history
MORTGAGE30US,1999-03-01,6.98,FRED monthly history
MORTGAGE30US,1999-04-01,6.93,FRED monthly history
MORTGAGE30US,1999-05-01,7.23,FRED monthly history
MORTGAGE30US,1999-06-01,7.63,FRED monthly history
MORTGAGE30US,1999-07-01,7.70,FRED monthly history
MORTGAGE30US,1999-08-01,7.80,FRED monthly history
MORTGAGE30US,1999-09-01,7.76,FRED monthly history
MORTGAGE30US,1999-10-01,7.96,FRED monthly history
MORTGAGE30US,1999-11-01,7.75,FRED monthly history
MORTGAGE30US,1999-12-01,8.06,FRED monthly history
MORTGAGE30US,2000-01-01,8.25,FRED monthly history
MORTGAGE30US,2000-02-01,8.31,FRED monthly history
MORTGAGE30US,2000-03-01,8.23,FRED monthly history
MORTGAGE30US,2000-04-01,8.13,FRED monthly history
MORTGAGE30US,2000-05-01,8.62,FRED monthly history
MORTGAGE30US,2000-06-01,8.22,FRED monthly history
MORTGAGE30US,2000-07-01,8.13,FRED monthly history
MORTGAGE30US,2000-08-01,7.99,FRED monthly history
MORTGAGE30US,2000-09-01,7.88,FRED monthly history
MORTGAGE30US,2000-10-01,7.68,FRED monthly history
MORTGAGE30US,2000-11-01,7.73,FRED monthly history
MORTGAGE30US,2000-12-01,7.13,FRED monthly history
MORTGAGE30US,2001-01-01,7.15,FRED monthly history
MORTGAGE30US,2001-02-01,7.12,FRED monthly history
MORTGAGE30US,2001-03-01,6.91,FRED monthly history
MORTGAGE30US,2001-04-01,7.12,FRED monthly history
MORTGAGE30US,2001-05-01,7.20,FRED monthly history
MORTGAGE30US,2001-06-01,7.11,FRED monthly history
MORTGAGE30US,2001-07-01,7.03,FRED monthly history
MORTGAGE30US,2001-08-01,6.92,FRED monthly history
MORTGAGE30US,2001-09-01,6.72,FRED monthly history
MORTGAGE30US,2001-10-01,6.64,FRED monthly history
MORTGAGE30US,2001-11-01,7.02,FRED monthly history
MORTGAGE30US,2001-12-01,7.16,FRED monthly history
MORTGAGE30US,2002-01-01,6.96,FRED monthly history
MORTGAGE30US,2002-02-01,6.81,FRED monthly history
MORTGAGE30US,2002-03-01,7.18,FRED monthly history
MORTGAGE30US,2002-04-01,6.88,FRED monthly history
MORTGAGE30US,2002-05-01,6.76,FRED monthly history
MORTGAGE30US,2002-06-01,6.55,FRED monthly history
MORTGAGE30US,2002-07-01,6.34,FRED monthly history
MORTGAGE30US,2002-08-01,6.22,FRED monthly history
MORTGAGE30US,2002-09-01,5.99,FRED monthly history
MORTGAGE30US,2002-10-01,6.31,FRED monthly history
MORTGAGE30US,2002-11-01,6.13,FRED monthly history
MORTGAGE30US,2002-12-01,5.93,FRED monthly history
MORTGAGE30US,2003-01-01,5.90,FRED monthly history
MORTGAGE30US,2003-02-01,5.79,FRED monthly history
MORTGAGE30US,2003-03-01,5.91,FRED monthly history
MORTGAGE30US,2003-04-01,5.79,FRED monthly history
MORTGAGE30US,2003-05-01,5.31,FRED monthly history
MORTGAGE30US,2003-06-01,5.24,FRED monthly history
MORTGAGE30US,2003-07-01,5.94,FRED monthly history
MORTGAGE30US,2003-08-01,6.32,FRED monthly history
MORTGAGE30US,2003-09-01,5.98,FRED monthly history
MORTGAGE30US,2003-10-01,5.94,FRED monthly history
MORTGAGE30US,2003-11-01,5.89,FRED monthly history
MORTGAGE30US,2003-12-01,5.85,FRED monthly history
MORTGAGE30US,2004-01-01,5.68,FRED monthly history
MORTGAGE30US,2004-02-01,5.58,FRED monthly history
MORTGAGE30US,2004-03-01,5.40,FRED monthly history
MORTGAGE30US,2004-04-01,6.01,FRED monthly history
MORTGAGE30US,2004-05-01,6.32,FRED monthly history
MORTGAGE30US,2004-06-01,6.25,FRED monthly history
MORTGAGE30US,2004-07-01,6.08,FRED monthly history
MORTGAGE30US,2004-08-01,5.82,FRED monthly history
MORTGAGE30US,2004-09-01,5.72,FRED monthly history
MORTGAGE30US,2004-10-01,5.64,FRED monthly history
MORTGAGE30US,2004-11-01,5.72,FRED monthly history
MORTGAGE30US,2004-12-01,5.81,FRED monthly history
MORTGAGE30US,2005-01-01,5.66,FRED monthly history
MORTGAGE30US,2005-02-01,5.69,FRED monthly history
MORTGAGE30US,2005-03-01,6.04,FRED monthly history
MORTGAGE30US,2005-04-01,5.78,FRED monthly history
MORTGAGE30US,2005-05-01,5.65,FRED monthly history
MORTGAGE30US,2005-06-01,5.53,FRED monthly history
MORTGAGE30US,2005-07-01,5.77,FRED monthly history
MORTGAGE30US,2005-08-01,5.77,FRED monthly history
MORTGAGE30US,2005-09-01,5.91,FRED monthly history
MORTGAGE30US,2005-10-01,6.15,FRED monthly history
MORTGAGE30US,2005-11-01,6.28,FRED monthly history
MORTGAGE30US,2005-12-01,6.22,FRED monthly history
MORTGAGE30US,2006-01-01,6.12,FRED monthly history
MORTGAGE30US,2006-02-01,6.26,FRED monthly history
MORTGAGE30US,2006-03-01,6.35,FRED monthly history
MORTGAGE30US,2006-04-01,6.58,FRED monthly history
MORTGAGE30US,2006-05-01,6.62,FRED monthly history
MORTGAGE30US,2006-06-01,6.78,FRED monthly history
MORTGAGE30US,2006-07-01,6.72,FRED monthly history
MORTGAGE30US,2006-08-01,6.44,FRED monthly history
MORTGAGE30US,2006-09-01,6.31,FRED monthly history
MORTGAGE30US,2006-10-01,6.40,FRED monthly history
MORTGAGE30US,2006-11-01,6.14,FRED monthly history
MORTGAGE30US,2006-12-01,6.18,FRED monthly history
MORTGAGE30US,2007-01-01,6.25,FRED monthly history
MORTGAGE30US,2007-02-01,6.22,FRED monthly history
MORTGAGE30US,2007-03-01,6.16,FRED monthly history
MORTGAGE30US,2007-04-01,6.16,FRED monthly history
MORTGAGE30US,2007-05-01,6.42,FRED monthly history
MORTGAGE30US,2007-06-01,6.67,FRED monthly history
MORTGAGE30US,2007-07-01,6.69,FRED monthly history
MORTGAGE30US,2007-08-01,6.45,FRED monthly history
MORTGAGE30US,2007-09-01,6.42,FRED monthly history
MORTGAGE30US,2007-10-01,6.33,FRED monthly history
MORTGAGE30US,2007-11-01,6.10,FRED monthly history
MORTGAGE30US,2007-12-01,6.17,FRED monthly history
MORTGAGE30US,2008-01-01,5.68,FRED monthly history
MORTGAGE30US,2008-02-01,6.24,FRED monthly history
MORTGAGE30US,2008-03-01,5.85,FRED monthly history
MORTGAGE30US,2008-04-01,6.03,FRED monthly history
MORTGAGE30US,2008-05-01,6.08,FRED monthly history
MORTGAGE30US,2008-06-01,6.45,FRED monthly history
MORTGAGE30US,2008-07-01,6.52,FRED monthly history
MORTGAGE30US,2008-08-01,6.40,FRED monthly history
MORTGAGE30US,2008-09-01,6.09,FRED monthly history
MORTGAGE30US,2008-10-01,6.46,FRED monthly history
MORTGAGE30US,2008-11-01,5.97,FRED monthly history
MORTGAGE30US,2008-12-01,5.10,FRED monthly history
MORTGAGE30US,2009-01-01,5.10,FRED monthly history
MORTGAGE30US,2009-02-01,5.07,FRED monthly history
MORTGAGE30US,2009-03-01,4.85,FRED monthly history
MORTGAGE30US,2009-04-01,4.78,FRED monthly history
MORTGAGE30US,2009-05-01,4.91,FRED monthly history
MORTGAGE30US,2009-06-01,5.42,FRED monthly history
MORTGAGE30US,2009-07-01,5.25,FRED monthly history
MORTGAGE30US,2009-08-01,5.14,FRED monthly history
MORTGAGE30US,2009-09-01,5.04,FRED monthly history
MORTGAGE30US,2009-10-01,5.03,FRED monthly history
MORTGAGE30US,2009-11-01,4.78,FRED monthly history
MORTGAGE30US,2009-12-01,5.14,FRED monthly history
MORTGAGE30US,2010-01-01,4.98,FRED monthly history
MORTGAGE30US,2010-02-01,5.05,FRED monthly history
MORTGAGE30US,2010-03-01,4.99,FRED monthly history
MORTGAGE30US,2010-04-01,5.06,FRED monthly history
MORTGAGE30US,2010-05-01,4.78,FRED monthly history
MORTGAGE30US,2010-06-01,4.69,FRED monthly history
MORTGAGE30US,2010-07-01,4.54,FRED monthly history
MORTGAGE30US,2010-08-01,4.36,FRED monthly history
MORTGAGE30US,2010-09-01,4.32,FRED monthly history
MORTGAGE30US,2010-10-01,4.23,FRED monthly history
MORTGAGE30US,2010-11-01,4.40,FRED monthly history
MORTGAGE30US,2010-12-01,4.86,FRED monthly history
MORTGAGE30US,2011-01-01,4.80,FRED monthly history
MORTGAGE30US,2011-02-01,4.95,FRED monthly history
MORTGAGE30US,2011-03-01,4.86,FRED monthly history
MORTGAGE30US,2011-04-01,4.78,FRED monthly history
MORTGAGE30US,2011-05-01,4.60,FRED monthly history
MORTGAGE30US,2011-06-01,4.51,FRED monthly history
MORTGAGE30US,2011-07-01,4.55,FRED monthly history
MORTGAGE30US,2011-08-01,4.22,FRED monthly history
MORTGAGE30US,2011-09-01,4.01,FRED monthly history
MORTGAGE30US,2011-10-01,4.10,FRED monthly history
MORTGAGE30US,2011-11-01,3.98,FRED monthly history
MORTGAGE30US,2011-12-01,3.95,FRED monthly history
MORTGAGE30US,2012-01-01,3.98,FRED monthly history
MORTGAGE30US,2012-02-01,3.95,FRED monthly history
MORTGAGE30US,2012-03-01,3.99,FRED monthly history
MORTGAGE30US,2012-04-01,3.88,FRED monthly history
MORTGAGE30US,2012-05-01,3.75,FRED monthly history
MORTGAGE30US,2012-06-01,3.66,FRED monthly history
MORTGAGE30US,2012-07-01,3.49,FRED monthly history
MORTGAGE30US,2012-08-01,3.59,FRED monthly history
MORTGAGE30US,2012-09-01,3.40,FRED monthly history
MORTGAGE30US,2012-10-01,3.41,FRED monthly history
MORTGAGE30US,2012-11-01,3.32,FRED monthly history
MORTGAGE30US,2012-12-01,3.35,FRED monthly history
MORTGAGE30US,2013-01-01,3.53,FRED monthly history
MORTGAGE30US,2013-02-01,3.51,FRED monthly history
MORTGAGE30US,2013-03-01,3.57,FRED monthly history
MORTGAGE30US,2013-04-01,3.40,FRED monthly history
MORTGAGE30US,2013-05-01,3.81,FRED monthly history
MORTGAGE30US,2013-06-01,4.46,FRED monthly history
MORTGAGE30US,2013-07-01,4.31,FRED monthly history
MORTGAGE30US,2013-08-01,4.51,FRED monthly history
MORTGAGE30US,2013-09-01,4.32,FRED monthly history
MORTGAGE30US,2013-10-01,4.10,FRED monthly history
MORTGAGE30US,2013-11-01,4.29,FRED monthly history
MORTGAGE30US,2013-12-01,4.48,FRED monthly history
MORTGAGE30US,2014-01-01,4.32,FRED monthly history
MORTGAGE30US,2014-02-01,4.37,FRED monthly history
MORTGAGE30US,2014-03-01,4.40,FRED monthly history
MORTGAGE30US,2014-04-01,4.33,FRED monthly history
MORTGAGE30US,2014-05-01,4.12,FRED monthly history
MORTGAGE30US,2014-06-01,4.14,FRED monthly history
MORTGAGE30US,2014-07-01,4.12,FRED monthly history
MORTGAGE30US,2014-08-01,4.10,FRED monthly history
MORTGAGE30US,2014-09-01,4.20,FRED monthly history
MORTGAGE30US,2014-10-01,3.98,FRED monthly history
MORTGAGE30US,2014-11-01,3.97,FRED monthly history
MORTGAGE30US,2014-12-01,3.87,FRED monthly history
MORTGAGE30US,2015-01-01,3.66,FRED monthly history
MORTGAGE30US,2015-02-01,3.80,FRED monthly history
MORTGAGE30US,2015-03-01,3.69,FRED monthly history
MORTGAGE30US,2015-04-01,3.68,FRED monthly history
MORTGAGE30US,2015-05-01,3.87,FRED monthly history
MORTGAGE30US,2015-06-01,4.02,FRED monthly history
MORTGAGE30US,2015-07-01,3.98,FRED monthly history
MORTGAGE30US,2015-08-01,3.84,FRED monthly history
MORTGAGE30US,2015-09-01,3.86,FRED monthly history
MORTGAGE30US,2015-10-01,3.76,FRED monthly history
MORTGAGE30US,2015-11-01,3.95,FRED monthly history
MORTGAGE30US,2015-12-01,4.01,FRED monthly history
MORTGAGE30US,2016-01-01,3.79,FRED monthly history
MORTGAGE30US,2016-02-01,3.62,FRED monthly history
MORTGAGE30US,2016-03-01,3.71,FRED monthly history
MORTGAGE30US,2016-04-01,3.66,FRED monthly history
MORTGAGE30US,2016-05-01,3.64,FRED monthly history
MORTGAGE30US,2016-06-01,3.48,FRED monthly history
MORTGAGE30US,2016-07-01,3.48,FRED monthly history
MORTGAGE30US,2016-08-01,3.43,FRED monthly history
MORTGAGE30US,2016-09-01,3.42,FRED monthly history
MORTGAGE30US,2016-10-01,3.47,FRED monthly history
MORTGAGE30US,2016-11-01,4.03,FRED monthly history
MORTGAGE30US,2016-12-01,4.32,FRED monthly history
MORTGAGE30US,2017-01-01,4.19,FRED monthly history
MORTGAGE30US,2017-02-01,4.16,FRED monthly history
MORTGAGE30US,2017-03-01,4.14,FRED monthly history
MORTGAGE30US,2017-04-01,4.03,FRED monthly history
MORTGAGE30US,2017-05-01,3.95,FRED monthly history
MORTGAGE30US,2017-06-01,3.88,FRED monthly history
MORTGAGE30US,2017-07-01,3.92,FRED monthly history
MORTGAGE30US,2017-08-01,3.82,FRED monthly history
MORTGAGE30US,2017-09-01,3.83,FRED monthly history
MORTGAGE30US,2017-10-01,3.94,FRED monthly history
MORTGAGE30US,2017-11-01,3.90,FRED monthly history
MORTGAGE30US,2017-12-01,3.99,FRED monthly history
MORTGAGE30US,2018-01-01,4.15,FRED monthly history
MORTGAGE30US,2018-02-01,4.40,FRED monthly history
MORTGAGE30US,2018-03-01,4.44,FRED monthly history
MORTGAGE30US,2018-04-01,4.58,FRED monthly history
MORTGAGE30US,2018-05-01,4.56,FRED monthly history
MORTGAGE30US,2018-06-01,4.55,FRED monthly history
MORTGAGE30US,2018-07-01,4.54,FRED monthly history
MORTGAGE30US,2018-08-01,4.52,FRED monthly history
MORTGAGE30US,2018-09-01,4.72,FRED monthly history
MORTGAGE30US,2018-10-01,4.86,FRED monthly history
MORTGAGE30US,2018-11-01,4.81,FRED monthly history
MORTGAGE30US,2018-12-01,4.55,FRED monthly history
MORTGAGE30US,2019-01-01,4.46,FRED monthly history
MORTGAGE30US,2019-02-01,4.35,FRED monthly history
MORTGAGE30US,2019-03-01,4.06,FRED monthly history
MORTGAGE30US,2019-04-01,4.20,FRED monthly history
MORTGAGE30US,2019-05-01,3.99,FRED monthly history
MORTGAGE30US,2019-06-01,3.73,FRED monthly history
MORTGAGE30US,2019-07-01,3.75,FRED monthly history
MORTGAGE30US,2019-08-01,3.58,FRED monthly history
MORTGAGE30US,2019-09-01,3.64,FRED monthly history
MORTGAGE30US,2019-10-01,3.78,FRED monthly history
MORTGAGE30US,2019-11-01,3.68,FRED monthly history
MORTGAGE30US,2019-12-01,3.74,FRED monthly history
MORTGAGE30US,2020-01-01,3.51,FRED monthly history
MORTGAGE30US,2020-02-01,3.45,FRED monthly history
MORTGAGE30US,2020-03-01,3.50,FRED monthly history
MORTGAGE30US,2020-04-01,3.23,FRED monthly history
MORTGAGE30US,2020-05-01,3.15,FRED monthly history
MORTGAGE30US,2020-06-01,3.13,FRED monthly history
MORTGAGE30US,2020-07-01,2.99,FRED monthly history
MORTGAGE30US,2020-08-01,2.91,FRED monthly history
MORTGAGE30US,2020-09-01,2.90,FRED monthly history
MORTGAGE30US,2020-10-01,2.81,FRED monthly history
MORTGAGE30US,2020-11-01,2.72,FRED monthly history
MORTGAGE30US,2020-12-01,2.67,FRED monthly history
MORTGAGE30US,2021-01-01,2.73,FRED monthly history
MORTGAGE30US,2021-02-01,2.97,FRED monthly history
MORTGAGE30US,2021-03-01,3.17,FRED monthly history
MORTGAGE30US,2021-04-01,2.98,FRED monthly history
MORTGAGE30US,2021-05-01,2.95,FRED monthly history
MORTGAGE30US,2021-06-01,3.02,FRED monthly history
MORTGAGE30US,2021-07-01,2.80,FRED monthly history
MORTGAGE30US,2021-08-01,2.87,FRED monthly history
MORTGAGE30US,2021-09-01,3.01,FRED monthly history
MORTGAGE30US,2021-10-01,3.14,FRED monthly history
MORTGAGE30US,2021-11-01,3.10,FRED monthly history
MORTGAGE30US,2021-12-01,3.11,FRED monthly history
MORTGAGE30US,2022-01-01,3.55,FRED monthly history
MORTGAGE30US,2022-02-01,3.89,FRED monthly history
MORTGAGE30US,2022-03-01,4.67,FRED monthly history
MORTGAGE30US,2022-04-01,5.10,FRED monthly history
MORTGAGE30US,2022-05-01,5.10,FRED monthly history
MORTGAGE30US,2022-06-01,5.70,FRED monthly history
MORTGAGE30US,2022-07-01,5.30,FRED monthly history
MORTGAGE30US,2022-08-01,5.55,FRED monthly history
MORTGAGE30US,2022-09-01,6.70,FRED monthly history
MORTGAGE30US,2022-10-01,7.08,FRED monthly history
MORTGAGE30US,2022-11-01,6.58,FRED monthly history
MORTGAGE30US,2022-12-01,6.42,FRED monthly history
MORTGAGE30US,2023-01-01,6.13,FRED monthly history
MORTGAGE30US,2023-02-01,6.50,FRED monthly history
MORTGAGE30US,2023-03-01,6.32,FRED monthly history
MORTGAGE30US,2023-04-01,6.43,FRED monthly history
MORTGAGE30US,2023-05-01,6.57,FRED monthly history
MORTGAGE30US,2023-06-01,6.71,FRED monthly history
MORTGAGE30US,2023-07-01,6.81,FRED monthly history
MORTGAGE30US,2023-08-01,7.18,FRED monthly history
MORTGAGE30US,2023-09-01,7.31,FRED monthly history
MORTGAGE30US,2023-10-01,7.79,FRED monthly history
MORTGAGE30US,2023-11-01,7.22,FRED monthly history
MORTGAGE30US,2023-12-01,6.61,FRED monthly history
MORTGAGE30US,2024-01-01,6.69,FRED monthly history
MORTGAGE30US,2024-02-01,6.94,FRED monthly history
MORTGAGE30US,2024-03-01,6.79,FRED monthly history
MORTGAGE30US,2024-04-01,7.17,FRED monthly history
MORTGAGE30US,2024-05-01,7.03,FRED monthly history
MORTGAGE30US,2024-06-01,6.86,FRED monthly history
MORTGAGE30US,2024-07-01,6.78,FRED monthly history
MORTGAGE30US,2024-08-01,6.35,FRED monthly history
MORTGAGE30US,2024-09-01,6.08,FRED monthly history
MORTGAGE30US,2024-10-01,6.72,FRED monthly history
MORTGAGE30US,2024-11-01,6.81,FRED monthly history
MORTGAGE30US,2024-12-01,6.85,FRED monthly history
MORTGAGE30US,2025-01-01,6.95,FRED monthly history
MORTGAGE30US,2025-02-01,6.76,FRED monthly history
MORTGAGE30US,2025-03-01,6.65,FRED monthly history
MORTGAGE30US,2025-04-01,6.81,FRED monthly history
MORTGAGE30US,2025-05-01,6.89,FRED monthly history
MORTGAGE30US,2025-06-01,6.77,FRED monthly history
MORTGAGE30US,2025-07-01,6.72,FRED monthly history
MORTGAGE30US,2025-08-01,6.56,FRED monthly history
MORTGAGE30US,2025-09-01,6.30,FRED monthly history
MORTGAGE30US,2025-10-01,6.17,FRED monthly history
MORTGAGE30US,2025-11-01,6.23,FRED monthly history
MORTGAGE30US,2025-12-01,6.15,FRED monthly history
MORTGAGE30US,2026-01-01,6.10,FRED monthly history
MORTGAGE30US,2026-02-01,5.98,FRED monthly history
MORTGAGE30US,2026-03-01,6.38,FRED monthly history
MORTGAGE30US,2026-04-01,6.30,FRED monthly history
MORTGAGE30US,2026-05-01,6.51,FRED monthly history
DRCCLACBS,1991-01-01,5.26,FRED monthly history
DRCCLACBS,1991-04-01,5.48,FRED monthly history
DRCCLACBS,1991-07-01,5.35,FRED monthly history
DRCCLACBS,1991-10-01,5.32,FRED monthly history
DRCCLACBS,1992-01-01,5.27,FRED monthly history
DRCCLACBS,1992-04-01,5.10,FRED monthly history
DRCCLACBS,1992-07-01,4.98,FRED monthly history
DRCCLACBS,1992-10-01,4.69,FRED monthly history
DRCCLACBS,1993-01-01,4.60,FRED monthly history
DRCCLACBS,1993-04-01,4.46,FRED monthly history
DRCCLACBS,1993-07-01,4.08,FRED monthly history
DRCCLACBS,1993-10-01,3.91,FRED monthly history
DRCCLACBS,1994-01-01,3.60,FRED monthly history
DRCCLACBS,1994-04-01,3.29,FRED monthly history
DRCCLACBS,1994-07-01,3.25,FRED monthly history
DRCCLACBS,1994-10-01,3.29,FRED monthly history
DRCCLACBS,1995-01-01,3.48,FRED monthly history
DRCCLACBS,1995-04-01,3.70,FRED monthly history
DRCCLACBS,1995-07-01,3.85,FRED monthly history
DRCCLACBS,1995-10-01,3.95,FRED monthly history
DRCCLACBS,1996-01-01,4.04,FRED monthly history
DRCCLACBS,1996-04-01,4.27,FRED monthly history
DRCCLACBS,1996-07-01,4.46,FRED monthly history
DRCCLACBS,1996-10-01,4.60,FRED monthly history
DRCCLACBS,1997-01-01,4.70,FRED monthly history
DRCCLACBS,1997-04-01,4.73,FRED monthly history
DRCCLACBS,1997-07-01,4.70,FRED monthly history
DRCCLACBS,1997-10-01,4.81,FRED monthly history
DRCCLACBS,1998-01-01,4.76,FRED monthly history
DRCCLACBS,1998-04-01,4.76,FRED monthly history
DRCCLACBS,1998-07-01,4.72,FRED monthly history
DRCCLACBS,1998-10-01,4.74,FRED monthly history
DRCCLACBS,1999-01-01,4.66,FRED monthly history
DRCCLACBS,1999-04-01,4.58,FRED monthly history
DRCCLACBS,1999-07-01,4.60,FRED monthly history
DRCCLACBS,1999-10-01,4.55,FRED monthly history
DRCCLACBS,2000-01-01,4.43,FRED monthly history
DRCCLACBS,2000-04-01,4.51,FRED monthly history
DRCCLACBS,2000-07-01,4.53,FRED monthly history
DRCCLACBS,2000-10-01,4.57,FRED monthly history
DRCCLACBS,2001-01-01,4.81,FRED monthly history
DRCCLACBS,2001-04-01,4.94,FRED monthly history
DRCCLACBS,2001-07-01,5.00,FRED monthly history
DRCCLACBS,2001-10-01,4.69,FRED monthly history
DRCCLACBS,2002-01-01,4.94,FRED monthly history
DRCCLACBS,2002-04-01,4.78,FRED monthly history
DRCCLACBS,2002-07-01,4.89,FRED monthly history
DRCCLACBS,2002-10-01,4.84,FRED monthly history
DRCCLACBS,2003-01-01,4.68,FRED monthly history
DRCCLACBS,2003-04-01,4.53,FRED monthly history
DRCCLACBS,2003-07-01,4.24,FRED monthly history
DRCCLACBS,2003-10-01,4.43,FRED monthly history
DRCCLACBS,2004-01-01,4.21,FRED monthly history
DRCCLACBS,2004-04-01,4.15,FRED monthly history
DRCCLACBS,2004-07-01,4.07,FRED monthly history
DRCCLACBS,2004-10-01,4.03,FRED monthly history
DRCCLACBS,2005-01-01,3.70,FRED monthly history
DRCCLACBS,2005-04-01,3.67,FRED monthly history
DRCCLACBS,2005-07-01,3.90,FRED monthly history
DRCCLACBS,2005-10-01,3.54,FRED monthly history
DRCCLACBS,2006-01-01,3.86,FRED monthly history
DRCCLACBS,2006-04-01,4.13,FRED monthly history
DRCCLACBS,2006-07-01,4.12,FRED monthly history
DRCCLACBS,2006-10-01,3.95,FRED monthly history
DRCCLACBS,2007-01-01,3.98,FRED monthly history
DRCCLACBS,2007-04-01,4.02,FRED monthly history
DRCCLACBS,2007-07-01,4.41,FRED monthly history
DRCCLACBS,2007-10-01,4.60,FRED monthly history
DRCCLACBS,2008-01-01,4.77,FRED monthly history
DRCCLACBS,2008-04-01,4.90,FRED monthly history
DRCCLACBS,2008-07-01,4.80,FRED monthly history
DRCCLACBS,2008-10-01,5.64,FRED monthly history
DRCCLACBS,2009-01-01,6.51,FRED monthly history
DRCCLACBS,2009-04-01,6.77,FRED monthly history
DRCCLACBS,2009-07-01,6.49,FRED monthly history
DRCCLACBS,2009-10-01,6.33,FRED monthly history
DRCCLACBS,2010-01-01,5.78,FRED monthly history
DRCCLACBS,2010-04-01,5.10,FRED monthly history
DRCCLACBS,2010-07-01,4.58,FRED monthly history
DRCCLACBS,2010-10-01,4.14,FRED monthly history
DRCCLACBS,2011-01-01,3.82,FRED monthly history
DRCCLACBS,2011-04-01,3.65,FRED monthly history
DRCCLACBS,2011-07-01,3.45,FRED monthly history
DRCCLACBS,2011-10-01,3.25,FRED monthly history
DRCCLACBS,2012-01-01,3.06,FRED monthly history
DRCCLACBS,2012-04-01,2.92,FRED monthly history
DRCCLACBS,2012-07-01,2.82,FRED monthly history
DRCCLACBS,2012-10-01,2.71,FRED monthly history
DRCCLACBS,2013-01-01,2.64,FRED monthly history
DRCCLACBS,2013-04-01,2.53,FRED monthly history
DRCCLACBS,2013-07-01,2.44,FRED monthly history
DRCCLACBS,2013-10-01,2.38,FRED monthly history
DRCCLACBS,2014-01-01,2.32,FRED monthly history
DRCCLACBS,2014-04-01,2.26,FRED monthly history
DRCCLACBS,2014-07-01,2.20,FRED monthly history
DRCCLACBS,2014-10-01,2.15,FRED monthly history
DRCCLACBS,2015-01-01,2.11,FRED monthly history
DRCCLACBS,2015-04-01,2.12,FRED monthly history
DRCCLACBS,2015-07-01,2.15,FRED monthly history
DRCCLACBS,2015-10-01,2.16,FRED monthly history
DRCCLACBS,2016-01-01,2.15,FRED monthly history
DRCCLACBS,2016-04-01,2.21,FRED monthly history
DRCCLACBS,2016-07-01,2.29,FRED monthly history
DRCCLACBS,2016-10-01,2.37,FRED monthly history
DRCCLACBS,2017-01-01,2.40,FRED monthly history
DRCCLACBS,2017-04-01,2.49,FRED monthly history
DRCCLACBS,2017-07-01,2.54,FRED monthly history
DRCCLACBS,2017-10-01,2.48,FRED monthly history
DRCCLACBS,2018-01-01,2.50,FRED monthly history
DRCCLACBS,2018-04-01,2.50,FRED monthly history
DRCCLACBS,2018-07-01,2.52,FRED monthly history
DRCCLACBS,2018-10-01,2.54,FRED monthly history
DRCCLACBS,2019-01-01,2.54,FRED monthly history
DRCCLACBS,2019-04-01,2.59,FRED monthly history
DRCCLACBS,2019-07-01,2.60,FRED monthly history
DRCCLACBS,2019-10-01,2.61,FRED monthly history
DRCCLACBS,2020-01-01,2.69,FRED monthly history
DRCCLACBS,2020-04-01,2.45,FRED monthly history
DRCCLACBS,2020-07-01,1.99,FRED monthly history
DRCCLACBS,2020-10-01,2.10,FRED monthly history
DRCCLACBS,2021-01-01,1.88,FRED monthly history
DRCCLACBS,2021-04-01,1.59,FRED monthly history
DRCCLACBS,2021-07-01,1.53,FRED monthly history
DRCCLACBS,2021-10-01,1.57,FRED monthly history
DRCCLACBS,2022-01-01,1.69,FRED monthly history
DRCCLACBS,2022-04-01,1.83,FRED monthly history
DRCCLACBS,2022-07-01,2.05,FRED monthly history
DRCCLACBS,2022-10-01,2.26,FRED monthly history
DRCCLACBS,2023-01-01,2.47,FRED monthly history
DRCCLACBS,2023-04-01,2.75,FRED monthly history
DRCCLACBS,2023-07-01,2.94,FRED monthly history
DRCCLACBS,2023-10-01,3.10,FRED monthly history
DRCCLACBS,2024-01-01,3.17,FRED monthly history
DRCCLACBS,2024-04-01,3.22,FRED monthly history
DRCCLACBS,2024-07-01,3.20,FRED monthly history
DRCCLACBS,2024-10-01,3.08,FRED monthly history
DRCCLACBS,2025-01-01,3.06,FRED monthly history
DRCCLACBS,2025-04-01,3.04,FRED monthly history
DRCCLACBS,2025-07-01,2.98,FRED monthly history
DRCCLACBS,2025-10-01,2.94,FRED monthly history
DRCCLACBS,2026-01-01,2.92,FRED monthly history
DRALACBS,1985-01-01,4.61,FRED monthly history
DRALACBS,1985-04-01,4.92,FRED monthly history
DRALACBS,1985-07-01,4.91,FRED monthly history
DRALACBS,1985-10-01,4.77,FRED monthly history
DRALACBS,1986-01-01,4.86,FRED monthly history
DRALACBS,1986-04-01,4.74,FRED monthly history
DRALACBS,1986-07-01,4.75,FRED monthly history
DRALACBS,1986-10-01,4.66,FRED monthly history
DRALACBS,1987-01-01,5.63,FRED monthly history
DRALACBS,1987-04-01,5.47,FRED monthly history
DRALACBS,1987-07-01,5.33,FRED monthly history
DRALACBS,1987-10-01,5.32,FRED monthly history
DRALACBS,1988-01-01,5.13,FRED monthly history
DRALACBS,1988-04-01,5.04,FRED monthly history
DRALACBS,1988-07-01,5.07,FRED monthly history
DRALACBS,1988-10-01,4.67,FRED monthly history
DRALACBS,1989-01-01,4.93,FRED monthly history
DRALACBS,1989-04-01,4.99,FRED monthly history
DRALACBS,1989-07-01,5.05,FRED monthly history
DRALACBS,1989-10-01,4.94,FRED monthly history
DRALACBS,1990-01-01,5.03,FRED monthly history
DRALACBS,1990-04-01,5.08,FRED monthly history
DRALACBS,1990-07-01,5.38,FRED monthly history
DRALACBS,1990-10-01,5.99,FRED monthly history
DRALACBS,1991-01-01,6.13,FRED monthly history
DRALACBS,1991-04-01,6.20,FRED monthly history
DRALACBS,1991-07-01,6.00,FRED monthly history
DRALACBS,1991-10-01,5.83,FRED monthly history
DRALACBS,1992-01-01,5.55,FRED monthly history
DRALACBS,1992-04-01,5.43,FRED monthly history
DRALACBS,1992-07-01,5.22,FRED monthly history
DRALACBS,1992-10-01,4.85,FRED monthly history
DRALACBS,1993-01-01,4.52,FRED monthly history
DRALACBS,1993-04-01,4.21,FRED monthly history
DRALACBS,1993-07-01,3.87,FRED monthly history
DRALACBS,1993-10-01,3.38,FRED monthly history
DRALACBS,1994-01-01,3.17,FRED monthly history
DRALACBS,1994-04-01,2.87,FRED monthly history
DRALACBS,1994-07-01,2.66,FRED monthly history
DRALACBS,1994-10-01,2.52,FRED monthly history
DRALACBS,1995-01-01,2.54,FRED monthly history
DRALACBS,1995-04-01,2.51,FRED monthly history
DRALACBS,1995-07-01,2.51,FRED monthly history
DRALACBS,1995-10-01,2.47,FRED monthly history
DRALACBS,1996-01-01,2.43,FRED monthly history
DRALACBS,1996-04-01,2.47,FRED monthly history
DRALACBS,1996-07-01,2.43,FRED monthly history
DRALACBS,1996-10-01,2.40,FRED monthly history
DRALACBS,1997-01-01,2.37,FRED monthly history
DRALACBS,1997-04-01,2.31,FRED monthly history
DRALACBS,1997-07-01,2.25,FRED monthly history
DRALACBS,1997-10-01,2.26,FRED monthly history
DRALACBS,1998-01-01,2.25,FRED monthly history
DRALACBS,1998-04-01,2.20,FRED monthly history
DRALACBS,1998-07-01,2.19,FRED monthly history
DRALACBS,1998-10-01,2.20,FRED monthly history
DRALACBS,1999-01-01,2.19,FRED monthly history
DRALACBS,1999-04-01,2.17,FRED monthly history
DRALACBS,1999-07-01,2.21,FRED monthly history
DRALACBS,1999-10-01,2.05,FRED monthly history
DRALACBS,2000-01-01,2.08,FRED monthly history
DRALACBS,2000-04-01,2.14,FRED monthly history
DRALACBS,2000-07-01,2.20,FRED monthly history
DRALACBS,2000-10-01,2.34,FRED monthly history
DRALACBS,2001-01-01,2.42,FRED monthly history
DRALACBS,2001-04-01,2.55,FRED monthly history
DRALACBS,2001-07-01,2.72,FRED monthly history
DRALACBS,2001-10-01,2.74,FRED monthly history
DRALACBS,2002-01-01,2.75,FRED monthly history
DRALACBS,2002-04-01,2.75,FRED monthly history
DRALACBS,2002-07-01,2.69,FRED monthly history
DRALACBS,2002-10-01,2.57,FRED monthly history
DRALACBS,2003-01-01,2.54,FRED monthly history
DRALACBS,2003-04-01,2.42,FRED monthly history
DRALACBS,2003-07-01,2.22,FRED monthly history
DRALACBS,2003-10-01,2.15,FRED monthly history
DRALACBS,2004-01-01,1.96,FRED monthly history
DRALACBS,2004-04-01,1.86,FRED monthly history
DRALACBS,2004-07-01,1.74,FRED monthly history
DRALACBS,2004-10-01,1.64,FRED monthly history
DRALACBS,2005-01-01,1.60,FRED monthly history
DRALACBS,2005-04-01,1.57,FRED monthly history
DRALACBS,2005-07-01,1.56,FRED monthly history
DRALACBS,2005-10-01,1.54,FRED monthly history
DRALACBS,2006-01-01,1.51,FRED monthly history
DRALACBS,2006-04-01,1.51,FRED monthly history
DRALACBS,2006-07-01,1.58,FRED monthly history
DRALACBS,2006-10-01,1.69,FRED monthly history
DRALACBS,2007-01-01,1.74,FRED monthly history
DRALACBS,2007-04-01,1.87,FRED monthly history
DRALACBS,2007-07-01,2.14,FRED monthly history
DRALACBS,2007-10-01,2.47,FRED monthly history
DRALACBS,2008-01-01,2.86,FRED monthly history
DRALACBS,2008-04-01,3.32,FRED monthly history
DRALACBS,2008-07-01,3.72,FRED monthly history
DRALACBS,2008-10-01,4.75,FRED monthly history
DRALACBS,2009-01-01,5.64,FRED monthly history
DRALACBS,2009-04-01,6.37,FRED monthly history
DRALACBS,2009-07-01,6.94,FRED monthly history
DRALACBS,2009-10-01,7.30,FRED monthly history
DRALACBS,2010-01-01,7.40,FRED monthly history
DRALACBS,2010-04-01,7.21,FRED monthly history
DRALACBS,2010-07-01,6.89,FRED monthly history
DRALACBS,2010-10-01,6.38,FRED monthly history
DRALACBS,2011-01-01,6.20,FRED monthly history
DRALACBS,2011-04-01,5.96,FRED monthly history
DRALACBS,2011-07-01,5.70,FRED monthly history
DRALACBS,2011-10-01,5.46,FRED monthly history
DRALACBS,2012-01-01,5.27,FRED monthly history
DRALACBS,2012-04-01,5.13,FRED monthly history
DRALACBS,2012-07-01,5.04,FRED monthly history
DRALACBS,2012-10-01,4.65,FRED monthly history
DRALACBS,2013-01-01,4.41,FRED monthly history
DRALACBS,2013-04-01,4.14,FRED monthly history
DRALACBS,2013-07-01,3.78,FRED monthly history
DRALACBS,2013-10-01,3.52,FRED monthly history
DRALACBS,2014-01-01,3.31,FRED monthly history
DRALACBS,2014-04-01,3.08,FRED monthly history
DRALACBS,2014-07-01,2.90,FRED monthly history
DRALACBS,2014-10-01,2.70,FRED monthly history
DRALACBS,2015-01-01,2.49,FRED monthly history
DRALACBS,2015-04-01,2.39,FRED monthly history
DRALACBS,2015-07-01,2.28,FRED monthly history
DRALACBS,2015-10-01,2.19,FRED monthly history
DRALACBS,2016-01-01,2.17,FRED monthly history
DRALACBS,2016-04-01,2.14,FRED monthly history
DRALACBS,2016-07-01,2.07,FRED monthly history
DRALACBS,2016-10-01,2.03,FRED monthly history
DRALACBS,2017-01-01,1.93,FRED monthly history
DRALACBS,2017-04-01,1.85,FRED monthly history
DRALACBS,2017-07-01,1.83,FRED monthly history
DRALACBS,2017-10-01,1.79,FRED monthly history
DRALACBS,2018-01-01,1.72,FRED monthly history
DRALACBS,2018-04-01,1.65,FRED monthly history
DRALACBS,2018-07-01,1.60,FRED monthly history
DRALACBS,2018-10-01,1.52,FRED monthly history
DRALACBS,2019-01-01,1.53,FRED monthly history
DRALACBS,2019-04-01,1.50,FRED monthly history
DRALACBS,2019-07-01,1.47,FRED monthly history
DRALACBS,2019-10-01,1.42,FRED monthly history
DRALACBS,2020-01-01,1.50,FRED monthly history
DRALACBS,2020-04-01,1.55,FRED monthly history
DRALACBS,2020-07-01,1.59,FRED monthly history
DRALACBS,2020-10-01,1.58,FRED monthly history
DRALACBS,2021-01-01,1.47,FRED monthly history
DRALACBS,2021-04-01,1.37,FRED monthly history
DRALACBS,2021-07-01,1.29,FRED monthly history
DRALACBS,2021-10-01,1.26,FRED monthly history
DRALACBS,2022-01-01,1.24,FRED monthly history
DRALACBS,2022-04-01,1.22,FRED monthly history
DRALACBS,2022-07-01,1.20,FRED monthly history
DRALACBS,2022-10-01,1.19,FRED monthly history
DRALACBS,2023-01-01,1.21,FRED monthly history
DRALACBS,2023-04-01,1.26,FRED monthly history
DRALACBS,2023-07-01,1.34,FRED monthly history
DRALACBS,2023-10-01,1.38,FRED monthly history
DRALACBS,2024-01-01,1.43,FRED monthly history
DRALACBS,2024-04-01,1.49,FRED monthly history
DRALACBS,2024-07-01,1.52,FRED monthly history
DRALACBS,2024-10-01,1.54,FRED monthly history
DRALACBS,2025-01-01,1.55,FRED monthly history
DRALACBS,2025-04-01,1.52,FRED monthly history
DRALACBS,2025-07-01,1.49,FRED monthly history
DRALACBS,2025-10-01,1.48,FRED monthly history
DRALACBS,2026-01-01,1.48,FRED monthly history
TDSP,2005-01-01,14.799802,FRED monthly history
TDSP,2005-04-01,14.828576,FRED monthly history
TDSP,2005-07-01,15.139959,FRED monthly history
TDSP,2005-10-01,15.028550,FRED monthly history
TDSP,2006-01-01,14.989443,FRED monthly history
TDSP,2006-04-01,15.044255,FRED monthly history
TDSP,2006-07-01,15.367228,FRED monthly history
TDSP,2006-10-01,15.509711,FRED monthly history
TDSP,2007-01-01,15.526607,FRED monthly history
TDSP,2007-04-01,15.632510,FRED monthly history
TDSP,2007-07-01,15.712123,FRED monthly history
TDSP,2007-10-01,15.846367,FRED monthly history
TDSP,2008-01-01,15.775857,FRED monthly history
TDSP,2008-04-01,15.326612,FRED monthly history
TDSP,2008-07-01,15.546547,FRED monthly history
TDSP,2008-10-01,15.721360,FRED monthly history
TDSP,2009-01-01,15.597500,FRED monthly history
TDSP,2009-04-01,15.251967,FRED monthly history
TDSP,2009-07-01,15.085880,FRED monthly history
TDSP,2009-10-01,14.896385,FRED monthly history
TDSP,2010-01-01,14.514940,FRED monthly history
TDSP,2010-04-01,14.069775,FRED monthly history
TDSP,2010-07-01,13.917807,FRED monthly history
TDSP,2010-10-01,13.580863,FRED monthly history
TDSP,2011-01-01,13.308460,FRED monthly history
TDSP,2011-04-01,13.057706,FRED monthly history
TDSP,2011-07-01,12.944597,FRED monthly history
TDSP,2011-10-01,12.749684,FRED monthly history
TDSP,2012-01-01,12.237059,FRED monthly history
TDSP,2012-04-01,12.034065,FRED monthly history
TDSP,2012-07-01,12.083107,FRED monthly history
TDSP,2012-10-01,11.754033,FRED monthly history
TDSP,2013-01-01,12.006598,FRED monthly history
TDSP,2013-04-01,11.794391,FRED monthly history
TDSP,2013-07-01,11.837713,FRED monthly history
TDSP,2013-10-01,11.985283,FRED monthly history
TDSP,2014-01-01,11.883755,FRED monthly history
TDSP,2014-04-01,11.621135,FRED monthly history
TDSP,2014-07-01,11.646939,FRED monthly history
TDSP,2014-10-01,11.631985,FRED monthly history
TDSP,2015-01-01,11.556623,FRED monthly history
TDSP,2015-04-01,11.485132,FRED monthly history
TDSP,2015-07-01,11.606478,FRED monthly history
TDSP,2015-10-01,11.738968,FRED monthly history
TDSP,2016-01-01,11.763236,FRED monthly history
TDSP,2016-04-01,11.766097,FRED monthly history
TDSP,2016-07-01,11.769843,FRED monthly history
TDSP,2016-10-01,11.865809,FRED monthly history
TDSP,2017-01-01,11.723754,FRED monthly history
TDSP,2017-04-01,11.756978,FRED monthly history
TDSP,2017-07-01,11.818432,FRED monthly history
TDSP,2017-10-01,11.816692,FRED monthly history
TDSP,2018-01-01,11.644577,FRED monthly history
TDSP,2018-04-01,11.598376,FRED monthly history
TDSP,2018-07-01,11.619565,FRED monthly history
TDSP,2018-10-01,11.666399,FRED monthly history
TDSP,2019-01-01,11.499899,FRED monthly history
TDSP,2019-04-01,11.626984,FRED monthly history
TDSP,2019-07-01,11.646573,FRED monthly history
TDSP,2019-10-01,11.727611,FRED monthly history
TDSP,2020-01-01,11.591122,FRED monthly history
TDSP,2020-04-01,9.739837,FRED monthly history
TDSP,2020-07-01,10.058475,FRED monthly history
TDSP,2020-10-01,10.389341,FRED monthly history
TDSP,2021-01-01,9.051426,FRED monthly history
TDSP,2021-04-01,9.840988,FRED monthly history
TDSP,2021-07-01,10.009574,FRED monthly history
TDSP,2021-10-01,10.228773,FRED monthly history
TDSP,2022-01-01,10.472376,FRED monthly history
TDSP,2022-04-01,10.684715,FRED monthly history
TDSP,2022-07-01,10.567813,FRED monthly history
TDSP,2022-10-01,10.736908,FRED monthly history
TDSP,2023-01-01,10.564065,FRED monthly history
TDSP,2023-04-01,10.576964,FRED monthly history
TDSP,2023-07-01,10.747803,FRED monthly history
TDSP,2023-10-01,11.096103,FRED monthly history
TDSP,2024-01-01,11.058844,FRED monthly history
TDSP,2024-04-01,11.019300,FRED monthly history
TDSP,2024-07-01,11.138746,FRED monthly history
TDSP,2024-10-01,11.122474,FRED monthly history
TDSP,2025-01-01,11.105374,FRED monthly history
TDSP,2025-04-01,11.124175,FRED monthly history
TDSP,2025-07-01,11.257951,FRED monthly history
TDSP,2025-10-01,11.323096,FRED monthly history
FEDFUNDS,1954-07-01,0.80,FRED monthly history
FEDFUNDS,1954-08-01,1.22,FRED monthly history
FEDFUNDS,1954-09-01,1.07,FRED monthly history
FEDFUNDS,1954-10-01,0.85,FRED monthly history
FEDFUNDS,1954-11-01,0.83,FRED monthly history
FEDFUNDS,1954-12-01,1.28,FRED monthly history
FEDFUNDS,1955-01-01,1.39,FRED monthly history
FEDFUNDS,1955-02-01,1.29,FRED monthly history
FEDFUNDS,1955-03-01,1.35,FRED monthly history
FEDFUNDS,1955-04-01,1.43,FRED monthly history
FEDFUNDS,1955-05-01,1.43,FRED monthly history
FEDFUNDS,1955-06-01,1.64,FRED monthly history
FEDFUNDS,1955-07-01,1.68,FRED monthly history
FEDFUNDS,1955-08-01,1.96,FRED monthly history
FEDFUNDS,1955-09-01,2.18,FRED monthly history
FEDFUNDS,1955-10-01,2.24,FRED monthly history
FEDFUNDS,1955-11-01,2.35,FRED monthly history
FEDFUNDS,1955-12-01,2.48,FRED monthly history
FEDFUNDS,1956-01-01,2.45,FRED monthly history
FEDFUNDS,1956-02-01,2.50,FRED monthly history
FEDFUNDS,1956-03-01,2.50,FRED monthly history
FEDFUNDS,1956-04-01,2.62,FRED monthly history
FEDFUNDS,1956-05-01,2.75,FRED monthly history
FEDFUNDS,1956-06-01,2.71,FRED monthly history
FEDFUNDS,1956-07-01,2.75,FRED monthly history
FEDFUNDS,1956-08-01,2.73,FRED monthly history
FEDFUNDS,1956-09-01,2.95,FRED monthly history
FEDFUNDS,1956-10-01,2.96,FRED monthly history
FEDFUNDS,1956-11-01,2.88,FRED monthly history
FEDFUNDS,1956-12-01,2.94,FRED monthly history
FEDFUNDS,1957-01-01,2.84,FRED monthly history
FEDFUNDS,1957-02-01,3.00,FRED monthly history
FEDFUNDS,1957-03-01,2.96,FRED monthly history
FEDFUNDS,1957-04-01,3.00,FRED monthly history
FEDFUNDS,1957-05-01,3.00,FRED monthly history
FEDFUNDS,1957-06-01,3.00,FRED monthly history
FEDFUNDS,1957-07-01,2.99,FRED monthly history
FEDFUNDS,1957-08-01,3.24,FRED monthly history
FEDFUNDS,1957-09-01,3.47,FRED monthly history
FEDFUNDS,1957-10-01,3.50,FRED monthly history
FEDFUNDS,1957-11-01,3.28,FRED monthly history
FEDFUNDS,1957-12-01,2.98,FRED monthly history
FEDFUNDS,1958-01-01,2.72,FRED monthly history
FEDFUNDS,1958-02-01,1.67,FRED monthly history
FEDFUNDS,1958-03-01,1.20,FRED monthly history
FEDFUNDS,1958-04-01,1.26,FRED monthly history
FEDFUNDS,1958-05-01,0.63,FRED monthly history
FEDFUNDS,1958-06-01,0.93,FRED monthly history
FEDFUNDS,1958-07-01,0.68,FRED monthly history
FEDFUNDS,1958-08-01,1.53,FRED monthly history
FEDFUNDS,1958-09-01,1.76,FRED monthly history
FEDFUNDS,1958-10-01,1.80,FRED monthly history
FEDFUNDS,1958-11-01,2.27,FRED monthly history
FEDFUNDS,1958-12-01,2.42,FRED monthly history
FEDFUNDS,1959-01-01,2.48,FRED monthly history
FEDFUNDS,1959-02-01,2.43,FRED monthly history
FEDFUNDS,1959-03-01,2.80,FRED monthly history
FEDFUNDS,1959-04-01,2.96,FRED monthly history
FEDFUNDS,1959-05-01,2.90,FRED monthly history
FEDFUNDS,1959-06-01,3.39,FRED monthly history
FEDFUNDS,1959-07-01,3.47,FRED monthly history
FEDFUNDS,1959-08-01,3.50,FRED monthly history
FEDFUNDS,1959-09-01,3.76,FRED monthly history
FEDFUNDS,1959-10-01,3.98,FRED monthly history
FEDFUNDS,1959-11-01,4.00,FRED monthly history
FEDFUNDS,1959-12-01,3.99,FRED monthly history
FEDFUNDS,1960-01-01,3.99,FRED monthly history
FEDFUNDS,1960-02-01,3.97,FRED monthly history
FEDFUNDS,1960-03-01,3.84,FRED monthly history
FEDFUNDS,1960-04-01,3.92,FRED monthly history
FEDFUNDS,1960-05-01,3.85,FRED monthly history
FEDFUNDS,1960-06-01,3.32,FRED monthly history
FEDFUNDS,1960-07-01,3.23,FRED monthly history
FEDFUNDS,1960-08-01,2.98,FRED monthly history
FEDFUNDS,1960-09-01,2.60,FRED monthly history
FEDFUNDS,1960-10-01,2.47,FRED monthly history
FEDFUNDS,1960-11-01,2.44,FRED monthly history
FEDFUNDS,1960-12-01,1.98,FRED monthly history
FEDFUNDS,1961-01-01,1.45,FRED monthly history
FEDFUNDS,1961-02-01,2.54,FRED monthly history
FEDFUNDS,1961-03-01,2.02,FRED monthly history
FEDFUNDS,1961-04-01,1.49,FRED monthly history
FEDFUNDS,1961-05-01,1.98,FRED monthly history
FEDFUNDS,1961-06-01,1.73,FRED monthly history
FEDFUNDS,1961-07-01,1.17,FRED monthly history
FEDFUNDS,1961-08-01,2.00,FRED monthly history
FEDFUNDS,1961-09-01,1.88,FRED monthly history
FEDFUNDS,1961-10-01,2.26,FRED monthly history
FEDFUNDS,1961-11-01,2.61,FRED monthly history
FEDFUNDS,1961-12-01,2.33,FRED monthly history
FEDFUNDS,1962-01-01,2.15,FRED monthly history
FEDFUNDS,1962-02-01,2.37,FRED monthly history
FEDFUNDS,1962-03-01,2.85,FRED monthly history
FEDFUNDS,1962-04-01,2.78,FRED monthly history
FEDFUNDS,1962-05-01,2.36,FRED monthly history
FEDFUNDS,1962-06-01,2.68,FRED monthly history
FEDFUNDS,1962-07-01,2.71,FRED monthly history
FEDFUNDS,1962-08-01,2.93,FRED monthly history
FEDFUNDS,1962-09-01,2.90,FRED monthly history
FEDFUNDS,1962-10-01,2.90,FRED monthly history
FEDFUNDS,1962-11-01,2.94,FRED monthly history
FEDFUNDS,1962-12-01,2.93,FRED monthly history
FEDFUNDS,1963-01-01,2.92,FRED monthly history
FEDFUNDS,1963-02-01,3.00,FRED monthly history
FEDFUNDS,1963-03-01,2.98,FRED monthly history
FEDFUNDS,1963-04-01,2.90,FRED monthly history
FEDFUNDS,1963-05-01,3.00,FRED monthly history
FEDFUNDS,1963-06-01,2.99,FRED monthly history
FEDFUNDS,1963-07-01,3.02,FRED monthly history
FEDFUNDS,1963-08-01,3.49,FRED monthly history
FEDFUNDS,1963-09-01,3.48,FRED monthly history
FEDFUNDS,1963-10-01,3.50,FRED monthly history
FEDFUNDS,1963-11-01,3.48,FRED monthly history
FEDFUNDS,1963-12-01,3.38,FRED monthly history
FEDFUNDS,1964-01-01,3.48,FRED monthly history
FEDFUNDS,1964-02-01,3.48,FRED monthly history
FEDFUNDS,1964-03-01,3.43,FRED monthly history
FEDFUNDS,1964-04-01,3.47,FRED monthly history
FEDFUNDS,1964-05-01,3.50,FRED monthly history
FEDFUNDS,1964-06-01,3.50,FRED monthly history
FEDFUNDS,1964-07-01,3.42,FRED monthly history
FEDFUNDS,1964-08-01,3.50,FRED monthly history
FEDFUNDS,1964-09-01,3.45,FRED monthly history
FEDFUNDS,1964-10-01,3.36,FRED monthly history
FEDFUNDS,1964-11-01,3.52,FRED monthly history
FEDFUNDS,1964-12-01,3.85,FRED monthly history
FEDFUNDS,1965-01-01,3.90,FRED monthly history
FEDFUNDS,1965-02-01,3.98,FRED monthly history
FEDFUNDS,1965-03-01,4.05,FRED monthly history
FEDFUNDS,1965-04-01,4.09,FRED monthly history
FEDFUNDS,1965-05-01,4.10,FRED monthly history
FEDFUNDS,1965-06-01,4.05,FRED monthly history
FEDFUNDS,1965-07-01,4.09,FRED monthly history
FEDFUNDS,1965-08-01,4.12,FRED monthly history
FEDFUNDS,1965-09-01,4.02,FRED monthly history
FEDFUNDS,1965-10-01,4.08,FRED monthly history
FEDFUNDS,1965-11-01,4.10,FRED monthly history
FEDFUNDS,1965-12-01,4.32,FRED monthly history
FEDFUNDS,1966-01-01,4.42,FRED monthly history
FEDFUNDS,1966-02-01,4.60,FRED monthly history
FEDFUNDS,1966-03-01,4.66,FRED monthly history
FEDFUNDS,1966-04-01,4.67,FRED monthly history
FEDFUNDS,1966-05-01,4.90,FRED monthly history
FEDFUNDS,1966-06-01,5.17,FRED monthly history
FEDFUNDS,1966-07-01,5.30,FRED monthly history
FEDFUNDS,1966-08-01,5.53,FRED monthly history
FEDFUNDS,1966-09-01,5.40,FRED monthly history
FEDFUNDS,1966-10-01,5.53,FRED monthly history
FEDFUNDS,1966-11-01,5.76,FRED monthly history
FEDFUNDS,1966-12-01,5.40,FRED monthly history
FEDFUNDS,1967-01-01,4.94,FRED monthly history
FEDFUNDS,1967-02-01,5.00,FRED monthly history
FEDFUNDS,1967-03-01,4.53,FRED monthly history
FEDFUNDS,1967-04-01,4.05,FRED monthly history
FEDFUNDS,1967-05-01,3.94,FRED monthly history
FEDFUNDS,1967-06-01,3.98,FRED monthly history
FEDFUNDS,1967-07-01,3.79,FRED monthly history
FEDFUNDS,1967-08-01,3.90,FRED monthly history
FEDFUNDS,1967-09-01,3.99,FRED monthly history
FEDFUNDS,1967-10-01,3.88,FRED monthly history
FEDFUNDS,1967-11-01,4.13,FRED monthly history
FEDFUNDS,1967-12-01,4.51,FRED monthly history
FEDFUNDS,1968-01-01,4.61,FRED monthly history
FEDFUNDS,1968-02-01,4.71,FRED monthly history
FEDFUNDS,1968-03-01,5.05,FRED monthly history
FEDFUNDS,1968-04-01,5.76,FRED monthly history
FEDFUNDS,1968-05-01,6.12,FRED monthly history
FEDFUNDS,1968-06-01,6.07,FRED monthly history
FEDFUNDS,1968-07-01,6.03,FRED monthly history
FEDFUNDS,1968-08-01,6.03,FRED monthly history
FEDFUNDS,1968-09-01,5.78,FRED monthly history
FEDFUNDS,1968-10-01,5.91,FRED monthly history
FEDFUNDS,1968-11-01,5.82,FRED monthly history
FEDFUNDS,1968-12-01,6.02,FRED monthly history
FEDFUNDS,1969-01-01,6.30,FRED monthly history
FEDFUNDS,1969-02-01,6.61,FRED monthly history
FEDFUNDS,1969-03-01,6.79,FRED monthly history
FEDFUNDS,1969-04-01,7.41,FRED monthly history
FEDFUNDS,1969-05-01,8.67,FRED monthly history
FEDFUNDS,1969-06-01,8.90,FRED monthly history
FEDFUNDS,1969-07-01,8.61,FRED monthly history
FEDFUNDS,1969-08-01,9.19,FRED monthly history
FEDFUNDS,1969-09-01,9.15,FRED monthly history
FEDFUNDS,1969-10-01,9.00,FRED monthly history
FEDFUNDS,1969-11-01,8.85,FRED monthly history
FEDFUNDS,1969-12-01,8.97,FRED monthly history
FEDFUNDS,1970-01-01,8.98,FRED monthly history
FEDFUNDS,1970-02-01,8.98,FRED monthly history
FEDFUNDS,1970-03-01,7.76,FRED monthly history
FEDFUNDS,1970-04-01,8.10,FRED monthly history
FEDFUNDS,1970-05-01,7.95,FRED monthly history
FEDFUNDS,1970-06-01,7.61,FRED monthly history
FEDFUNDS,1970-07-01,7.21,FRED monthly history
FEDFUNDS,1970-08-01,6.62,FRED monthly history
FEDFUNDS,1970-09-01,6.29,FRED monthly history
FEDFUNDS,1970-10-01,6.20,FRED monthly history
FEDFUNDS,1970-11-01,5.60,FRED monthly history
FEDFUNDS,1970-12-01,4.90,FRED monthly history
FEDFUNDS,1971-01-01,4.14,FRED monthly history
FEDFUNDS,1971-02-01,3.72,FRED monthly history
FEDFUNDS,1971-03-01,3.71,FRED monthly history
FEDFUNDS,1971-04-01,4.16,FRED monthly history
FEDFUNDS,1971-05-01,4.63,FRED monthly history
FEDFUNDS,1971-06-01,4.91,FRED monthly history
FEDFUNDS,1971-07-01,5.31,FRED monthly history
FEDFUNDS,1971-08-01,5.57,FRED monthly history
FEDFUNDS,1971-09-01,5.55,FRED monthly history
FEDFUNDS,1971-10-01,5.20,FRED monthly history
FEDFUNDS,1971-11-01,4.91,FRED monthly history
FEDFUNDS,1971-12-01,4.14,FRED monthly history
FEDFUNDS,1972-01-01,3.51,FRED monthly history
FEDFUNDS,1972-02-01,3.30,FRED monthly history
FEDFUNDS,1972-03-01,3.83,FRED monthly history
FEDFUNDS,1972-04-01,4.17,FRED monthly history
FEDFUNDS,1972-05-01,4.27,FRED monthly history
FEDFUNDS,1972-06-01,4.46,FRED monthly history
FEDFUNDS,1972-07-01,4.55,FRED monthly history
FEDFUNDS,1972-08-01,4.81,FRED monthly history
FEDFUNDS,1972-09-01,4.87,FRED monthly history
FEDFUNDS,1972-10-01,5.05,FRED monthly history
FEDFUNDS,1972-11-01,5.06,FRED monthly history
FEDFUNDS,1972-12-01,5.33,FRED monthly history
FEDFUNDS,1973-01-01,5.94,FRED monthly history
FEDFUNDS,1973-02-01,6.58,FRED monthly history
FEDFUNDS,1973-03-01,7.09,FRED monthly history
FEDFUNDS,1973-04-01,7.12,FRED monthly history
FEDFUNDS,1973-05-01,7.84,FRED monthly history
FEDFUNDS,1973-06-01,8.49,FRED monthly history
FEDFUNDS,1973-07-01,10.40,FRED monthly history
FEDFUNDS,1973-08-01,10.50,FRED monthly history
FEDFUNDS,1973-09-01,10.78,FRED monthly history
FEDFUNDS,1973-10-01,10.01,FRED monthly history
FEDFUNDS,1973-11-01,10.03,FRED monthly history
FEDFUNDS,1973-12-01,9.95,FRED monthly history
FEDFUNDS,1974-01-01,9.65,FRED monthly history
FEDFUNDS,1974-02-01,8.97,FRED monthly history
FEDFUNDS,1974-03-01,9.35,FRED monthly history
FEDFUNDS,1974-04-01,10.51,FRED monthly history
FEDFUNDS,1974-05-01,11.31,FRED monthly history
FEDFUNDS,1974-06-01,11.93,FRED monthly history
FEDFUNDS,1974-07-01,12.92,FRED monthly history
FEDFUNDS,1974-08-01,12.01,FRED monthly history
FEDFUNDS,1974-09-01,11.34,FRED monthly history
FEDFUNDS,1974-10-01,10.06,FRED monthly history
FEDFUNDS,1974-11-01,9.45,FRED monthly history
FEDFUNDS,1974-12-01,8.53,FRED monthly history
FEDFUNDS,1975-01-01,7.13,FRED monthly history
FEDFUNDS,1975-02-01,6.24,FRED monthly history
FEDFUNDS,1975-03-01,5.54,FRED monthly history
FEDFUNDS,1975-04-01,5.49,FRED monthly history
FEDFUNDS,1975-05-01,5.22,FRED monthly history
FEDFUNDS,1975-06-01,5.55,FRED monthly history
FEDFUNDS,1975-07-01,6.10,FRED monthly history
FEDFUNDS,1975-08-01,6.14,FRED monthly history
FEDFUNDS,1975-09-01,6.24,FRED monthly history
FEDFUNDS,1975-10-01,5.82,FRED monthly history
FEDFUNDS,1975-11-01,5.22,FRED monthly history
FEDFUNDS,1975-12-01,5.20,FRED monthly history
FEDFUNDS,1976-01-01,4.87,FRED monthly history
FEDFUNDS,1976-02-01,4.77,FRED monthly history
FEDFUNDS,1976-03-01,4.84,FRED monthly history
FEDFUNDS,1976-04-01,4.82,FRED monthly history
FEDFUNDS,1976-05-01,5.29,FRED monthly history
FEDFUNDS,1976-06-01,5.48,FRED monthly history
FEDFUNDS,1976-07-01,5.31,FRED monthly history
FEDFUNDS,1976-08-01,5.29,FRED monthly history
FEDFUNDS,1976-09-01,5.25,FRED monthly history
FEDFUNDS,1976-10-01,5.02,FRED monthly history
FEDFUNDS,1976-11-01,4.95,FRED monthly history
FEDFUNDS,1976-12-01,4.65,FRED monthly history
FEDFUNDS,1977-01-01,4.61,FRED monthly history
FEDFUNDS,1977-02-01,4.68,FRED monthly history
FEDFUNDS,1977-03-01,4.69,FRED monthly history
FEDFUNDS,1977-04-01,4.73,FRED monthly history
FEDFUNDS,1977-05-01,5.35,FRED monthly history
FEDFUNDS,1977-06-01,5.39,FRED monthly history
FEDFUNDS,1977-07-01,5.42,FRED monthly history
FEDFUNDS,1977-08-01,5.90,FRED monthly history
FEDFUNDS,1977-09-01,6.14,FRED monthly history
FEDFUNDS,1977-10-01,6.47,FRED monthly history
FEDFUNDS,1977-11-01,6.51,FRED monthly history
FEDFUNDS,1977-12-01,6.56,FRED monthly history
FEDFUNDS,1978-01-01,6.70,FRED monthly history
FEDFUNDS,1978-02-01,6.78,FRED monthly history
FEDFUNDS,1978-03-01,6.79,FRED monthly history
FEDFUNDS,1978-04-01,6.89,FRED monthly history
FEDFUNDS,1978-05-01,7.36,FRED monthly history
FEDFUNDS,1978-06-01,7.60,FRED monthly history
FEDFUNDS,1978-07-01,7.81,FRED monthly history
FEDFUNDS,1978-08-01,8.04,FRED monthly history
FEDFUNDS,1978-09-01,8.45,FRED monthly history
FEDFUNDS,1978-10-01,8.96,FRED monthly history
FEDFUNDS,1978-11-01,9.76,FRED monthly history
FEDFUNDS,1978-12-01,10.03,FRED monthly history
FEDFUNDS,1979-01-01,10.07,FRED monthly history
FEDFUNDS,1979-02-01,10.06,FRED monthly history
FEDFUNDS,1979-03-01,10.09,FRED monthly history
FEDFUNDS,1979-04-01,10.01,FRED monthly history
FEDFUNDS,1979-05-01,10.24,FRED monthly history
FEDFUNDS,1979-06-01,10.29,FRED monthly history
FEDFUNDS,1979-07-01,10.47,FRED monthly history
FEDFUNDS,1979-08-01,10.94,FRED monthly history
FEDFUNDS,1979-09-01,11.43,FRED monthly history
FEDFUNDS,1979-10-01,13.77,FRED monthly history
FEDFUNDS,1979-11-01,13.18,FRED monthly history
FEDFUNDS,1979-12-01,13.78,FRED monthly history
FEDFUNDS,1980-01-01,13.82,FRED monthly history
FEDFUNDS,1980-02-01,14.13,FRED monthly history
FEDFUNDS,1980-03-01,17.19,FRED monthly history
FEDFUNDS,1980-04-01,17.61,FRED monthly history
FEDFUNDS,1980-05-01,10.98,FRED monthly history
FEDFUNDS,1980-06-01,9.47,FRED monthly history
FEDFUNDS,1980-07-01,9.03,FRED monthly history
FEDFUNDS,1980-08-01,9.61,FRED monthly history
FEDFUNDS,1980-09-01,10.87,FRED monthly history
FEDFUNDS,1980-10-01,12.81,FRED monthly history
FEDFUNDS,1980-11-01,15.85,FRED monthly history
FEDFUNDS,1980-12-01,18.90,FRED monthly history
FEDFUNDS,1981-01-01,19.08,FRED monthly history
FEDFUNDS,1981-02-01,15.93,FRED monthly history
FEDFUNDS,1981-03-01,14.70,FRED monthly history
FEDFUNDS,1981-04-01,15.72,FRED monthly history
FEDFUNDS,1981-05-01,18.52,FRED monthly history
FEDFUNDS,1981-06-01,19.10,FRED monthly history
FEDFUNDS,1981-07-01,19.04,FRED monthly history
FEDFUNDS,1981-08-01,17.82,FRED monthly history
FEDFUNDS,1981-09-01,15.87,FRED monthly history
FEDFUNDS,1981-10-01,15.08,FRED monthly history
FEDFUNDS,1981-11-01,13.31,FRED monthly history
FEDFUNDS,1981-12-01,12.37,FRED monthly history
FEDFUNDS,1982-01-01,13.22,FRED monthly history
FEDFUNDS,1982-02-01,14.78,FRED monthly history
FEDFUNDS,1982-03-01,14.68,FRED monthly history
FEDFUNDS,1982-04-01,14.94,FRED monthly history
FEDFUNDS,1982-05-01,14.45,FRED monthly history
FEDFUNDS,1982-06-01,14.15,FRED monthly history
FEDFUNDS,1982-07-01,12.59,FRED monthly history
FEDFUNDS,1982-08-01,10.12,FRED monthly history
FEDFUNDS,1982-09-01,10.31,FRED monthly history
FEDFUNDS,1982-10-01,9.71,FRED monthly history
FEDFUNDS,1982-11-01,9.20,FRED monthly history
FEDFUNDS,1982-12-01,8.95,FRED monthly history
FEDFUNDS,1983-01-01,8.68,FRED monthly history
FEDFUNDS,1983-02-01,8.51,FRED monthly history
FEDFUNDS,1983-03-01,8.77,FRED monthly history
FEDFUNDS,1983-04-01,8.80,FRED monthly history
FEDFUNDS,1983-05-01,8.63,FRED monthly history
FEDFUNDS,1983-06-01,8.98,FRED monthly history
FEDFUNDS,1983-07-01,9.37,FRED monthly history
FEDFUNDS,1983-08-01,9.56,FRED monthly history
FEDFUNDS,1983-09-01,9.45,FRED monthly history
FEDFUNDS,1983-10-01,9.48,FRED monthly history
FEDFUNDS,1983-11-01,9.34,FRED monthly history
FEDFUNDS,1983-12-01,9.47,FRED monthly history
FEDFUNDS,1984-01-01,9.56,FRED monthly history
FEDFUNDS,1984-02-01,9.59,FRED monthly history
FEDFUNDS,1984-03-01,9.91,FRED monthly history
FEDFUNDS,1984-04-01,10.29,FRED monthly history
FEDFUNDS,1984-05-01,10.32,FRED monthly history
FEDFUNDS,1984-06-01,11.06,FRED monthly history
FEDFUNDS,1984-07-01,11.23,FRED monthly history
FEDFUNDS,1984-08-01,11.64,FRED monthly history
FEDFUNDS,1984-09-01,11.30,FRED monthly history
FEDFUNDS,1984-10-01,9.99,FRED monthly history
FEDFUNDS,1984-11-01,9.43,FRED monthly history
FEDFUNDS,1984-12-01,8.38,FRED monthly history
FEDFUNDS,1985-01-01,8.35,FRED monthly history
FEDFUNDS,1985-02-01,8.50,FRED monthly history
FEDFUNDS,1985-03-01,8.58,FRED monthly history
FEDFUNDS,1985-04-01,8.27,FRED monthly history
FEDFUNDS,1985-05-01,7.97,FRED monthly history
FEDFUNDS,1985-06-01,7.53,FRED monthly history
FEDFUNDS,1985-07-01,7.88,FRED monthly history
FEDFUNDS,1985-08-01,7.90,FRED monthly history
FEDFUNDS,1985-09-01,7.92,FRED monthly history
FEDFUNDS,1985-10-01,7.99,FRED monthly history
FEDFUNDS,1985-11-01,8.05,FRED monthly history
FEDFUNDS,1985-12-01,8.27,FRED monthly history
FEDFUNDS,1986-01-01,8.14,FRED monthly history
FEDFUNDS,1986-02-01,7.86,FRED monthly history
FEDFUNDS,1986-03-01,7.48,FRED monthly history
FEDFUNDS,1986-04-01,6.99,FRED monthly history
FEDFUNDS,1986-05-01,6.85,FRED monthly history
FEDFUNDS,1986-06-01,6.92,FRED monthly history
FEDFUNDS,1986-07-01,6.56,FRED monthly history
FEDFUNDS,1986-08-01,6.17,FRED monthly history
FEDFUNDS,1986-09-01,5.89,FRED monthly history
FEDFUNDS,1986-10-01,5.85,FRED monthly history
FEDFUNDS,1986-11-01,6.04,FRED monthly history
FEDFUNDS,1986-12-01,6.91,FRED monthly history
FEDFUNDS,1987-01-01,6.43,FRED monthly history
FEDFUNDS,1987-02-01,6.10,FRED monthly history
FEDFUNDS,1987-03-01,6.13,FRED monthly history
FEDFUNDS,1987-04-01,6.37,FRED monthly history
FEDFUNDS,1987-05-01,6.85,FRED monthly history
FEDFUNDS,1987-06-01,6.73,FRED monthly history
FEDFUNDS,1987-07-01,6.58,FRED monthly history
FEDFUNDS,1987-08-01,6.73,FRED monthly history
FEDFUNDS,1987-09-01,7.22,FRED monthly history
FEDFUNDS,1987-10-01,7.29,FRED monthly history
FEDFUNDS,1987-11-01,6.69,FRED monthly history
FEDFUNDS,1987-12-01,6.77,FRED monthly history
FEDFUNDS,1988-01-01,6.83,FRED monthly history
FEDFUNDS,1988-02-01,6.58,FRED monthly history
FEDFUNDS,1988-03-01,6.58,FRED monthly history
FEDFUNDS,1988-04-01,6.87,FRED monthly history
FEDFUNDS,1988-05-01,7.09,FRED monthly history
FEDFUNDS,1988-06-01,7.51,FRED monthly history
FEDFUNDS,1988-07-01,7.75,FRED monthly history
FEDFUNDS,1988-08-01,8.01,FRED monthly history
FEDFUNDS,1988-09-01,8.19,FRED monthly history
FEDFUNDS,1988-10-01,8.30,FRED monthly history
FEDFUNDS,1988-11-01,8.35,FRED monthly history
FEDFUNDS,1988-12-01,8.76,FRED monthly history
FEDFUNDS,1989-01-01,9.12,FRED monthly history
FEDFUNDS,1989-02-01,9.36,FRED monthly history
FEDFUNDS,1989-03-01,9.85,FRED monthly history
FEDFUNDS,1989-04-01,9.84,FRED monthly history
FEDFUNDS,1989-05-01,9.81,FRED monthly history
FEDFUNDS,1989-06-01,9.53,FRED monthly history
FEDFUNDS,1989-07-01,9.24,FRED monthly history
FEDFUNDS,1989-08-01,8.99,FRED monthly history
FEDFUNDS,1989-09-01,9.02,FRED monthly history
FEDFUNDS,1989-10-01,8.84,FRED monthly history
FEDFUNDS,1989-11-01,8.55,FRED monthly history
FEDFUNDS,1989-12-01,8.45,FRED monthly history
FEDFUNDS,1990-01-01,8.23,FRED monthly history
FEDFUNDS,1990-02-01,8.24,FRED monthly history
FEDFUNDS,1990-03-01,8.28,FRED monthly history
FEDFUNDS,1990-04-01,8.26,FRED monthly history
FEDFUNDS,1990-05-01,8.18,FRED monthly history
FEDFUNDS,1990-06-01,8.29,FRED monthly history
FEDFUNDS,1990-07-01,8.15,FRED monthly history
FEDFUNDS,1990-08-01,8.13,FRED monthly history
FEDFUNDS,1990-09-01,8.20,FRED monthly history
FEDFUNDS,1990-10-01,8.11,FRED monthly history
FEDFUNDS,1990-11-01,7.81,FRED monthly history
FEDFUNDS,1990-12-01,7.31,FRED monthly history
FEDFUNDS,1991-01-01,6.91,FRED monthly history
FEDFUNDS,1991-02-01,6.25,FRED monthly history
FEDFUNDS,1991-03-01,6.12,FRED monthly history
FEDFUNDS,1991-04-01,5.91,FRED monthly history
FEDFUNDS,1991-05-01,5.78,FRED monthly history
FEDFUNDS,1991-06-01,5.90,FRED monthly history
FEDFUNDS,1991-07-01,5.82,FRED monthly history
FEDFUNDS,1991-08-01,5.66,FRED monthly history
FEDFUNDS,1991-09-01,5.45,FRED monthly history
FEDFUNDS,1991-10-01,5.21,FRED monthly history
FEDFUNDS,1991-11-01,4.81,FRED monthly history
FEDFUNDS,1991-12-01,4.43,FRED monthly history
FEDFUNDS,1992-01-01,4.03,FRED monthly history
FEDFUNDS,1992-02-01,4.06,FRED monthly history
FEDFUNDS,1992-03-01,3.98,FRED monthly history
FEDFUNDS,1992-04-01,3.73,FRED monthly history
FEDFUNDS,1992-05-01,3.82,FRED monthly history
FEDFUNDS,1992-06-01,3.76,FRED monthly history
FEDFUNDS,1992-07-01,3.25,FRED monthly history
FEDFUNDS,1992-08-01,3.30,FRED monthly history
FEDFUNDS,1992-09-01,3.22,FRED monthly history
FEDFUNDS,1992-10-01,3.10,FRED monthly history
FEDFUNDS,1992-11-01,3.09,FRED monthly history
FEDFUNDS,1992-12-01,2.92,FRED monthly history
FEDFUNDS,1993-01-01,3.02,FRED monthly history
FEDFUNDS,1993-02-01,3.03,FRED monthly history
FEDFUNDS,1993-03-01,3.07,FRED monthly history
FEDFUNDS,1993-04-01,2.96,FRED monthly history
FEDFUNDS,1993-05-01,3.00,FRED monthly history
FEDFUNDS,1993-06-01,3.04,FRED monthly history
FEDFUNDS,1993-07-01,3.06,FRED monthly history
FEDFUNDS,1993-08-01,3.03,FRED monthly history
FEDFUNDS,1993-09-01,3.09,FRED monthly history
FEDFUNDS,1993-10-01,2.99,FRED monthly history
FEDFUNDS,1993-11-01,3.02,FRED monthly history
FEDFUNDS,1993-12-01,2.96,FRED monthly history
FEDFUNDS,1994-01-01,3.05,FRED monthly history
FEDFUNDS,1994-02-01,3.25,FRED monthly history
FEDFUNDS,1994-03-01,3.34,FRED monthly history
FEDFUNDS,1994-04-01,3.56,FRED monthly history
FEDFUNDS,1994-05-01,4.01,FRED monthly history
FEDFUNDS,1994-06-01,4.25,FRED monthly history
FEDFUNDS,1994-07-01,4.26,FRED monthly history
FEDFUNDS,1994-08-01,4.47,FRED monthly history
FEDFUNDS,1994-09-01,4.73,FRED monthly history
FEDFUNDS,1994-10-01,4.76,FRED monthly history
FEDFUNDS,1994-11-01,5.29,FRED monthly history
FEDFUNDS,1994-12-01,5.45,FRED monthly history
FEDFUNDS,1995-01-01,5.53,FRED monthly history
FEDFUNDS,1995-02-01,5.92,FRED monthly history
FEDFUNDS,1995-03-01,5.98,FRED monthly history
FEDFUNDS,1995-04-01,6.05,FRED monthly history
FEDFUNDS,1995-05-01,6.01,FRED monthly history
FEDFUNDS,1995-06-01,6.00,FRED monthly history
FEDFUNDS,1995-07-01,5.85,FRED monthly history
FEDFUNDS,1995-08-01,5.74,FRED monthly history
FEDFUNDS,1995-09-01,5.80,FRED monthly history
FEDFUNDS,1995-10-01,5.76,FRED monthly history
FEDFUNDS,1995-11-01,5.80,FRED monthly history
FEDFUNDS,1995-12-01,5.60,FRED monthly history
FEDFUNDS,1996-01-01,5.56,FRED monthly history
FEDFUNDS,1996-02-01,5.22,FRED monthly history
FEDFUNDS,1996-03-01,5.31,FRED monthly history
FEDFUNDS,1996-04-01,5.22,FRED monthly history
FEDFUNDS,1996-05-01,5.24,FRED monthly history
FEDFUNDS,1996-06-01,5.27,FRED monthly history
FEDFUNDS,1996-07-01,5.40,FRED monthly history
FEDFUNDS,1996-08-01,5.22,FRED monthly history
FEDFUNDS,1996-09-01,5.30,FRED monthly history
FEDFUNDS,1996-10-01,5.24,FRED monthly history
FEDFUNDS,1996-11-01,5.31,FRED monthly history
FEDFUNDS,1996-12-01,5.29,FRED monthly history
FEDFUNDS,1997-01-01,5.25,FRED monthly history
FEDFUNDS,1997-02-01,5.19,FRED monthly history
FEDFUNDS,1997-03-01,5.39,FRED monthly history
FEDFUNDS,1997-04-01,5.51,FRED monthly history
FEDFUNDS,1997-05-01,5.50,FRED monthly history
FEDFUNDS,1997-06-01,5.56,FRED monthly history
FEDFUNDS,1997-07-01,5.52,FRED monthly history
FEDFUNDS,1997-08-01,5.54,FRED monthly history
FEDFUNDS,1997-09-01,5.54,FRED monthly history
FEDFUNDS,1997-10-01,5.50,FRED monthly history
FEDFUNDS,1997-11-01,5.52,FRED monthly history
FEDFUNDS,1997-12-01,5.50,FRED monthly history
FEDFUNDS,1998-01-01,5.56,FRED monthly history
FEDFUNDS,1998-02-01,5.51,FRED monthly history
FEDFUNDS,1998-03-01,5.49,FRED monthly history
FEDFUNDS,1998-04-01,5.45,FRED monthly history
FEDFUNDS,1998-05-01,5.49,FRED monthly history
FEDFUNDS,1998-06-01,5.56,FRED monthly history
FEDFUNDS,1998-07-01,5.54,FRED monthly history
FEDFUNDS,1998-08-01,5.55,FRED monthly history
FEDFUNDS,1998-09-01,5.51,FRED monthly history
FEDFUNDS,1998-10-01,5.07,FRED monthly history
FEDFUNDS,1998-11-01,4.83,FRED monthly history
FEDFUNDS,1998-12-01,4.68,FRED monthly history
FEDFUNDS,1999-01-01,4.63,FRED monthly history
FEDFUNDS,1999-02-01,4.76,FRED monthly history
FEDFUNDS,1999-03-01,4.81,FRED monthly history
FEDFUNDS,1999-04-01,4.74,FRED monthly history
FEDFUNDS,1999-05-01,4.74,FRED monthly history
FEDFUNDS,1999-06-01,4.76,FRED monthly history
FEDFUNDS,1999-07-01,4.99,FRED monthly history
FEDFUNDS,1999-08-01,5.07,FRED monthly history
FEDFUNDS,1999-09-01,5.22,FRED monthly history
FEDFUNDS,1999-10-01,5.20,FRED monthly history
FEDFUNDS,1999-11-01,5.42,FRED monthly history
FEDFUNDS,1999-12-01,5.30,FRED monthly history
FEDFUNDS,2000-01-01,5.45,FRED monthly history
FEDFUNDS,2000-02-01,5.73,FRED monthly history
FEDFUNDS,2000-03-01,5.85,FRED monthly history
FEDFUNDS,2000-04-01,6.02,FRED monthly history
FEDFUNDS,2000-05-01,6.27,FRED monthly history
FEDFUNDS,2000-06-01,6.53,FRED monthly history
FEDFUNDS,2000-07-01,6.54,FRED monthly history
FEDFUNDS,2000-08-01,6.50,FRED monthly history
FEDFUNDS,2000-09-01,6.52,FRED monthly history
FEDFUNDS,2000-10-01,6.51,FRED monthly history
FEDFUNDS,2000-11-01,6.51,FRED monthly history
FEDFUNDS,2000-12-01,6.40,FRED monthly history
FEDFUNDS,2001-01-01,5.98,FRED monthly history
FEDFUNDS,2001-02-01,5.49,FRED monthly history
FEDFUNDS,2001-03-01,5.31,FRED monthly history
FEDFUNDS,2001-04-01,4.80,FRED monthly history
FEDFUNDS,2001-05-01,4.21,FRED monthly history
FEDFUNDS,2001-06-01,3.97,FRED monthly history
FEDFUNDS,2001-07-01,3.77,FRED monthly history
FEDFUNDS,2001-08-01,3.65,FRED monthly history
FEDFUNDS,2001-09-01,3.07,FRED monthly history
FEDFUNDS,2001-10-01,2.49,FRED monthly history
FEDFUNDS,2001-11-01,2.09,FRED monthly history
FEDFUNDS,2001-12-01,1.82,FRED monthly history
FEDFUNDS,2002-01-01,1.73,FRED monthly history
FEDFUNDS,2002-02-01,1.74,FRED monthly history
FEDFUNDS,2002-03-01,1.73,FRED monthly history
FEDFUNDS,2002-04-01,1.75,FRED monthly history
FEDFUNDS,2002-05-01,1.75,FRED monthly history
FEDFUNDS,2002-06-01,1.75,FRED monthly history
FEDFUNDS,2002-07-01,1.73,FRED monthly history
FEDFUNDS,2002-08-01,1.74,FRED monthly history
FEDFUNDS,2002-09-01,1.75,FRED monthly history
FEDFUNDS,2002-10-01,1.75,FRED monthly history
FEDFUNDS,2002-11-01,1.34,FRED monthly history
FEDFUNDS,2002-12-01,1.24,FRED monthly history
FEDFUNDS,2003-01-01,1.24,FRED monthly history
FEDFUNDS,2003-02-01,1.26,FRED monthly history
FEDFUNDS,2003-03-01,1.25,FRED monthly history
FEDFUNDS,2003-04-01,1.26,FRED monthly history
FEDFUNDS,2003-05-01,1.26,FRED monthly history
FEDFUNDS,2003-06-01,1.22,FRED monthly history
FEDFUNDS,2003-07-01,1.01,FRED monthly history
FEDFUNDS,2003-08-01,1.03,FRED monthly history
FEDFUNDS,2003-09-01,1.01,FRED monthly history
FEDFUNDS,2003-10-01,1.01,FRED monthly history
FEDFUNDS,2003-11-01,1.00,FRED monthly history
FEDFUNDS,2003-12-01,0.98,FRED monthly history
FEDFUNDS,2004-01-01,1.00,FRED monthly history
FEDFUNDS,2004-02-01,1.01,FRED monthly history
FEDFUNDS,2004-03-01,1.00,FRED monthly history
FEDFUNDS,2004-04-01,1.00,FRED monthly history
FEDFUNDS,2004-05-01,1.00,FRED monthly history
FEDFUNDS,2004-06-01,1.03,FRED monthly history
FEDFUNDS,2004-07-01,1.26,FRED monthly history
FEDFUNDS,2004-08-01,1.43,FRED monthly history
FEDFUNDS,2004-09-01,1.61,FRED monthly history
FEDFUNDS,2004-10-01,1.76,FRED monthly history
FEDFUNDS,2004-11-01,1.93,FRED monthly history
FEDFUNDS,2004-12-01,2.16,FRED monthly history
FEDFUNDS,2005-01-01,2.28,FRED monthly history
FEDFUNDS,2005-02-01,2.50,FRED monthly history
FEDFUNDS,2005-03-01,2.63,FRED monthly history
FEDFUNDS,2005-04-01,2.79,FRED monthly history
FEDFUNDS,2005-05-01,3.00,FRED monthly history
FEDFUNDS,2005-06-01,3.04,FRED monthly history
FEDFUNDS,2005-07-01,3.26,FRED monthly history
FEDFUNDS,2005-08-01,3.50,FRED monthly history
FEDFUNDS,2005-09-01,3.62,FRED monthly history
FEDFUNDS,2005-10-01,3.78,FRED monthly history
FEDFUNDS,2005-11-01,4.00,FRED monthly history
FEDFUNDS,2005-12-01,4.16,FRED monthly history
FEDFUNDS,2006-01-01,4.29,FRED monthly history
FEDFUNDS,2006-02-01,4.49,FRED monthly history
FEDFUNDS,2006-03-01,4.59,FRED monthly history
FEDFUNDS,2006-04-01,4.79,FRED monthly history
FEDFUNDS,2006-05-01,4.94,FRED monthly history
FEDFUNDS,2006-06-01,4.99,FRED monthly history
FEDFUNDS,2006-07-01,5.24,FRED monthly history
FEDFUNDS,2006-08-01,5.25,FRED monthly history
FEDFUNDS,2006-09-01,5.25,FRED monthly history
FEDFUNDS,2006-10-01,5.25,FRED monthly history
FEDFUNDS,2006-11-01,5.25,FRED monthly history
FEDFUNDS,2006-12-01,5.24,FRED monthly history
FEDFUNDS,2007-01-01,5.25,FRED monthly history
FEDFUNDS,2007-02-01,5.26,FRED monthly history
FEDFUNDS,2007-03-01,5.26,FRED monthly history
FEDFUNDS,2007-04-01,5.25,FRED monthly history
FEDFUNDS,2007-05-01,5.25,FRED monthly history
FEDFUNDS,2007-06-01,5.25,FRED monthly history
FEDFUNDS,2007-07-01,5.26,FRED monthly history
FEDFUNDS,2007-08-01,5.02,FRED monthly history
FEDFUNDS,2007-09-01,4.94,FRED monthly history
FEDFUNDS,2007-10-01,4.76,FRED monthly history
FEDFUNDS,2007-11-01,4.49,FRED monthly history
FEDFUNDS,2007-12-01,4.24,FRED monthly history
FEDFUNDS,2008-01-01,3.94,FRED monthly history
FEDFUNDS,2008-02-01,2.98,FRED monthly history
FEDFUNDS,2008-03-01,2.61,FRED monthly history
FEDFUNDS,2008-04-01,2.28,FRED monthly history
FEDFUNDS,2008-05-01,1.98,FRED monthly history
FEDFUNDS,2008-06-01,2.00,FRED monthly history
FEDFUNDS,2008-07-01,2.01,FRED monthly history
FEDFUNDS,2008-08-01,2.00,FRED monthly history
FEDFUNDS,2008-09-01,1.81,FRED monthly history
FEDFUNDS,2008-10-01,0.97,FRED monthly history
FEDFUNDS,2008-11-01,0.39,FRED monthly history
FEDFUNDS,2008-12-01,0.16,FRED monthly history
FEDFUNDS,2009-01-01,0.15,FRED monthly history
FEDFUNDS,2009-02-01,0.22,FRED monthly history
FEDFUNDS,2009-03-01,0.18,FRED monthly history
FEDFUNDS,2009-04-01,0.15,FRED monthly history
FEDFUNDS,2009-05-01,0.18,FRED monthly history
FEDFUNDS,2009-06-01,0.21,FRED monthly history
FEDFUNDS,2009-07-01,0.16,FRED monthly history
FEDFUNDS,2009-08-01,0.16,FRED monthly history
FEDFUNDS,2009-09-01,0.15,FRED monthly history
FEDFUNDS,2009-10-01,0.12,FRED monthly history
FEDFUNDS,2009-11-01,0.12,FRED monthly history
FEDFUNDS,2009-12-01,0.12,FRED monthly history
FEDFUNDS,2010-01-01,0.11,FRED monthly history
FEDFUNDS,2010-02-01,0.13,FRED monthly history
FEDFUNDS,2010-03-01,0.16,FRED monthly history
FEDFUNDS,2010-04-01,0.20,FRED monthly history
FEDFUNDS,2010-05-01,0.20,FRED monthly history
FEDFUNDS,2010-06-01,0.18,FRED monthly history
FEDFUNDS,2010-07-01,0.18,FRED monthly history
FEDFUNDS,2010-08-01,0.19,FRED monthly history
FEDFUNDS,2010-09-01,0.19,FRED monthly history
FEDFUNDS,2010-10-01,0.19,FRED monthly history
FEDFUNDS,2010-11-01,0.19,FRED monthly history
FEDFUNDS,2010-12-01,0.18,FRED monthly history
FEDFUNDS,2011-01-01,0.17,FRED monthly history
FEDFUNDS,2011-02-01,0.16,FRED monthly history
FEDFUNDS,2011-03-01,0.14,FRED monthly history
FEDFUNDS,2011-04-01,0.10,FRED monthly history
FEDFUNDS,2011-05-01,0.09,FRED monthly history
FEDFUNDS,2011-06-01,0.09,FRED monthly history
FEDFUNDS,2011-07-01,0.07,FRED monthly history
FEDFUNDS,2011-08-01,0.10,FRED monthly history
FEDFUNDS,2011-09-01,0.08,FRED monthly history
FEDFUNDS,2011-10-01,0.07,FRED monthly history
FEDFUNDS,2011-11-01,0.08,FRED monthly history
FEDFUNDS,2011-12-01,0.07,FRED monthly history
FEDFUNDS,2012-01-01,0.08,FRED monthly history
FEDFUNDS,2012-02-01,0.10,FRED monthly history
FEDFUNDS,2012-03-01,0.13,FRED monthly history
FEDFUNDS,2012-04-01,0.14,FRED monthly history
FEDFUNDS,2012-05-01,0.16,FRED monthly history
FEDFUNDS,2012-06-01,0.16,FRED monthly history
FEDFUNDS,2012-07-01,0.16,FRED monthly history
FEDFUNDS,2012-08-01,0.13,FRED monthly history
FEDFUNDS,2012-09-01,0.14,FRED monthly history
FEDFUNDS,2012-10-01,0.16,FRED monthly history
FEDFUNDS,2012-11-01,0.16,FRED monthly history
FEDFUNDS,2012-12-01,0.16,FRED monthly history
FEDFUNDS,2013-01-01,0.14,FRED monthly history
FEDFUNDS,2013-02-01,0.15,FRED monthly history
FEDFUNDS,2013-03-01,0.14,FRED monthly history
FEDFUNDS,2013-04-01,0.15,FRED monthly history
FEDFUNDS,2013-05-01,0.11,FRED monthly history
FEDFUNDS,2013-06-01,0.09,FRED monthly history
FEDFUNDS,2013-07-01,0.09,FRED monthly history
FEDFUNDS,2013-08-01,0.08,FRED monthly history
FEDFUNDS,2013-09-01,0.08,FRED monthly history
FEDFUNDS,2013-10-01,0.09,FRED monthly history
FEDFUNDS,2013-11-01,0.08,FRED monthly history
FEDFUNDS,2013-12-01,0.09,FRED monthly history
FEDFUNDS,2014-01-01,0.07,FRED monthly history
FEDFUNDS,2014-02-01,0.07,FRED monthly history
FEDFUNDS,2014-03-01,0.08,FRED monthly history
FEDFUNDS,2014-04-01,0.09,FRED monthly history
FEDFUNDS,2014-05-01,0.09,FRED monthly history
FEDFUNDS,2014-06-01,0.10,FRED monthly history
FEDFUNDS,2014-07-01,0.09,FRED monthly history
FEDFUNDS,2014-08-01,0.09,FRED monthly history
FEDFUNDS,2014-09-01,0.09,FRED monthly history
FEDFUNDS,2014-10-01,0.09,FRED monthly history
FEDFUNDS,2014-11-01,0.09,FRED monthly history
FEDFUNDS,2014-12-01,0.12,FRED monthly history
FEDFUNDS,2015-01-01,0.11,FRED monthly history
FEDFUNDS,2015-02-01,0.11,FRED monthly history
FEDFUNDS,2015-03-01,0.11,FRED monthly history
FEDFUNDS,2015-04-01,0.12,FRED monthly history
FEDFUNDS,2015-05-01,0.12,FRED monthly history
FEDFUNDS,2015-06-01,0.13,FRED monthly history
FEDFUNDS,2015-07-01,0.13,FRED monthly history
FEDFUNDS,2015-08-01,0.14,FRED monthly history
FEDFUNDS,2015-09-01,0.14,FRED monthly history
FEDFUNDS,2015-10-01,0.12,FRED monthly history
FEDFUNDS,2015-11-01,0.12,FRED monthly history
FEDFUNDS,2015-12-01,0.24,FRED monthly history
FEDFUNDS,2016-01-01,0.34,FRED monthly history
FEDFUNDS,2016-02-01,0.38,FRED monthly history
FEDFUNDS,2016-03-01,0.36,FRED monthly history
FEDFUNDS,2016-04-01,0.37,FRED monthly history
FEDFUNDS,2016-05-01,0.37,FRED monthly history
FEDFUNDS,2016-06-01,0.38,FRED monthly history
FEDFUNDS,2016-07-01,0.39,FRED monthly history
FEDFUNDS,2016-08-01,0.40,FRED monthly history
FEDFUNDS,2016-09-01,0.40,FRED monthly history
FEDFUNDS,2016-10-01,0.40,FRED monthly history
FEDFUNDS,2016-11-01,0.41,FRED monthly history
FEDFUNDS,2016-12-01,0.54,FRED monthly history
FEDFUNDS,2017-01-01,0.65,FRED monthly history
FEDFUNDS,2017-02-01,0.66,FRED monthly history
FEDFUNDS,2017-03-01,0.79,FRED monthly history
FEDFUNDS,2017-04-01,0.90,FRED monthly history
FEDFUNDS,2017-05-01,0.91,FRED monthly history
FEDFUNDS,2017-06-01,1.04,FRED monthly history
FEDFUNDS,2017-07-01,1.15,FRED monthly history
FEDFUNDS,2017-08-01,1.16,FRED monthly history
FEDFUNDS,2017-09-01,1.15,FRED monthly history
FEDFUNDS,2017-10-01,1.15,FRED monthly history
FEDFUNDS,2017-11-01,1.16,FRED monthly history
FEDFUNDS,2017-12-01,1.30,FRED monthly history
FEDFUNDS,2018-01-01,1.41,FRED monthly history
FEDFUNDS,2018-02-01,1.42,FRED monthly history
FEDFUNDS,2018-03-01,1.51,FRED monthly history
FEDFUNDS,2018-04-01,1.69,FRED monthly history
FEDFUNDS,2018-05-01,1.70,FRED monthly history
FEDFUNDS,2018-06-01,1.82,FRED monthly history
FEDFUNDS,2018-07-01,1.91,FRED monthly history
FEDFUNDS,2018-08-01,1.91,FRED monthly history
FEDFUNDS,2018-09-01,1.95,FRED monthly history
FEDFUNDS,2018-10-01,2.19,FRED monthly history
FEDFUNDS,2018-11-01,2.20,FRED monthly history
FEDFUNDS,2018-12-01,2.27,FRED monthly history
FEDFUNDS,2019-01-01,2.40,FRED monthly history
FEDFUNDS,2019-02-01,2.40,FRED monthly history
FEDFUNDS,2019-03-01,2.41,FRED monthly history
FEDFUNDS,2019-04-01,2.42,FRED monthly history
FEDFUNDS,2019-05-01,2.39,FRED monthly history
FEDFUNDS,2019-06-01,2.38,FRED monthly history
FEDFUNDS,2019-07-01,2.40,FRED monthly history
FEDFUNDS,2019-08-01,2.13,FRED monthly history
FEDFUNDS,2019-09-01,2.04,FRED monthly history
FEDFUNDS,2019-10-01,1.83,FRED monthly history
FEDFUNDS,2019-11-01,1.55,FRED monthly history
FEDFUNDS,2019-12-01,1.55,FRED monthly history
FEDFUNDS,2020-01-01,1.55,FRED monthly history
FEDFUNDS,2020-02-01,1.58,FRED monthly history
FEDFUNDS,2020-03-01,0.65,FRED monthly history
FEDFUNDS,2020-04-01,0.05,FRED monthly history
FEDFUNDS,2020-05-01,0.05,FRED monthly history
FEDFUNDS,2020-06-01,0.08,FRED monthly history
FEDFUNDS,2020-07-01,0.09,FRED monthly history
FEDFUNDS,2020-08-01,0.10,FRED monthly history
FEDFUNDS,2020-09-01,0.09,FRED monthly history
FEDFUNDS,2020-10-01,0.09,FRED monthly history
FEDFUNDS,2020-11-01,0.09,FRED monthly history
FEDFUNDS,2020-12-01,0.09,FRED monthly history
FEDFUNDS,2021-01-01,0.09,FRED monthly history
FEDFUNDS,2021-02-01,0.08,FRED monthly history
FEDFUNDS,2021-03-01,0.07,FRED monthly history
FEDFUNDS,2021-04-01,0.07,FRED monthly history
FEDFUNDS,2021-05-01,0.06,FRED monthly history
FEDFUNDS,2021-06-01,0.08,FRED monthly history
FEDFUNDS,2021-07-01,0.10,FRED monthly history
FEDFUNDS,2021-08-01,0.09,FRED monthly history
FEDFUNDS,2021-09-01,0.08,FRED monthly history
FEDFUNDS,2021-10-01,0.08,FRED monthly history
FEDFUNDS,2021-11-01,0.08,FRED monthly history
FEDFUNDS,2021-12-01,0.08,FRED monthly history
FEDFUNDS,2022-01-01,0.08,FRED monthly history
FEDFUNDS,2022-02-01,0.08,FRED monthly history
FEDFUNDS,2022-03-01,0.20,FRED monthly history
FEDFUNDS,2022-04-01,0.33,FRED monthly history
FEDFUNDS,2022-05-01,0.77,FRED monthly history
FEDFUNDS,2022-06-01,1.21,FRED monthly history
FEDFUNDS,2022-07-01,1.68,FRED monthly history
FEDFUNDS,2022-08-01,2.33,FRED monthly history
FEDFUNDS,2022-09-01,2.56,FRED monthly history
FEDFUNDS,2022-10-01,3.08,FRED monthly history
FEDFUNDS,2022-11-01,3.78,FRED monthly history
FEDFUNDS,2022-12-01,4.10,FRED monthly history
FEDFUNDS,2023-01-01,4.33,FRED monthly history
FEDFUNDS,2023-02-01,4.57,FRED monthly history
FEDFUNDS,2023-03-01,4.65,FRED monthly history
FEDFUNDS,2023-04-01,4.83,FRED monthly history
FEDFUNDS,2023-05-01,5.06,FRED monthly history
FEDFUNDS,2023-06-01,5.08,FRED monthly history
FEDFUNDS,2023-07-01,5.12,FRED monthly history
FEDFUNDS,2023-08-01,5.33,FRED monthly history
FEDFUNDS,2023-09-01,5.33,FRED monthly history
FEDFUNDS,2023-10-01,5.33,FRED monthly history
FEDFUNDS,2023-11-01,5.33,FRED monthly history
FEDFUNDS,2023-12-01,5.33,FRED monthly history
FEDFUNDS,2024-01-01,5.33,FRED monthly history
FEDFUNDS,2024-02-01,5.33,FRED monthly history
FEDFUNDS,2024-03-01,5.33,FRED monthly history
FEDFUNDS,2024-04-01,5.33,FRED monthly history
FEDFUNDS,2024-05-01,5.33,FRED monthly history
FEDFUNDS,2024-06-01,5.33,FRED monthly history
FEDFUNDS,2024-07-01,5.33,FRED monthly history
FEDFUNDS,2024-08-01,5.33,FRED monthly history
FEDFUNDS,2024-09-01,5.13,FRED monthly history
FEDFUNDS,2024-10-01,4.83,FRED monthly history
FEDFUNDS,2024-11-01,4.64,FRED monthly history
FEDFUNDS,2024-12-01,4.48,FRED monthly history
FEDFUNDS,2025-01-01,4.33,FRED monthly history
FEDFUNDS,2025-02-01,4.33,FRED monthly history
FEDFUNDS,2025-03-01,4.33,FRED monthly history
FEDFUNDS,2025-04-01,4.33,FRED monthly history
FEDFUNDS,2025-05-01,4.33,FRED monthly history
FEDFUNDS,2025-06-01,4.33,FRED monthly history
FEDFUNDS,2025-07-01,4.33,FRED monthly history
FEDFUNDS,2025-08-01,4.33,FRED monthly history
FEDFUNDS,2025-09-01,4.22,FRED monthly history
FEDFUNDS,2025-10-01,4.09,FRED monthly history
FEDFUNDS,2025-11-01,3.88,FRED monthly history
FEDFUNDS,2025-12-01,3.72,FRED monthly history
FEDFUNDS,2026-01-01,3.64,FRED monthly history
FEDFUNDS,2026-02-01,3.64,FRED monthly history
FEDFUNDS,2026-03-01,3.64,FRED monthly history
FEDFUNDS,2026-04-01,3.64,FRED monthly history
CAPE,1881-01-01,18.473952301404932,Robert Shiller/Yale monthly data
CAPE_YIELD_SPREAD,1881-01-01,1.713027,Calculated from Shiller CAPE and 10Y Treasury
CAPE,1881-02-01,18.147258164990223,Robert Shiller/Yale monthly data
CAPE_YIELD_SPREAD,1881-02-01,1.817141,Calculated from Shiller CAPE and 10Y Treasury
CAPE,1881-03-01,18.270119140204987,Robert Shiller/Yale monthly data
CAPE_YIELD_SPREAD,1881-03-01,1.786751,Calculated from Shiller CAPE and 10Y Treasury
CAPE,1881-04-01,17.95010827822288,Robert Shiller/Yale monthly data
CAPE_YIELD_SPREAD,1881-04-01,1.890997,Calculated from Shiller CAPE and 10Y Treasury
CAPE,1881-05-01,18.869718693152585,Robert Shiller/Yale monthly data
CAPE_YIELD_SPREAD,1881-05-01,1.626163,Calculated from Shiller CAPE and 10Y Treasury
CAPE,1881-06-01,19.02871073111578,Robert Shiller/Yale monthly data
CAPE_YIELD_SPREAD,1881-06-01,1.588550,Calculated from Shiller CAPE and 10Y Treasury
CAPE,1881-07-01,18.11636718738974,Robert Shiller/Yale monthly data
CAPE_YIELD_SPREAD,1881-07-01,1.859870,Calculated from Shiller CAPE and 10Y Treasury
CAPE,1881-08-01,17.28624355397345,Robert Shiller/Yale monthly data
CAPE_YIELD_SPREAD,1881-08-01,2.131614,Calculated from Shiller CAPE and 10Y Treasury
CAPE,1881-09-01,16.724836648772893,Robert Shiller/Yale monthly data
CAPE_YIELD_SPREAD,1881-09-01,2.332465,Calculated from Shiller CAPE and 10Y Treasury
CAPE,1881-10-01,16.261989411181347,Robert Shiller/Yale monthly data
CAPE_YIELD_SPREAD,1881-10-01,2.509309,Calculated from Shiller CAPE and 10Y Treasury
CAPE,1881-11-01,16.478642316644866,Robert Shiller/Yale monthly data
CAPE_YIELD_SPREAD,1881-11-01,2.435128,Calculated from Shiller CAPE and 10Y Treasury
CAPE,1881-12-01,15.958754206105072,Robert Shiller/Yale monthly data
CAPE_YIELD_SPREAD,1881-12-01,2.639487,Calculated from Shiller CAPE and 10Y Treasury
CAPE,1882-01-01,15.678764160028733,Robert Shiller/Yale monthly data
CAPE_YIELD_SPREAD,1882-01-01,2.758054,Calculated from Shiller CAPE and 10Y Treasury
CAPE,1882-02-01,15.153861528363034,Robert Shiller/Yale monthly data
CAPE_YIELD_SPREAD,1882-02-01,2.978145,Calculated from Shiller CAPE and 10Y Treasury
CAPE,1882-03-01,15.091670299486738,Robert Shiller/Yale monthly data
CAPE_YIELD_SPREAD,1882-03-01,3.004505,Calculated from Shiller CAPE and 10Y Treasury
CAPE,1882-04-01,14.91699716837529,Robert Shiller/Yale monthly data
CAPE_YIELD_SPREAD,1882-04-01,3.081262,Calculated from Shiller CAPE and 10Y Treasury
CAPE,1882-05-01,14.567103202191758,Robert Shiller/Yale monthly data
CAPE_YIELD_SPREAD,1882-05-01,3.241450,Calculated from Shiller CAPE and 10Y Treasury
CAPE,1882-06-01,14.327404890131666,Robert Shiller/Yale monthly data
CAPE_YIELD_SPREAD,1882-06-01,3.355464,Calculated from Shiller CAPE and 10Y Treasury
CAPE,1882-07-01,15.240559761217819,Robert Shiller/Yale monthly data
CAPE_YIELD_SPREAD,1882-07-01,2.936439,Calculated from Shiller CAPE and 10Y Treasury
CAPE,1882-08-01,15.525429331463025,Robert Shiller/Yale monthly data
CAPE_YIELD_SPREAD,1882-08-01,2.815212,Calculated from Shiller CAPE and 10Y Treasury
CAPE,1882-09-01,16.08110662446231,Robert Shiller/Yale monthly data
CAPE_YIELD_SPREAD,1882-09-01,2.591811,Calculated from Shiller CAPE and 10Y Treasury
CAPE,1882-10-01,15.75558103052655,Robert Shiller/Yale monthly data
CAPE_YIELD_SPREAD,1882-10-01,2.719457,Calculated from Shiller CAPE and 10Y Treasury
CAPE,1882-11-01,15.192670313165337,Robert Shiller/Yale monthly data
CAPE_YIELD_SPREAD,1882-11-01,2.953788,Calculated from Shiller CAPE and 10Y Treasury
CAPE,1882-12-01,15.382128332081974,Robert Shiller/Yale monthly data
CAPE_YIELD_SPREAD,1882-12-01,2.871884,Calculated from Shiller CAPE and 10Y Treasury
CAPE,1883-01-01,15.270259119098574,Robert Shiller/Yale monthly data
CAPE_YIELD_SPREAD,1883-01-01,2.918677,Calculated from Shiller CAPE and 10Y Treasury
CAPE,1883-02-01,14.757590146176224,Robert Shiller/Yale monthly data
CAPE_YIELD_SPREAD,1883-02-01,3.147007,Calculated from Shiller CAPE and 10Y Treasury
CAPE,1883-03-01,15.051254121401636,Robert Shiller/Yale monthly data
CAPE_YIELD_SPREAD,1883-03-01,3.015631,Calculated from Shiller CAPE and 10Y Treasury
CAPE,1883-04-01,15.48206722203667,Robert Shiller/Yale monthly data
CAPE_YIELD_SPREAD,1883-04-01,2.831586,Calculated from Shiller CAPE and 10Y Treasury
CAPE,1883-05-01,15.335497637337065,Robert Shiller/Yale monthly data
CAPE_YIELD_SPREAD,1883-05-01,2.894152,Calculated from Shiller CAPE and 10Y Treasury
CAPE,1883-06-01,15.903388388583798,Robert Shiller/Yale monthly data
CAPE_YIELD_SPREAD,1883-06-01,2.662135,Calculated from Shiller CAPE and 10Y Treasury
CAPE,1883-07-01,15.94878312701703,Robert Shiller/Yale monthly data
CAPE_YIELD_SPREAD,1883-07-01,2.645071,Calculated from Shiller CAPE and 10Y Treasury
CAPE,1883-08-01,15.196810876629849,Robert Shiller/Yale monthly data
CAPE_YIELD_SPREAD,1883-08-01,2.956161,Calculated from Shiller CAPE and 10Y Treasury
CAPE,1883-09-01,15.494692425793458,Robert Shiller/Yale monthly data
CAPE_YIELD_SPREAD,1883-09-01,2.830490,Calculated from Shiller CAPE and 10Y Treasury
CAPE,1883-10-01,15.048056270223837,Robert Shiller/Yale monthly data
CAPE_YIELD_SPREAD,1883-10-01,3.022877,Calculated from Shiller CAPE and 10Y Treasury
CAPE,1883-11-01,15.408218142448867,Robert Shiller/Yale monthly data
CAPE_YIELD_SPREAD,1883-11-01,2.868376,Calculated from Shiller CAPE and 10Y Treasury
CAPE,1883-12-01,14.896403941887165,Robert Shiller/Yale monthly data
CAPE_YIELD_SPREAD,1883-12-01,3.092196,Calculated from Shiller CAPE and 10Y Treasury
CAPE,1884-01-01,14.432821721970727,Robert Shiller/Yale monthly data
CAPE_YIELD_SPREAD,1884-01-01,3.308652,Calculated from Shiller CAPE and 10Y Treasury
CAPE,1884-02-01,14.80596022881671,Robert Shiller/Yale monthly data
CAPE_YIELD_SPREAD,1884-02-01,3.142370,Calculated from Shiller CAPE and 10Y Treasury
CAPE,1884-03-01,14.73602345401447,Robert Shiller/Yale monthly data
CAPE_YIELD_SPREAD,1884-03-01,3.182758,Calculated from Shiller CAPE and 10Y Treasury
CAPE,1884-04-01,14.353453682579476,Robert Shiller/Yale monthly data
CAPE_YIELD_SPREAD,1884-04-01,3.371964,Calculated from Shiller CAPE and 10Y Treasury
CAPE,1884-05-01,13.465050313804909,Robert Shiller/Yale monthly data
CAPE_YIELD_SPREAD,1884-05-01,3.839967,Calculated from Shiller CAPE and 10Y Treasury
CAPE,1884-06-01,12.906876483666863,Robert Shiller/Yale monthly data
CAPE_YIELD_SPREAD,1884-06-01,4.169475,Calculated from Shiller CAPE and 10Y Treasury
CAPE,1884-07-01,13.04393158599167,Robert Shiller/Yale monthly data
CAPE_YIELD_SPREAD,1884-07-01,4.096400,Calculated from Shiller CAPE and 10Y Treasury
CAPE,1884-08-01,13.859813341769325,Robert Shiller/Yale monthly data
CAPE_YIELD_SPREAD,1884-08-01,3.653438,Calculated from Shiller CAPE and 10Y Treasury
CAPE,1884-09-01,13.569154744335721,Robert Shiller/Yale monthly data
CAPE_YIELD_SPREAD,1884-09-01,3.816322,Calculated from Shiller CAPE and 10Y Treasury
CAPE,1884-10-01,13.273251319134157,Robert Shiller/Yale monthly data
CAPE_YIELD_SPREAD,1884-10-01,3.988949,Calculated from Shiller CAPE and 10Y Treasury
CAPE,1884-11-01,13.304437602119728,Robert Shiller/Yale monthly data
CAPE_YIELD_SPREAD,1884-11-01,3.979622,Calculated from Shiller CAPE and 10Y Treasury
CAPE,1884-12-01,13.432292746944766,Robert Shiller/Yale monthly data
CAPE_YIELD_SPREAD,1884-12-01,3.916412,Calculated from Shiller CAPE and 10Y Treasury
CAPE,1885-01-01,13.129817425635963,Robert Shiller/Yale monthly data
CAPE_YIELD_SPREAD,1885-01-01,4.096252,Calculated from Shiller CAPE and 10Y Treasury
CAPE,1885-02-01,13.384817593597967,Robert Shiller/Yale monthly data
CAPE_YIELD_SPREAD,1885-02-01,3.963651,Calculated from Shiller CAPE and 10Y Treasury
CAPE,1885-03-01,13.734194093452516,Robert Shiller/Yale monthly data
CAPE_YIELD_SPREAD,1885-03-01,3.786097,Calculated from Shiller CAPE and 10Y Treasury
CAPE,1885-04-01,13.54854854103006,Robert Shiller/Yale monthly data
CAPE_YIELD_SPREAD,1885-04-01,3.898364,Calculated from Shiller CAPE and 10Y Treasury
CAPE,1885-05-01,13.711371872561944,Robert Shiller/Yale monthly data
CAPE_YIELD_SPREAD,1885-05-01,3.823216,Calculated from Shiller CAPE and 10Y Treasury
CAPE,1885-06-01,13.978784368698356,Robert Shiller/Yale monthly data
CAPE_YIELD_SPREAD,1885-06-01,3.696198,Calculated from Shiller CAPE and 10Y Treasury
CAPE,1885-07-01,14.326658777089333,Robert Shiller/Yale monthly data
CAPE_YIELD_SPREAD,1885-07-01,3.534995,Calculated from Shiller CAPE and 10Y Treasury
CAPE,1885-08-01,15.13041079670716,Robert Shiller/Yale monthly data
CAPE_YIELD_SPREAD,1885-08-01,3.176706,Calculated from Shiller CAPE and 10Y Treasury
CAPE,1885-09-01,15.11628502872425,Robert Shiller/Yale monthly data
CAPE_YIELD_SPREAD,1885-09-01,3.195382,Calculated from Shiller CAPE and 10Y Treasury
CAPE,1885-10-01,15.991023962168988,Robert Shiller/Yale monthly data
CAPE_YIELD_SPREAD,1885-10-01,2.846008,Calculated from Shiller CAPE and 10Y Treasury
CAPE,1885-11-01,16.824034498619024,Robert Shiller/Yale monthly data
CAPE_YIELD_SPREAD,1885-11-01,2.548877,Calculated from Shiller CAPE and 10Y Treasury
CAPE,1885-12-01,16.30447595227853,Robert Shiller/Yale monthly data
CAPE_YIELD_SPREAD,1885-12-01,2.750785,Calculated from Shiller CAPE and 10Y Treasury
CAPE,1886-01-01,16.692317470797654,Robert Shiller/Yale monthly data
CAPE_YIELD_SPREAD,1886-01-01,2.620780,Calculated from Shiller CAPE and 10Y Treasury
CAPE,1886-02-01,17.006648259461,Robert Shiller/Yale monthly data
CAPE_YIELD_SPREAD,1886-02-01,2.497553,Calculated from Shiller CAPE and 10Y Treasury
CAPE,1886-03-01,16.843266101570137,Robert Shiller/Yale monthly data
CAPE_YIELD_SPREAD,1886-03-01,2.542091,Calculated from Shiller CAPE and 10Y Treasury
CAPE,1886-04-01,16.801716131246305,Robert Shiller/Yale monthly data
CAPE_YIELD_SPREAD,1886-04-01,2.544273,Calculated from Shiller CAPE and 10Y Treasury
CAPE,1886-05-01,16.86319551509783,Robert Shiller/Yale monthly data
CAPE_YIELD_SPREAD,1886-05-01,2.510074,Calculated from Shiller CAPE and 10Y Treasury
CAPE,1886-06-01,17.831494055376883,Robert Shiller/Yale monthly data
CAPE_YIELD_SPREAD,1886-06-01,2.175555,Calculated from Shiller CAPE and 10Y Treasury
CAPE,1886-07-01,17.84584504153221,Robert Shiller/Yale monthly data
CAPE_YIELD_SPREAD,1886-07-01,2.158545,Calculated from Shiller CAPE and 10Y Treasury
CAPE,1886-08-01,17.723912799619274,Robert Shiller/Yale monthly data
CAPE_YIELD_SPREAD,1886-08-01,2.184595,Calculated from Shiller CAPE and 10Y Treasury
CAPE,1886-09-01,18.14714392580003,Robert Shiller/Yale monthly data
CAPE_YIELD_SPREAD,1886-09-01,2.040509,Calculated from Shiller CAPE and 10Y Treasury
CAPE,1886-10-01,18.562381342866566,Robert Shiller/Yale monthly data
CAPE_YIELD_SPREAD,1886-10-01,1.904740,Calculated from Shiller CAPE and 10Y Treasury
CAPE,1886-11-01,18.968312634942837,Robert Shiller/Yale monthly data
CAPE_YIELD_SPREAD,1886-11-01,1.776950,Calculated from Shiller CAPE and 10Y Treasury
CAPE,1886-12-01,18.194057556886438,Robert Shiller/Yale monthly data
CAPE_YIELD_SPREAD,1886-12-01,1.988800,Calculated from Shiller CAPE and 10Y Treasury
CAPE,1887-01-01,17.512222096304953,Robert Shiller/Yale monthly data
CAPE_YIELD_SPREAD,1887-01-01,2.190298,Calculated from Shiller CAPE and 10Y Treasury
CAPE,1887-02-01,17.125366596972317,Robert Shiller/Yale monthly data
CAPE_YIELD_SPREAD,1887-02-01,2.306791,Calculated from Shiller CAPE and 10Y Treasury
CAPE,1887-03-01,17.473213711513754,Robert Shiller/Yale monthly data
CAPE_YIELD_SPREAD,1887-03-01,2.178046,Calculated from Shiller CAPE and 10Y Treasury
CAPE,1887-04-01,17.822983639100713,Robert Shiller/Yale monthly data
CAPE_YIELD_SPREAD,1887-04-01,2.053233,Calculated from Shiller CAPE and 10Y Treasury
CAPE,1887-05-01,18.075445427458245,Robert Shiller/Yale monthly data
CAPE_YIELD_SPREAD,1887-05-01,1.962367,Calculated from Shiller CAPE and 10Y Treasury
CAPE,1887-06-01,17.707695663272993,Robert Shiller/Yale monthly data
CAPE_YIELD_SPREAD,1887-06-01,2.064762,Calculated from Shiller CAPE and 10Y Treasury
CAPE,1887-07-01,17.431460535613077,Robert Shiller/Yale monthly data
CAPE_YIELD_SPREAD,1887-07-01,2.141754,Calculated from Shiller CAPE and 10Y Treasury
CAPE,1887-08-01,16.739849614820706,Robert Shiller/Yale monthly data
CAPE_YIELD_SPREAD,1887-08-01,2.366269,Calculated from Shiller CAPE and 10Y Treasury
CAPE,1887-09-01,16.676629667380144,Robert Shiller/Yale monthly data
CAPE_YIELD_SPREAD,1887-09-01,2.376415,Calculated from Shiller CAPE and 10Y Treasury
CAPE,1887-10-01,15.880666812517312,Robert Shiller/Yale monthly data
CAPE_YIELD_SPREAD,1887-10-01,2.664465,Calculated from Shiller CAPE and 10Y Treasury
CAPE,1887-11-01,15.950712201066777,Robert Shiller/Yale monthly data
CAPE_YIELD_SPREAD,1887-11-01,2.624313,Calculated from Shiller CAPE and 10Y Treasury
CAPE,1887-12-01,15.455513454469944,Robert Shiller/Yale monthly data
CAPE_YIELD_SPREAD,1887-12-01,2.812683,Calculated from Shiller CAPE and 10Y Treasury
CAPE,1888-01-01,15.358662514259905,Robert Shiller/Yale monthly data
CAPE_YIELD_SPREAD,1888-01-01,2.840984,Calculated from Shiller CAPE and 10Y Treasury
CAPE,1888-02-01,15.418178318820535,Robert Shiller/Yale monthly data
CAPE_YIELD_SPREAD,1888-02-01,2.834184,Calculated from Shiller CAPE and 10Y Treasury
CAPE,1888-03-01,14.808972366946566,Robert Shiller/Yale monthly data
CAPE_YIELD_SPREAD,1888-03-01,3.119330,Calculated from Shiller CAPE and 10Y Treasury
CAPE,1888-04-01,15.020108681844462,Robert Shiller/Yale monthly data
CAPE_YIELD_SPREAD,1888-04-01,3.042741,Calculated from Shiller CAPE and 10Y Treasury
CAPE,1888-05-01,15.387916957229134,Robert Shiller/Yale monthly data
CAPE_YIELD_SPREAD,1888-05-01,2.901939,Calculated from Shiller CAPE and 10Y Treasury
CAPE,1888-06-01,15.077628818434693,Robert Shiller/Yale monthly data
CAPE_YIELD_SPREAD,1888-06-01,3.054009,Calculated from Shiller CAPE and 10Y Treasury
CAPE,1888-07-01,15.279642515498171,Robert Shiller/Yale monthly data
CAPE_YIELD_SPREAD,1888-07-01,2.984656,Calculated from Shiller CAPE and 10Y Treasury
CAPE,1888-08-01,15.602911670088806,Robert Shiller/Yale monthly data
CAPE_YIELD_SPREAD,1888-08-01,2.867394,Calculated from Shiller CAPE and 10Y Treasury
CAPE,1888-09-01,15.98782882176142,Robert Shiller/Yale monthly data
CAPE_YIELD_SPREAD,1888-09-01,2.731425,Calculated from Shiller CAPE and 10Y Treasury
CAPE,1888-10-01,15.7159418743297,Robert Shiller/Yale monthly data
CAPE_YIELD_SPREAD,1888-10-01,2.857966,Calculated from Shiller CAPE and 10Y Treasury
CAPE,1888-11-01,15.223749016946277,Robert Shiller/Yale monthly data
CAPE_YIELD_SPREAD,1888-11-01,3.082018,Calculated from Shiller CAPE and 10Y Treasury
CAPE,1888-12-01,14.946748301089224,Robert Shiller/Yale monthly data
CAPE_YIELD_SPREAD,1888-12-01,3.222085,Calculated from Shiller CAPE and 10Y Treasury
CAPE,1889-01-01,15.802286071028158,Robert Shiller/Yale monthly data
CAPE_YIELD_SPREAD,1889-01-01,2.878198,Calculated from Shiller CAPE and 10Y Treasury
CAPE,1889-02-01,16.19272044784899,Robert Shiller/Yale monthly data
CAPE_YIELD_SPREAD,1889-02-01,2.728115,Calculated from Shiller CAPE and 10Y Treasury
CAPE,1889-03-01,16.06504536076929,Robert Shiller/Yale monthly data
CAPE_YIELD_SPREAD,1889-03-01,2.779695,Calculated from Shiller CAPE and 10Y Treasury
CAPE,1889-04-01,16.050104533967477,Robert Shiller/Yale monthly data
CAPE_YIELD_SPREAD,1889-04-01,2.787989,Calculated from Shiller CAPE and 10Y Treasury
CAPE,1889-05-01,16.915421076068377,Robert Shiller/Yale monthly data
CAPE_YIELD_SPREAD,1889-05-01,2.471765,Calculated from Shiller CAPE and 10Y Treasury
CAPE,1889-06-01,17.219302943947685,Robert Shiller/Yale monthly data
CAPE_YIELD_SPREAD,1889-06-01,2.369936,Calculated from Shiller CAPE and 10Y Treasury
CAPE,1889-07-01,16.889214491107516,Robert Shiller/Yale monthly data
CAPE_YIELD_SPREAD,1889-07-01,2.485938,Calculated from Shiller CAPE and 10Y Treasury
CAPE,1889-08-01,17.131853975345727,Robert Shiller/Yale monthly data
CAPE_YIELD_SPREAD,1889-08-01,2.404580,Calculated from Shiller CAPE and 10Y Treasury
CAPE,1889-09-01,17.350788026348596,Robert Shiller/Yale monthly data
CAPE_YIELD_SPREAD,1889-09-01,2.333427,Calculated from Shiller CAPE and 10Y Treasury
CAPE,1889-10-01,17.05321440295549,Robert Shiller/Yale monthly data
CAPE_YIELD_SPREAD,1889-10-01,2.436497,Calculated from Shiller CAPE and 10Y Treasury
CAPE,1889-11-01,16.906021170249367,Robert Shiller/Yale monthly data
CAPE_YIELD_SPREAD,1889-11-01,2.490052,Calculated from Shiller CAPE and 10Y Treasury
CAPE,1889-12-01,16.610338076603387,Robert Shiller/Yale monthly data
CAPE_YIELD_SPREAD,1889-12-01,2.597847,Calculated from Shiller CAPE and 10Y Treasury
CAPE,1890-01-01,17.220071982181906,Robert Shiller/Yale monthly data
CAPE_YIELD_SPREAD,1890-01-01,2.387177,Calculated from Shiller CAPE and 10Y Treasury
CAPE,1890-02-01,17.026814982671407,Robert Shiller/Yale monthly data
CAPE_YIELD_SPREAD,1890-02-01,2.436422,Calculated from Shiller CAPE and 10Y Treasury
CAPE,1890-03-01,16.901122288589907,Robert Shiller/Yale monthly data
CAPE_YIELD_SPREAD,1890-03-01,2.463434,Calculated from Shiller CAPE and 10Y Treasury
CAPE,1890-04-01,17.257854542603194,Robert Shiller/Yale monthly data
CAPE_YIELD_SPREAD,1890-04-01,2.324463,Calculated from Shiller CAPE and 10Y Treasury
CAPE,1890-05-01,17.786430487858617,Robert Shiller/Yale monthly data
CAPE_YIELD_SPREAD,1890-05-01,2.135597,Calculated from Shiller CAPE and 10Y Treasury
CAPE,1890-06-01,17.684360844450158,Robert Shiller/Yale monthly data
CAPE_YIELD_SPREAD,1890-06-01,2.151381,Calculated from Shiller CAPE and 10Y Treasury
CAPE,1890-07-01,17.58929544086486,Robert Shiller/Yale monthly data
CAPE_YIELD_SPREAD,1890-07-01,2.165276,Calculated from Shiller CAPE and 10Y Treasury
CAPE,1890-08-01,16.5967911339791,Robert Shiller/Yale monthly data
CAPE_YIELD_SPREAD,1890-08-01,2.488594,Calculated from Shiller CAPE and 10Y Treasury
CAPE,1890-09-01,16.1697020006153,Robert Shiller/Yale monthly data
CAPE_YIELD_SPREAD,1890-09-01,2.631073,Calculated from Shiller CAPE and 10Y Treasury
CAPE,1890-10-01,15.482849163344433,Robert Shiller/Yale monthly data
CAPE_YIELD_SPREAD,1890-10-01,2.888760,Calculated from Shiller CAPE and 10Y Treasury
CAPE,1890-11-01,14.7450434932928,Robert Shiller/Yale monthly data
CAPE_YIELD_SPREAD,1890-11-01,3.195273,Calculated from Shiller CAPE and 10Y Treasury
CAPE,1890-12-01,14.442991231338436,Robert Shiller/Yale monthly data
CAPE_YIELD_SPREAD,1890-12-01,3.320440,Calculated from Shiller CAPE and 10Y Treasury
CAPE,1891-01-01,15.428980086469092,Robert Shiller/Yale monthly data
CAPE_YIELD_SPREAD,1891-01-01,2.861310,Calculated from Shiller CAPE and 10Y Treasury
CAPE,1891-02-01,15.476522332432534,Robert Shiller/Yale monthly data
CAPE_YIELD_SPREAD,1891-02-01,2.843067,Calculated from Shiller CAPE and 10Y Treasury
CAPE,1891-03-01,15.051623357657379,Robert Shiller/Yale monthly data
CAPE_YIELD_SPREAD,1891-03-01,3.027135,Calculated from Shiller CAPE and 10Y Treasury
CAPE,1891-04-01,15.408945125474121,Robert Shiller/Yale monthly data
CAPE_YIELD_SPREAD,1891-04-01,2.874737,Calculated from Shiller CAPE and 10Y Treasury
CAPE,1891-05-01,15.566495230713247,Robert Shiller/Yale monthly data
CAPE_YIELD_SPREAD,1891-05-01,2.810720,Calculated from Shiller CAPE and 10Y Treasury
CAPE,1891-06-01,15.658211395638142,Robert Shiller/Yale monthly data
CAPE_YIELD_SPREAD,1891-06-01,2.774759,Calculated from Shiller CAPE and 10Y Treasury
CAPE,1891-07-01,15.617919238645989,Robert Shiller/Yale monthly data
CAPE_YIELD_SPREAD,1891-07-01,2.792902,Calculated from Shiller CAPE and 10Y Treasury
CAPE,1891-08-01,16.16399850996303,Robert Shiller/Yale monthly data
CAPE_YIELD_SPREAD,1891-08-01,2.578255,Calculated from Shiller CAPE and 10Y Treasury
CAPE,1891-09-01,17.711261413256523,Robert Shiller/Yale monthly data
CAPE_YIELD_SPREAD,1891-09-01,2.039459,Calculated from Shiller CAPE and 10Y Treasury
CAPE,1891-10-01,17.716568589826355,Robert Shiller/Yale monthly data
CAPE_YIELD_SPREAD,1891-10-01,2.039434,Calculated from Shiller CAPE and 10Y Treasury
CAPE,1891-11-01,17.671739174763992,Robert Shiller/Yale monthly data
CAPE_YIELD_SPREAD,1891-11-01,2.055419,Calculated from Shiller CAPE and 10Y Treasury
CAPE,1891-12-01,18.206303000209928,Robert Shiller/Yale monthly data
CAPE_YIELD_SPREAD,1891-12-01,1.890937,Calculated from Shiller CAPE and 10Y Treasury
CAPE,1892-01-01,19.016388404225264,Robert Shiller/Yale monthly data
CAPE_YIELD_SPREAD,1892-01-01,1.658622,Calculated from Shiller CAPE and 10Y Treasury
CAPE,1892-02-01,19.03642504097843,Robert Shiller/Yale monthly data
CAPE_YIELD_SPREAD,1892-02-01,1.640587,Calculated from Shiller CAPE and 10Y Treasury
CAPE,1892-03-01,19.73805484932301,Robert Shiller/Yale monthly data
CAPE_YIELD_SPREAD,1892-03-01,1.441355,Calculated from Shiller CAPE and 10Y Treasury
CAPE,1892-04-01,19.943265241638635,Robert Shiller/Yale monthly data
CAPE_YIELD_SPREAD,1892-04-01,1.376724,Calculated from Shiller CAPE and 10Y Treasury
CAPE,1892-05-01,19.9114652134898,Robert Shiller/Yale monthly data
CAPE_YIELD_SPREAD,1892-05-01,1.372232,Calculated from Shiller CAPE and 10Y Treasury
CAPE,1892-06-01,19.76928439713674,Robert Shiller/Yale monthly data
CAPE_YIELD_SPREAD,1892-06-01,1.395852,Calculated from Shiller CAPE and 10Y Treasury
CAPE,1892-07-01,19.211886434505555,Robert Shiller/Yale monthly data
CAPE_YIELD_SPREAD,1892-07-01,1.530111,Calculated from Shiller CAPE and 10Y Treasury
CAPE,1892-08-01,19.20430380317382,Robert Shiller/Yale monthly data
CAPE_YIELD_SPREAD,1892-08-01,1.519666,Calculated from Shiller CAPE and 10Y Treasury
CAPE,1892-09-01,18.6942718095882,Robert Shiller/Yale monthly data
CAPE_YIELD_SPREAD,1892-09-01,1.649232,Calculated from Shiller CAPE and 10Y Treasury
CAPE,1892-10-01,19.040214915324707,Robert Shiller/Yale monthly data
CAPE_YIELD_SPREAD,1892-10-01,1.539542,Calculated from Shiller CAPE and 10Y Treasury
CAPE,1892-11-01,18.463312690799995,Robert Shiller/Yale monthly data
CAPE_YIELD_SPREAD,1892-11-01,1.691146,Calculated from Shiller CAPE and 10Y Treasury
CAPE,1892-12-01,18.013009251275736,Robert Shiller/Yale monthly data
CAPE_YIELD_SPREAD,1892-12-01,1.814043,Calculated from Shiller CAPE and 10Y Treasury
CAPE,1893-01-01,17.65664370809877,Robert Shiller/Yale monthly data
CAPE_YIELD_SPREAD,1893-01-01,1.913591,Calculated from Shiller CAPE and 10Y Treasury
CAPE,1893-02-01,17.125193854872446,Robert Shiller/Yale monthly data
CAPE_YIELD_SPREAD,1893-02-01,2.093517,Calculated from Shiller CAPE and 10Y Treasury
CAPE,1893-03-01,16.899589031582323,Robert Shiller/Yale monthly data
CAPE_YIELD_SPREAD,1893-03-01,2.175637,Calculated from Shiller CAPE and 10Y Treasury
CAPE,1893-04-01,17.102541578254918,Robert Shiller/Yale monthly data
CAPE_YIELD_SPREAD,1893-04-01,2.109584,Calculated from Shiller CAPE and 10Y Treasury
CAPE,1893-05-01,15.78098731077625,Robert Shiller/Yale monthly data
CAPE_YIELD_SPREAD,1893-05-01,2.603406,Calculated from Shiller CAPE and 10Y Treasury
CAPE,1893-06-01,15.41650386359769,Robert Shiller/Yale monthly data
CAPE_YIELD_SPREAD,1893-06-01,2.757388,Calculated from Shiller CAPE and 10Y Treasury
CAPE,1893-07-01,14.349854182760948,Robert Shiller/Yale monthly data
CAPE_YIELD_SPREAD,1893-07-01,3.243712,Calculated from Shiller CAPE and 10Y Treasury
CAPE,1893-08-01,14.588056535807809,Robert Shiller/Yale monthly data
CAPE_YIELD_SPREAD,1893-08-01,3.134089,Calculated from Shiller CAPE and 10Y Treasury
CAPE,1893-09-01,15.012069079138762,Robert Shiller/Yale monthly data
CAPE_YIELD_SPREAD,1893-09-01,2.944640,Calculated from Shiller CAPE and 10Y Treasury
CAPE,1893-10-01,15.271794153520185,Robert Shiller/Yale monthly data
CAPE_YIELD_SPREAD,1893-10-01,2.835519,Calculated from Shiller CAPE and 10Y Treasury
CAPE,1893-11-01,15.942411400571666,Robert Shiller/Yale monthly data
CAPE_YIELD_SPREAD,1893-11-01,2.564243,Calculated from Shiller CAPE and 10Y Treasury
CAPE,1893-12-01,15.612694335464932,Robert Shiller/Yale monthly data
CAPE_YIELD_SPREAD,1893-12-01,2.700878,Calculated from Shiller CAPE and 10Y Treasury
CAPE,1894-01-01,15.739869351948224,Robert Shiller/Yale monthly data
CAPE_YIELD_SPREAD,1894-01-01,2.653293,Calculated from Shiller CAPE and 10Y Treasury
CAPE,1894-02-01,16.202736596449924,Robert Shiller/Yale monthly data
CAPE_YIELD_SPREAD,1894-02-01,2.491797,Calculated from Shiller CAPE and 10Y Treasury
CAPE,1894-03-01,17.18762208812193,Robert Shiller/Yale monthly data
CAPE_YIELD_SPREAD,1894-03-01,2.158140,Calculated from Shiller CAPE and 10Y Treasury
CAPE,1894-04-01,17.43484907805245,Robert Shiller/Yale monthly data
CAPE_YIELD_SPREAD,1894-04-01,2.095639,Calculated from Shiller CAPE and 10Y Treasury
CAPE,1894-05-01,16.808751920918002,Robert Shiller/Yale monthly data
CAPE_YIELD_SPREAD,1894-05-01,2.329282,Calculated from Shiller CAPE and 10Y Treasury
CAPE,1894-06-01,16.606319695292523,Robert Shiller/Yale monthly data
CAPE_YIELD_SPREAD,1894-06-01,2.421804,Calculated from Shiller CAPE and 10Y Treasury
CAPE,1894-07-01,16.289679714916947,Robert Shiller/Yale monthly data
CAPE_YIELD_SPREAD,1894-07-01,2.558856,Calculated from Shiller CAPE and 10Y Treasury
CAPE,1894-08-01,16.45777707299836,Robert Shiller/Yale monthly data
CAPE_YIELD_SPREAD,1894-08-01,2.516155,Calculated from Shiller CAPE and 10Y Treasury
CAPE,1894-09-01,16.522315444877215,Robert Shiller/Yale monthly data
CAPE_YIELD_SPREAD,1894-09-01,2.512420,Calculated from Shiller CAPE and 10Y Treasury
CAPE,1894-10-01,16.502904205708425,Robert Shiller/Yale monthly data
CAPE_YIELD_SPREAD,1894-10-01,2.539540,Calculated from Shiller CAPE and 10Y Treasury
CAPE,1894-11-01,16.54278444744455,Robert Shiller/Yale monthly data
CAPE_YIELD_SPREAD,1894-11-01,2.544932,Calculated from Shiller CAPE and 10Y Treasury
CAPE,1894-12-01,16.672466333767723,Robert Shiller/Yale monthly data
CAPE_YIELD_SPREAD,1894-12-01,2.517913,Calculated from Shiller CAPE and 10Y Treasury
CAPE,1895-01-01,16.524443935162708,Robert Shiller/Yale monthly data
CAPE_YIELD_SPREAD,1895-01-01,2.591641,Calculated from Shiller CAPE and 10Y Treasury
CAPE,1895-02-01,16.3312376932114,Robert Shiller/Yale monthly data
CAPE_YIELD_SPREAD,1895-02-01,2.651568,Calculated from Shiller CAPE and 10Y Treasury
CAPE,1895-03-01,16.36462542717479,Robert Shiller/Yale monthly data
CAPE_YIELD_SPREAD,1895-03-01,2.627408,Calculated from Shiller CAPE and 10Y Treasury
CAPE,1895-04-01,16.387543823686293,Robert Shiller/Yale monthly data
CAPE_YIELD_SPREAD,1895-04-01,2.607196,Calculated from Shiller CAPE and 10Y Treasury
CAPE,1895-05-01,17.080369553382383,Robert Shiller/Yale monthly data
CAPE_YIELD_SPREAD,1895-05-01,2.348008,Calculated from Shiller CAPE and 10Y Treasury
CAPE,1895-06-01,17.20741353978338,Robert Shiller/Yale monthly data
CAPE_YIELD_SPREAD,1895-06-01,2.293115,Calculated from Shiller CAPE and 10Y Treasury
CAPE,1895-07-01,17.546014648740552,Robert Shiller/Yale monthly data
CAPE_YIELD_SPREAD,1895-07-01,2.169300,Calculated from Shiller CAPE and 10Y Treasury
CAPE,1895-08-01,18.074072547241784,Robert Shiller/Yale monthly data
CAPE_YIELD_SPREAD,1895-08-01,1.991121,Calculated from Shiller CAPE and 10Y Treasury
CAPE,1895-09-01,18.200335946605456,Robert Shiller/Yale monthly data
CAPE_YIELD_SPREAD,1895-09-01,1.941071,Calculated from Shiller CAPE and 10Y Treasury
CAPE,1895-10-01,17.944706622466466,Robert Shiller/Yale monthly data
CAPE_YIELD_SPREAD,1895-10-01,2.007674,Calculated from Shiller CAPE and 10Y Treasury
CAPE,1895-11-01,17.34299899192169,Robert Shiller/Yale monthly data
CAPE_YIELD_SPREAD,1895-11-01,2.189349,Calculated from Shiller CAPE and 10Y Treasury
CAPE,1895-12-01,16.548415156667954,Robert Shiller/Yale monthly data
CAPE_YIELD_SPREAD,1895-12-01,2.454541,Calculated from Shiller CAPE and 10Y Treasury
CAPE,1896-01-01,16.576224828568183,Robert Shiller/Yale monthly data
CAPE_YIELD_SPREAD,1896-01-01,2.432737,Calculated from Shiller CAPE and 10Y Treasury
CAPE,1896-02-01,17.51540335263726,Robert Shiller/Yale monthly data
CAPE_YIELD_SPREAD,1896-02-01,2.125927,Calculated from Shiller CAPE and 10Y Treasury
CAPE,1896-03-01,17.2323627122986,Robert Shiller/Yale monthly data
CAPE_YIELD_SPREAD,1896-03-01,2.236368,Calculated from Shiller CAPE and 10Y Treasury
CAPE,1896-04-01,17.643699378129995,Robert Shiller/Yale monthly data
CAPE_YIELD_SPREAD,1896-04-01,2.117746,Calculated from Shiller CAPE and 10Y Treasury
CAPE,1896-05-01,17.828266894232815,Robert Shiller/Yale monthly data
CAPE_YIELD_SPREAD,1896-05-01,2.075737,Calculated from Shiller CAPE and 10Y Treasury
CAPE,1896-06-01,17.77757861643045,Robert Shiller/Yale monthly data
CAPE_YIELD_SPREAD,1896-06-01,2.108396,Calculated from Shiller CAPE and 10Y Treasury
CAPE,1896-07-01,16.637100103394573,Robert Shiller/Yale monthly data
CAPE_YIELD_SPREAD,1896-07-01,2.510663,Calculated from Shiller CAPE and 10Y Treasury
CAPE,1896-08-01,15.703370546226864,Robert Shiller/Yale monthly data
CAPE_YIELD_SPREAD,1896-08-01,2.884726,Calculated from Shiller CAPE and 10Y Treasury
CAPE,1896-09-01,16.544339943032007,Robert Shiller/Yale monthly data
CAPE_YIELD_SPREAD,1896-09-01,2.577697,Calculated from Shiller CAPE and 10Y Treasury
CAPE,1896-10-01,16.43886680472588,Robert Shiller/Yale monthly data
CAPE_YIELD_SPREAD,1896-10-01,2.633144,Calculated from Shiller CAPE and 10Y Treasury
CAPE,1896-11-01,17.089425242371107,Robert Shiller/Yale monthly data
CAPE_YIELD_SPREAD,1896-11-01,2.418239,Calculated from Shiller CAPE and 10Y Treasury
CAPE,1896-12-01,16.501404180590082,Robert Shiller/Yale monthly data
CAPE_YIELD_SPREAD,1896-12-01,2.643424,Calculated from Shiller CAPE and 10Y Treasury
CAPE,1897-01-01,17.026521282380546,Robert Shiller/Yale monthly data
CAPE_YIELD_SPREAD,1897-01-01,2.473190,Calculated from Shiller CAPE and 10Y Treasury
CAPE,1897-02-01,16.894025883254084,Robert Shiller/Yale monthly data
CAPE_YIELD_SPREAD,1897-02-01,2.523419,Calculated from Shiller CAPE and 10Y Treasury
CAPE,1897-03-01,16.95803071672103,Robert Shiller/Yale monthly data
CAPE_YIELD_SPREAD,1897-03-01,2.505244,Calculated from Shiller CAPE and 10Y Treasury
CAPE,1897-04-01,16.696857434734653,Robert Shiller/Yale monthly data
CAPE_YIELD_SPREAD,1897-04-01,2.601651,Calculated from Shiller CAPE and 10Y Treasury
CAPE,1897-05-01,17.04775512922938,Robert Shiller/Yale monthly data
CAPE_YIELD_SPREAD,1897-05-01,2.482542,Calculated from Shiller CAPE and 10Y Treasury
CAPE,1897-06-01,17.850497280690604,Robert Shiller/Yale monthly data
CAPE_YIELD_SPREAD,1897-06-01,2.222918,Calculated from Shiller CAPE and 10Y Treasury
CAPE,1897-07-01,18.651975755820278,Robert Shiller/Yale monthly data
CAPE_YIELD_SPREAD,1897-07-01,1.986362,Calculated from Shiller CAPE and 10Y Treasury
CAPE,1897-08-01,19.006396010519435,Robert Shiller/Yale monthly data
CAPE_YIELD_SPREAD,1897-08-01,1.890553,Calculated from Shiller CAPE and 10Y Treasury
CAPE,1897-09-01,19.372370293397793,Robert Shiller/Yale monthly data
CAPE_YIELD_SPREAD,1897-09-01,1.795324,Calculated from Shiller CAPE and 10Y Treasury
CAPE,1897-10-01,19.02803122390242,Robert Shiller/Yale monthly data
CAPE_YIELD_SPREAD,1897-10-01,1.892904,Calculated from Shiller CAPE and 10Y Treasury
CAPE,1897-11-01,18.358448098050218,Robert Shiller/Yale monthly data
CAPE_YIELD_SPREAD,1897-11-01,2.088750,Calculated from Shiller CAPE and 10Y Treasury
CAPE,1897-12-01,18.7487576625255,Robert Shiller/Yale monthly data
CAPE_YIELD_SPREAD,1897-12-01,1.979520,Calculated from Shiller CAPE and 10Y Treasury
CAPE,1898-01-01,19.249000021813753,Robert Shiller/Yale monthly data
CAPE_YIELD_SPREAD,1898-01-01,1.845075,Calculated from Shiller CAPE and 10Y Treasury
CAPE,1898-02-01,18.918131888002137,Robert Shiller/Yale monthly data
CAPE_YIELD_SPREAD,1898-02-01,1.956768,Calculated from Shiller CAPE and 10Y Treasury
CAPE,1898-03-01,18.04217492346868,Robert Shiller/Yale monthly data
CAPE_YIELD_SPREAD,1898-03-01,2.234236,Calculated from Shiller CAPE and 10Y Treasury
CAPE,1898-04-01,17.70508942641177,Robert Shiller/Yale monthly data
CAPE_YIELD_SPREAD,1898-04-01,2.360593,Calculated from Shiller CAPE and 10Y Treasury
CAPE,1898-05-01,17.595635274512812,Robert Shiller/Yale monthly data
CAPE_YIELD_SPREAD,1898-05-01,2.416561,Calculated from Shiller CAPE and 10Y Treasury
CAPE,1898-06-01,19.544817480547984,Robert Shiller/Yale monthly data
CAPE_YIELD_SPREAD,1898-06-01,1.870613,Calculated from Shiller CAPE and 10Y Treasury
CAPE,1898-07-01,19.8589430141673,Robert Shiller/Yale monthly data
CAPE_YIELD_SPREAD,1898-07-01,1.810515,Calculated from Shiller CAPE and 10Y Treasury
CAPE,1898-08-01,20.544915179153275,Robert Shiller/Yale monthly data
CAPE_YIELD_SPREAD,1898-08-01,1.663218,Calculated from Shiller CAPE and 10Y Treasury
CAPE,1898-09-01,20.442732862691294,Robert Shiller/Yale monthly data
CAPE_YIELD_SPREAD,1898-09-01,1.708381,Calculated from Shiller CAPE and 10Y Treasury
CAPE,1898-10-01,19.947199825773655,Robert Shiller/Yale monthly data
CAPE_YIELD_SPREAD,1898-10-01,1.850735,Calculated from Shiller CAPE and 10Y Treasury
CAPE,1898-11-01,20.527416324811288,Robert Shiller/Yale monthly data
CAPE_YIELD_SPREAD,1898-11-01,1.729867,Calculated from Shiller CAPE and 10Y Treasury
CAPE,1898-12-01,21.403631985448175,Robert Shiller/Yale monthly data
CAPE_YIELD_SPREAD,1898-12-01,1.551271,Calculated from Shiller CAPE and 10Y Treasury
CAPE,1899-01-01,22.932807416487176,Robert Shiller/Yale monthly data
CAPE_YIELD_SPREAD,1899-01-01,1.260565,Calculated from Shiller CAPE and 10Y Treasury
CAPE,1899-02-01,23.048117549980194,Robert Shiller/Yale monthly data
CAPE_YIELD_SPREAD,1899-02-01,1.234582,Calculated from Shiller CAPE and 10Y Treasury
CAPE,1899-03-01,23.279682245508724,Robert Shiller/Yale monthly data
CAPE_YIELD_SPREAD,1899-03-01,1.187258,Calculated from Shiller CAPE and 10Y Treasury
CAPE,1899-04-01,23.15242152568649,Robert Shiller/Yale monthly data
CAPE_YIELD_SPREAD,1899-04-01,1.206703,Calculated from Shiller CAPE and 10Y Treasury
CAPE,1899-05-01,22.091269360834186,Robert Shiller/Yale monthly data
CAPE_YIELD_SPREAD,1899-05-01,1.410008,Calculated from Shiller CAPE and 10Y Treasury
CAPE,1899-06-01,21.212091925046835,Robert Shiller/Yale monthly data
CAPE_YIELD_SPREAD,1899-06-01,1.593459,Calculated from Shiller CAPE and 10Y Treasury
CAPE,1899-07-01,21.561425634523125,Robert Shiller/Yale monthly data
CAPE_YIELD_SPREAD,1899-07-01,1.512912,Calculated from Shiller CAPE and 10Y Treasury
CAPE,1899-08-01,21.72623737305546,Robert Shiller/Yale monthly data
CAPE_YIELD_SPREAD,1899-08-01,1.473563,Calculated from Shiller CAPE and 10Y Treasury
CAPE,1899-09-01,20.591140514113782,Robert Shiller/Yale monthly data
CAPE_YIELD_SPREAD,1899-09-01,1.723124,Calculated from Shiller CAPE and 10Y Treasury
CAPE,1899-10-01,20.15371346068661,Robert Shiller/Yale monthly data
CAPE_YIELD_SPREAD,1899-10-01,1.824365,Calculated from Shiller CAPE and 10Y Treasury
CAPE,1899-11-01,20.1964575208023,Robert Shiller/Yale monthly data
CAPE_YIELD_SPREAD,1899-11-01,1.809697,Calculated from Shiller CAPE and 10Y Treasury
CAPE,1899-12-01,18.5126496436002,Robert Shiller/Yale monthly data
CAPE_YIELD_SPREAD,1899-12-01,2.255879,Calculated from Shiller CAPE and 10Y Treasury
CAPE,1900-01-01,18.67427536244478,Robert Shiller/Yale monthly data
CAPE_YIELD_SPREAD,1900-01-01,2.204960,Calculated from Shiller CAPE and 10Y Treasury
CAPE,1900-02-01,18.70379741725144,Robert Shiller/Yale monthly data
CAPE_YIELD_SPREAD,1900-02-01,2.200675,Calculated from Shiller CAPE and 10Y Treasury
CAPE,1900-03-01,18.775793421238383,Robert Shiller/Yale monthly data
CAPE_YIELD_SPREAD,1900-03-01,2.184340,Calculated from Shiller CAPE and 10Y Treasury
CAPE,1900-04-01,18.936402033322736,Robert Shiller/Yale monthly data
CAPE_YIELD_SPREAD,1900-04-01,2.143334,Calculated from Shiller CAPE and 10Y Treasury
CAPE,1900-05-01,18.403197016950422,Robert Shiller/Yale monthly data
CAPE_YIELD_SPREAD,1900-05-01,2.300505,Calculated from Shiller CAPE and 10Y Treasury
CAPE,1900-06-01,17.992711584303986,Robert Shiller/Yale monthly data
CAPE_YIELD_SPREAD,1900-06-01,2.428639,Calculated from Shiller CAPE and 10Y Treasury
CAPE,1900-07-01,17.689545468952808,Robert Shiller/Yale monthly data
CAPE_YIELD_SPREAD,1900-07-01,2.528057,Calculated from Shiller CAPE and 10Y Treasury
CAPE,1900-08-01,18.069614666784197,Robert Shiller/Yale monthly data
CAPE_YIELD_SPREAD,1900-08-01,2.413319,Calculated from Shiller CAPE and 10Y Treasury
CAPE,1900-09-01,17.34187415122472,Robert Shiller/Yale monthly data
CAPE_YIELD_SPREAD,1900-09-01,2.649723,Calculated from Shiller CAPE and 10Y Treasury
CAPE,1900-10-01,18.10239878455606,Robert Shiller/Yale monthly data
CAPE_YIELD_SPREAD,1900-10-01,2.411630,Calculated from Shiller CAPE and 10Y Treasury
CAPE,1900-11-01,19.419584603760764,Robert Shiller/Yale monthly data
CAPE_YIELD_SPREAD,1900-11-01,2.041107,Calculated from Shiller CAPE and 10Y Treasury
CAPE,1900-12-01,20.744051160870853,Robert Shiller/Yale monthly data
CAPE_YIELD_SPREAD,1900-12-01,1.716492,Calculated from Shiller CAPE and 10Y Treasury
CAPE,1901-01-01,20.978581834536197,Robert Shiller/Yale monthly data
CAPE_YIELD_SPREAD,1901-01-01,1.666766,Calculated from Shiller CAPE and 10Y Treasury
CAPE,1901-02-01,21.679149848206194,Robert Shiller/Yale monthly data
CAPE_YIELD_SPREAD,1901-02-01,1.506060,Calculated from Shiller CAPE and 10Y Treasury
CAPE,1901-03-01,22.34758395068386,Robert Shiller/Yale monthly data
CAPE_YIELD_SPREAD,1901-03-01,1.361423,Calculated from Shiller CAPE and 10Y Treasury
CAPE,1901-04-01,24.409716994827217,Robert Shiller/Yale monthly data
CAPE_YIELD_SPREAD,1901-04-01,0.976729,Calculated from Shiller CAPE and 10Y Treasury
CAPE,1901-05-01,23.06401268486357,Robert Shiller/Yale monthly data
CAPE_YIELD_SPREAD,1901-05-01,1.209092,Calculated from Shiller CAPE and 10Y Treasury
CAPE,1901-06-01,25.23846620596035,Robert Shiller/Yale monthly data
CAPE_YIELD_SPREAD,1901-06-01,0.828873,Calculated from Shiller CAPE and 10Y Treasury
CAPE,1901-07-01,23.14484855370811,Robert Shiller/Yale monthly data
CAPE_YIELD_SPREAD,1901-07-01,1.180616,Calculated from Shiller CAPE and 10Y Treasury
CAPE,1901-08-01,23.07717771384438,Robert Shiller/Yale monthly data
CAPE_YIELD_SPREAD,1901-08-01,1.186619,Calculated from Shiller CAPE and 10Y Treasury
CAPE,1901-09-01,22.59046831686024,Robert Shiller/Yale monthly data
CAPE_YIELD_SPREAD,1901-09-01,1.273312,Calculated from Shiller CAPE and 10Y Treasury
CAPE,1901-10-01,22.252901618408934,Robert Shiller/Yale monthly data
CAPE_YIELD_SPREAD,1901-10-01,1.333796,Calculated from Shiller CAPE and 10Y Treasury
CAPE,1901-11-01,22.375074777652806,Robert Shiller/Yale monthly data
CAPE_YIELD_SPREAD,1901-11-01,1.302592,Calculated from Shiller CAPE and 10Y Treasury
CAPE,1901-12-01,21.68021514102969,Robert Shiller/Yale monthly data
CAPE_YIELD_SPREAD,1901-12-01,1.439167,Calculated from Shiller CAPE and 10Y Treasury
CAPE,1902-01-01,22.34029079603357,Robert Shiller/Yale monthly data
CAPE_YIELD_SPREAD,1902-01-01,1.296217,Calculated from Shiller CAPE and 10Y Treasury
CAPE,1902-02-01,22.459957452460404,Robert Shiller/Yale monthly data
CAPE_YIELD_SPREAD,1902-02-01,1.262368,Calculated from Shiller CAPE and 10Y Treasury
CAPE,1902-03-01,22.410652288217346,Robert Shiller/Yale monthly data
CAPE_YIELD_SPREAD,1902-03-01,1.262164,Calculated from Shiller CAPE and 10Y Treasury
CAPE,1902-04-01,22.823108698497855,Robert Shiller/Yale monthly data
CAPE_YIELD_SPREAD,1902-04-01,1.171524,Calculated from Shiller CAPE and 10Y Treasury
CAPE,1902-05-01,22.427954493329807,Robert Shiller/Yale monthly data
CAPE_YIELD_SPREAD,1902-05-01,1.238721,Calculated from Shiller CAPE and 10Y Treasury
CAPE,1902-06-01,21.963742295514628,Robert Shiller/Yale monthly data
CAPE_YIELD_SPREAD,1902-06-01,1.322958,Calculated from Shiller CAPE and 10Y Treasury
CAPE,1902-07-01,22.38568658940137,Robert Shiller/Yale monthly data
CAPE_YIELD_SPREAD,1902-07-01,1.227140,Calculated from Shiller CAPE and 10Y Treasury
CAPE,1902-08-01,23.16867183409286,Robert Shiller/Yale monthly data
CAPE_YIELD_SPREAD,1902-08-01,1.066173,Calculated from Shiller CAPE and 10Y Treasury
CAPE,1902-09-01,22.8565663819545,Robert Shiller/Yale monthly data
CAPE_YIELD_SPREAD,1902-09-01,1.115110,Calculated from Shiller CAPE and 10Y Treasury
CAPE,1902-10-01,20.604425401859807,Robert Shiller/Yale monthly data
CAPE_YIELD_SPREAD,1902-10-01,1.583326,Calculated from Shiller CAPE and 10Y Treasury
CAPE,1902-11-01,20.40854125507218,Robert Shiller/Yale monthly data
CAPE_YIELD_SPREAD,1902-11-01,1.619909,Calculated from Shiller CAPE and 10Y Treasury
CAPE,1902-12-01,19.63323212682384,Robert Shiller/Yale monthly data
CAPE_YIELD_SPREAD,1902-12-01,1.803405,Calculated from Shiller CAPE and 10Y Treasury
CAPE,1903-01-01,20.318132053828496,Robert Shiller/Yale monthly data
CAPE_YIELD_SPREAD,1903-01-01,1.621712,Calculated from Shiller CAPE and 10Y Treasury
CAPE,1903-02-01,20.10705151755281,Robert Shiller/Yale monthly data
CAPE_YIELD_SPREAD,1903-02-01,1.665046,Calculated from Shiller CAPE and 10Y Treasury
CAPE,1903-03-01,19.884560384872838,Robert Shiller/Yale monthly data
CAPE_YIELD_SPREAD,1903-03-01,1.712361,Calculated from Shiller CAPE and 10Y Treasury
CAPE,1903-04-01,18.980022601826267,Robert Shiller/Yale monthly data
CAPE_YIELD_SPREAD,1903-04-01,1.943698,Calculated from Shiller CAPE and 10Y Treasury
CAPE,1903-05-01,18.954858723039873,Robert Shiller/Yale monthly data
CAPE_YIELD_SPREAD,1903-05-01,1.942359,Calculated from Shiller CAPE and 10Y Treasury
CAPE,1903-06-01,17.818551722968515,Robert Shiller/Yale monthly data
CAPE_YIELD_SPREAD,1903-06-01,2.270462,Calculated from Shiller CAPE and 10Y Treasury
CAPE,1903-07-01,16.91817841476666,Robert Shiller/Yale monthly data
CAPE_YIELD_SPREAD,1903-07-01,2.560802,Calculated from Shiller CAPE and 10Y Treasury
CAPE,1903-08-01,16.299118790903496,Robert Shiller/Yale monthly data
CAPE_YIELD_SPREAD,1903-08-01,2.776968,Calculated from Shiller CAPE and 10Y Treasury
CAPE,1903-09-01,15.654359115196918,Robert Shiller/Yale monthly data
CAPE_YIELD_SPREAD,1903-09-01,3.021330,Calculated from Shiller CAPE and 10Y Treasury
CAPE,1903-10-01,15.252943825778843,Robert Shiller/Yale monthly data
CAPE_YIELD_SPREAD,1903-10-01,3.181111,Calculated from Shiller CAPE and 10Y Treasury
CAPE,1903-11-01,15.407877534297896,Robert Shiller/Yale monthly data
CAPE_YIELD_SPREAD,1903-11-01,3.106853,Calculated from Shiller CAPE and 10Y Treasury
CAPE,1903-12-01,16.04289414005014,Robert Shiller/Yale monthly data
CAPE_YIELD_SPREAD,1903-12-01,2.841623,Calculated from Shiller CAPE and 10Y Treasury
CAPE,1904-01-01,15.86183391403364,Robert Shiller/Yale monthly data
CAPE_YIELD_SPREAD,1904-01-01,2.904441,Calculated from Shiller CAPE and 10Y Treasury
CAPE,1904-02-01,15.021498380331433,Robert Shiller/Yale monthly data
CAPE_YIELD_SPREAD,1904-02-01,3.250459,Calculated from Shiller CAPE and 10Y Treasury
CAPE,1904-03-01,15.081930176258863,Robert Shiller/Yale monthly data
CAPE_YIELD_SPREAD,1904-03-01,3.217118,Calculated from Shiller CAPE and 10Y Treasury
CAPE,1904-04-01,15.565490611691482,Robert Shiller/Yale monthly data
CAPE_YIELD_SPREAD,1904-04-01,3.004468,Calculated from Shiller CAPE and 10Y Treasury
CAPE,1904-05-01,15.525820896254634,Robert Shiller/Yale monthly data
CAPE_YIELD_SPREAD,1904-05-01,3.014217,Calculated from Shiller CAPE and 10Y Treasury
CAPE,1904-06-01,15.474433638652659,Robert Shiller/Yale monthly data
CAPE_YIELD_SPREAD,1904-06-01,3.028939,Calculated from Shiller CAPE and 10Y Treasury
CAPE,1904-07-01,16.03640162962411,Robert Shiller/Yale monthly data
CAPE_YIELD_SPREAD,1904-07-01,2.795813,Calculated from Shiller CAPE and 10Y Treasury
CAPE,1904-08-01,16.304651978851037,Robert Shiller/Yale monthly data
CAPE_YIELD_SPREAD,1904-08-01,2.686552,Calculated from Shiller CAPE and 10Y Treasury
CAPE,1904-09-01,16.742600049163695,Robert Shiller/Yale monthly data
CAPE_YIELD_SPREAD,1904-09-01,2.519455,Calculated from Shiller CAPE and 10Y Treasury
CAPE,1904-10-01,17.633197370821406,Robert Shiller/Yale monthly data
CAPE_YIELD_SPREAD,1904-10-01,2.211121,Calculated from Shiller CAPE and 10Y Treasury
CAPE,1904-11-01,18.076200223770073,Robert Shiller/Yale monthly data
CAPE_YIELD_SPREAD,1904-11-01,2.065469,Calculated from Shiller CAPE and 10Y Treasury
CAPE,1904-12-01,18.159679118703203,Robert Shiller/Yale monthly data
CAPE_YIELD_SPREAD,1904-12-01,2.033372,Calculated from Shiller CAPE and 10Y Treasury
CAPE,1905-01-01,18.459852032455853,Robert Shiller/Yale monthly data
CAPE_YIELD_SPREAD,1905-01-01,1.937162,Calculated from Shiller CAPE and 10Y Treasury
CAPE,1905-02-01,19.16899637582983,Robert Shiller/Yale monthly data
CAPE_YIELD_SPREAD,1905-02-01,1.740924,Calculated from Shiller CAPE and 10Y Treasury
CAPE,1905-03-01,19.831506074218424,Robert Shiller/Yale monthly data
CAPE_YIELD_SPREAD,1905-03-01,1.570815,Calculated from Shiller CAPE and 10Y Treasury
CAPE,1905-04-01,19.482927524711283,Robert Shiller/Yale monthly data
CAPE_YIELD_SPREAD,1905-04-01,1.665199,Calculated from Shiller CAPE and 10Y Treasury
CAPE,1905-05-01,18.629487509845127,Robert Shiller/Yale monthly data
CAPE_YIELD_SPREAD,1905-05-01,1.904501,Calculated from Shiller CAPE and 10Y Treasury
CAPE,1905-06-01,18.735862386183534,Robert Shiller/Yale monthly data
CAPE_YIELD_SPREAD,1905-06-01,1.878191,Calculated from Shiller CAPE and 10Y Treasury
CAPE,1905-07-01,19.205883309548053,Robert Shiller/Yale monthly data
CAPE_YIELD_SPREAD,1905-07-01,1.751738,Calculated from Shiller CAPE and 10Y Treasury
CAPE,1905-08-01,19.57330843080372,Robert Shiller/Yale monthly data
CAPE_YIELD_SPREAD,1905-08-01,1.658165,Calculated from Shiller CAPE and 10Y Treasury
CAPE,1905-09-01,19.74349241969778,Robert Shiller/Yale monthly data
CAPE_YIELD_SPREAD,1905-09-01,1.618293,Calculated from Shiller CAPE and 10Y Treasury
CAPE,1905-10-01,19.897394814329537,Robert Shiller/Yale monthly data
CAPE_YIELD_SPREAD,1905-10-01,1.583284,Calculated from Shiller CAPE and 10Y Treasury
CAPE,1905-11-01,19.44352569326499,Robert Shiller/Yale monthly data
CAPE_YIELD_SPREAD,1905-11-01,1.704767,Calculated from Shiller CAPE and 10Y Treasury
CAPE,1905-12-01,19.577960809096123,Robert Shiller/Yale monthly data
CAPE_YIELD_SPREAD,1905-12-01,1.673618,Calculated from Shiller CAPE and 10Y Treasury
CAPE,1906-01-01,20.1324022608079,Robert Shiller/Yale monthly data
CAPE_YIELD_SPREAD,1906-01-01,1.537117,Calculated from Shiller CAPE and 10Y Treasury
CAPE,1906-02-01,19.8667525636759,Robert Shiller/Yale monthly data
CAPE_YIELD_SPREAD,1906-02-01,1.583535,Calculated from Shiller CAPE and 10Y Treasury
CAPE,1906-03-01,19.25945302085412,Robert Shiller/Yale monthly data
CAPE_YIELD_SPREAD,1906-03-01,1.722255,Calculated from Shiller CAPE and 10Y Treasury
CAPE,1906-04-01,18.876204996115888,Robert Shiller/Yale monthly data
CAPE_YIELD_SPREAD,1906-04-01,1.807675,Calculated from Shiller CAPE and 10Y Treasury
CAPE,1906-05-01,18.054044460926402,Robert Shiller/Yale monthly data
CAPE_YIELD_SPREAD,1906-05-01,2.028925,Calculated from Shiller CAPE and 10Y Treasury
CAPE,1906-06-01,18.172666376497506,Robert Shiller/Yale monthly data
CAPE_YIELD_SPREAD,1906-06-01,1.972770,Calculated from Shiller CAPE and 10Y Treasury
CAPE,1906-07-01,18.195200143513755,Robert Shiller/Yale monthly data
CAPE_YIELD_SPREAD,1906-07-01,1.945955,Calculated from Shiller CAPE and 10Y Treasury
CAPE,1906-08-01,18.967251477549308,Robert Shiller/Yale monthly data
CAPE_YIELD_SPREAD,1906-08-01,1.702245,Calculated from Shiller CAPE and 10Y Treasury
CAPE,1906-09-01,19.200993682001364,Robert Shiller/Yale monthly data
CAPE_YIELD_SPREAD,1906-09-01,1.618064,Calculated from Shiller CAPE and 10Y Treasury
CAPE,1906-10-01,18.095380908869103,Robert Shiller/Yale monthly data
CAPE_YIELD_SPREAD,1906-10-01,1.916272,Calculated from Shiller CAPE and 10Y Treasury
CAPE,1906-11-01,18.141851654007965,Robert Shiller/Yale monthly data
CAPE_YIELD_SPREAD,1906-11-01,1.882117,Calculated from Shiller CAPE and 10Y Treasury
CAPE,1906-12-01,17.66000366776867,Robert Shiller/Yale monthly data
CAPE_YIELD_SPREAD,1906-12-01,2.012513,Calculated from Shiller CAPE and 10Y Treasury
CAPE,1907-01-01,17.21891385370599,Robert Shiller/Yale monthly data
CAPE_YIELD_SPREAD,1907-01-01,2.137567,Calculated from Shiller CAPE and 10Y Treasury
CAPE,1907-02-01,16.21707128876616,Robert Shiller/Yale monthly data
CAPE_YIELD_SPREAD,1907-02-01,2.479675,Calculated from Shiller CAPE and 10Y Treasury
CAPE,1907-03-01,14.687545255978655,Robert Shiller/Yale monthly data
CAPE_YIELD_SPREAD,1907-03-01,3.105156,Calculated from Shiller CAPE and 10Y Treasury
CAPE,1907-04-01,14.669709905602748,Robert Shiller/Yale monthly data
CAPE_YIELD_SPREAD,1907-04-01,3.096767,Calculated from Shiller CAPE and 10Y Treasury
CAPE,1907-05-01,13.790107153424252,Robert Shiller/Yale monthly data
CAPE_YIELD_SPREAD,1907-05-01,3.514909,Calculated from Shiller CAPE and 10Y Treasury
CAPE,1907-06-01,13.144269952673211,Robert Shiller/Yale monthly data
CAPE_YIELD_SPREAD,1907-06-01,3.854544,Calculated from Shiller CAPE and 10Y Treasury
CAPE,1907-07-01,13.585007357961846,Robert Shiller/Yale monthly data
CAPE_YIELD_SPREAD,1907-07-01,3.591056,Calculated from Shiller CAPE and 10Y Treasury
CAPE,1907-08-01,12.513471604446615,Robert Shiller/Yale monthly data
CAPE_YIELD_SPREAD,1907-08-01,4.204721,Calculated from Shiller CAPE and 10Y Treasury
CAPE,1907-09-01,12.328569657736635,Robert Shiller/Yale monthly data
CAPE_YIELD_SPREAD,1907-09-01,4.307908,Calculated from Shiller CAPE and 10Y Treasury
CAPE,1907-10-01,10.83184015305061,Robert Shiller/Yale monthly data
CAPE_YIELD_SPREAD,1907-10-01,5.412042,Calculated from Shiller CAPE and 10Y Treasury
CAPE,1907-11-01,10.591177559189786,Robert Shiller/Yale monthly data
CAPE_YIELD_SPREAD,1907-11-01,5.605154,Calculated from Shiller CAPE and 10Y Treasury
CAPE,1907-12-01,11.333306235811175,Robert Shiller/Yale monthly data
CAPE_YIELD_SPREAD,1907-12-01,4.970217,Calculated from Shiller CAPE and 10Y Treasury
CAPE,1908-01-01,11.902968628266981,Robert Shiller/Yale monthly data
CAPE_YIELD_SPREAD,1908-01-01,4.531266,Calculated from Shiller CAPE and 10Y Treasury
CAPE,1908-02-01,11.554846295144793,Robert Shiller/Yale monthly data
CAPE_YIELD_SPREAD,1908-02-01,4.793544,Calculated from Shiller CAPE and 10Y Treasury
CAPE,1908-03-01,11.984662664464299,Robert Shiller/Yale monthly data
CAPE_YIELD_SPREAD,1908-03-01,4.492331,Calculated from Shiller CAPE and 10Y Treasury
CAPE,1908-04-01,12.448889158370372,Robert Shiller/Yale monthly data
CAPE_YIELD_SPREAD,1908-04-01,4.190345,Calculated from Shiller CAPE and 10Y Treasury
CAPE,1908-05-01,13.078451355438343,Robert Shiller/Yale monthly data
CAPE_YIELD_SPREAD,1908-05-01,3.812832,Calculated from Shiller CAPE and 10Y Treasury
CAPE,1908-06-01,13.051684129229992,Robert Shiller/Yale monthly data
CAPE_YIELD_SPREAD,1908-06-01,3.837680,Calculated from Shiller CAPE and 10Y Treasury
CAPE,1908-07-01,13.3454871048344,Robert Shiller/Yale monthly data
CAPE_YIELD_SPREAD,1908-07-01,3.678170,Calculated from Shiller CAPE and 10Y Treasury
CAPE,1908-08-01,13.884232895208616,Robert Shiller/Yale monthly data
CAPE_YIELD_SPREAD,1908-08-01,3.396581,Calculated from Shiller CAPE and 10Y Treasury
CAPE,1908-09-01,13.701442268825113,Robert Shiller/Yale monthly data
CAPE_YIELD_SPREAD,1908-09-01,3.501835,Calculated from Shiller CAPE and 10Y Treasury
CAPE,1908-10-01,13.690810359178707,Robert Shiller/Yale monthly data
CAPE_YIELD_SPREAD,1908-10-01,3.516670,Calculated from Shiller CAPE and 10Y Treasury
CAPE,1908-11-01,14.435014091256267,Robert Shiller/Yale monthly data
CAPE_YIELD_SPREAD,1908-11-01,3.149266,Calculated from Shiller CAPE and 10Y Treasury
CAPE,1908-12-01,14.582482908962444,Robert Shiller/Yale monthly data
CAPE_YIELD_SPREAD,1908-12-01,3.088376,Calculated from Shiller CAPE and 10Y Treasury
CAPE,1909-01-01,14.764418456441359,Robert Shiller/Yale monthly data
CAPE_YIELD_SPREAD,1909-01-01,3.013040,Calculated from Shiller CAPE and 10Y Treasury
CAPE,1909-02-01,14.167157516701373,Robert Shiller/Yale monthly data
CAPE_YIELD_SPREAD,1909-02-01,3.286079,Calculated from Shiller CAPE and 10Y Treasury
CAPE,1909-03-01,14.336058380586223,Robert Shiller/Yale monthly data
CAPE_YIELD_SPREAD,1909-03-01,3.190418,Calculated from Shiller CAPE and 10Y Treasury
CAPE,1909-04-01,14.645198603086127,Robert Shiller/Yale monthly data
CAPE_YIELD_SPREAD,1909-04-01,3.030676,Calculated from Shiller CAPE and 10Y Treasury
CAPE,1909-05-01,14.953509786582787,Robert Shiller/Yale monthly data
CAPE_YIELD_SPREAD,1909-05-01,2.877393,Calculated from Shiller CAPE and 10Y Treasury
CAPE,1909-06-01,15.040444676081004,Robert Shiller/Yale monthly data
CAPE_YIELD_SPREAD,1909-06-01,2.826240,Calculated from Shiller CAPE and 10Y Treasury
CAPE,1909-07-01,15.231503240497688,Robert Shiller/Yale monthly data
CAPE_YIELD_SPREAD,1909-07-01,2.730340,Calculated from Shiller CAPE and 10Y Treasury
CAPE,1909-08-01,15.417580706254762,Robert Shiller/Yale monthly data
CAPE_YIELD_SPREAD,1909-08-01,2.638602,Calculated from Shiller CAPE and 10Y Treasury
CAPE,1909-09-01,15.254446436821178,Robert Shiller/Yale monthly data
CAPE_YIELD_SPREAD,1909-09-01,2.695466,Calculated from Shiller CAPE and 10Y Treasury
CAPE,1909-10-01,14.98884529612177,Robert Shiller/Yale monthly data
CAPE_YIELD_SPREAD,1909-10-01,2.799128,Calculated from Shiller CAPE and 10Y Treasury
CAPE,1909-11-01,14.745631176824588,Robert Shiller/Yale monthly data
CAPE_YIELD_SPREAD,1909-11-01,2.896670,Calculated from Shiller CAPE and 10Y Treasury
CAPE,1909-12-01,14.75063848926503,Robert Shiller/Yale monthly data
CAPE_YIELD_SPREAD,1909-12-01,2.881868,Calculated from Shiller CAPE and 10Y Treasury
CAPE,1910-01-01,14.547885040564148,Robert Shiller/Yale monthly data
CAPE_YIELD_SPREAD,1910-01-01,2.963851,Calculated from Shiller CAPE and 10Y Treasury
CAPE,1910-02-01,14.002037903032699,Robert Shiller/Yale monthly data
CAPE_YIELD_SPREAD,1910-02-01,3.225984,Calculated from Shiller CAPE and 10Y Treasury
CAPE,1910-03-01,14.05000696507782,Robert Shiller/Yale monthly data
CAPE_YIELD_SPREAD,1910-03-01,3.195768,Calculated from Shiller CAPE and 10Y Treasury
CAPE,1910-04-01,13.559883620820079,Robert Shiller/Yale monthly data
CAPE_YIELD_SPREAD,1910-04-01,3.447195,Calculated from Shiller CAPE and 10Y Treasury
CAPE,1910-05-01,13.568792287251451,Robert Shiller/Yale monthly data
CAPE_YIELD_SPREAD,1910-05-01,3.436519,Calculated from Shiller CAPE and 10Y Treasury
CAPE,1910-06-01,13.019657302315938,Robert Shiller/Yale monthly data
CAPE_YIELD_SPREAD,1910-06-01,3.741527,Calculated from Shiller CAPE and 10Y Treasury
CAPE,1910-07-01,12.342581259985216,Robert Shiller/Yale monthly data
CAPE_YIELD_SPREAD,1910-07-01,4.157033,Calculated from Shiller CAPE and 10Y Treasury
CAPE,1910-08-01,12.745055150886254,Robert Shiller/Yale monthly data
CAPE_YIELD_SPREAD,1910-08-01,3.895347,Calculated from Shiller CAPE and 10Y Treasury
CAPE,1910-09-01,12.937161101070844,Robert Shiller/Yale monthly data
CAPE_YIELD_SPREAD,1910-09-01,3.773004,Calculated from Shiller CAPE and 10Y Treasury
CAPE,1910-10-01,13.918866656445815,Robert Shiller/Yale monthly data
CAPE_YIELD_SPREAD,1910-10-01,3.221993,Calculated from Shiller CAPE and 10Y Treasury
CAPE,1910-11-01,14.164523175780351,Robert Shiller/Yale monthly data
CAPE_YIELD_SPREAD,1910-11-01,3.091558,Calculated from Shiller CAPE and 10Y Treasury
CAPE,1910-12-01,13.74147841778155,Robert Shiller/Yale monthly data
CAPE_YIELD_SPREAD,1910-12-01,3.303071,Calculated from Shiller CAPE and 10Y Treasury
CAPE,1911-01-01,14.0492151814012,Robert Shiller/Yale monthly data
CAPE_YIELD_SPREAD,1911-01-01,3.137835,Calculated from Shiller CAPE and 10Y Treasury
CAPE,1911-02-01,14.721488469928298,Robert Shiller/Yale monthly data
CAPE_YIELD_SPREAD,1911-02-01,2.810291,Calculated from Shiller CAPE and 10Y Treasury
CAPE,1911-03-01,14.370623221979528,Robert Shiller/Yale monthly data
CAPE_YIELD_SPREAD,1911-03-01,2.973640,Calculated from Shiller CAPE and 10Y Treasury
CAPE,1911-04-01,14.752935420329347,Robert Shiller/Yale monthly data
CAPE_YIELD_SPREAD,1911-04-01,2.790812,Calculated from Shiller CAPE and 10Y Treasury
CAPE,1911-05-01,15.047660591685036,Robert Shiller/Yale monthly data
CAPE_YIELD_SPREAD,1911-05-01,2.655551,Calculated from Shiller CAPE and 10Y Treasury
CAPE,1911-06-01,15.328355684719279,Robert Shiller/Yale monthly data
CAPE_YIELD_SPREAD,1911-06-01,2.531357,Calculated from Shiller CAPE and 10Y Treasury
CAPE,1911-07-01,15.083110578700262,Robert Shiller/Yale monthly data
CAPE_YIELD_SPREAD,1911-07-01,2.634932,Calculated from Shiller CAPE and 10Y Treasury
CAPE,1911-08-01,13.89979066565444,Robert Shiller/Yale monthly data
CAPE_YIELD_SPREAD,1911-08-01,3.196853,Calculated from Shiller CAPE and 10Y Treasury
CAPE,1911-09-01,12.99795398325243,Robert Shiller/Yale monthly data
CAPE_YIELD_SPREAD,1911-09-01,3.693519,Calculated from Shiller CAPE and 10Y Treasury
CAPE,1911-10-01,13.066472850619189,Robert Shiller/Yale monthly data
CAPE_YIELD_SPREAD,1911-10-01,3.650675,Calculated from Shiller CAPE and 10Y Treasury
CAPE,1911-11-01,13.727997586413089,Robert Shiller/Yale monthly data
CAPE_YIELD_SPREAD,1911-11-01,3.279384,Calculated from Shiller CAPE and 10Y Treasury
CAPE,1911-12-01,13.929258419578229,Robert Shiller/Yale monthly data
CAPE_YIELD_SPREAD,1911-12-01,3.171633,Calculated from Shiller CAPE and 10Y Treasury
CAPE,1912-01-01,13.794952631845819,Robert Shiller/Yale monthly data
CAPE_YIELD_SPREAD,1912-01-01,3.239028,Calculated from Shiller CAPE and 10Y Treasury
CAPE,1912-02-01,13.531634369686586,Robert Shiller/Yale monthly data
CAPE_YIELD_SPREAD,1912-02-01,3.343424,Calculated from Shiller CAPE and 10Y Treasury
CAPE,1912-03-01,13.639769173944163,Robert Shiller/Yale monthly data
CAPE_YIELD_SPREAD,1912-03-01,3.248169,Calculated from Shiller CAPE and 10Y Treasury
CAPE,1912-04-01,13.654392690553228,Robert Shiller/Yale monthly data
CAPE_YIELD_SPREAD,1912-04-01,3.203651,Calculated from Shiller CAPE and 10Y Treasury
CAPE,1912-05-01,13.645500685612367,Robert Shiller/Yale monthly data
CAPE_YIELD_SPREAD,1912-05-01,3.171756,Calculated from Shiller CAPE and 10Y Treasury
CAPE,1912-06-01,13.785417404502523,Robert Shiller/Yale monthly data
CAPE_YIELD_SPREAD,1912-06-01,3.060709,Calculated from Shiller CAPE and 10Y Treasury
CAPE,1912-07-01,13.802876645015774,Robert Shiller/Yale monthly data
CAPE_YIELD_SPREAD,1912-07-01,3.014867,Calculated from Shiller CAPE and 10Y Treasury
CAPE,1912-08-01,13.984761763426272,Robert Shiller/Yale monthly data
CAPE_YIELD_SPREAD,1912-08-01,2.883974,Calculated from Shiller CAPE and 10Y Treasury
CAPE,1912-09-01,13.926285001315868,Robert Shiller/Yale monthly data
CAPE_YIELD_SPREAD,1912-09-01,2.877333,Calculated from Shiller CAPE and 10Y Treasury
CAPE,1912-10-01,13.905092701178464,Robert Shiller/Yale monthly data
CAPE_YIELD_SPREAD,1912-10-01,2.851610,Calculated from Shiller CAPE and 10Y Treasury
CAPE,1912-11-01,13.749541018606532,Robert Shiller/Yale monthly data
CAPE_YIELD_SPREAD,1912-11-01,2.896303,Calculated from Shiller CAPE and 10Y Treasury
CAPE,1912-12-01,13.388999452579627,Robert Shiller/Yale monthly data
CAPE_YIELD_SPREAD,1912-12-01,3.055485,Calculated from Shiller CAPE and 10Y Treasury
CAPE,1913-01-01,13.148088791761557,Robert Shiller/Yale monthly data
CAPE_YIELD_SPREAD,1913-01-01,3.155668,Calculated from Shiller CAPE and 10Y Treasury
CAPE,1913-02-01,12.682960516236756,Robert Shiller/Yale monthly data
CAPE_YIELD_SPREAD,1913-02-01,3.458761,Calculated from Shiller CAPE and 10Y Treasury
CAPE,1913-03-01,12.443453515183656,Robert Shiller/Yale monthly data
CAPE_YIELD_SPREAD,1913-03-01,3.634688,Calculated from Shiller CAPE and 10Y Treasury
CAPE,1913-04-01,12.433067081795162,Robert Shiller/Yale monthly data
CAPE_YIELD_SPREAD,1913-04-01,3.665568,Calculated from Shiller CAPE and 10Y Treasury
CAPE,1913-05-01,12.221401061154118,Robert Shiller/Yale monthly data
CAPE_YIELD_SPREAD,1913-05-01,3.829035,Calculated from Shiller CAPE and 10Y Treasury
CAPE,1913-06-01,11.491962852761224,Robert Shiller/Yale monthly data
CAPE_YIELD_SPREAD,1913-06-01,4.372567,Calculated from Shiller CAPE and 10Y Treasury
CAPE,1913-07-01,11.534022795459855,Robert Shiller/Yale monthly data
CAPE_YIELD_SPREAD,1913-07-01,4.365002,Calculated from Shiller CAPE and 10Y Treasury
CAPE,1913-08-01,11.846840543564625,Robert Shiller/Yale monthly data
CAPE_YIELD_SPREAD,1913-08-01,4.160236,Calculated from Shiller CAPE and 10Y Treasury
CAPE,1913-09-01,11.84331682662597,Robert Shiller/Yale monthly data
CAPE_YIELD_SPREAD,1913-09-01,4.186914,Calculated from Shiller CAPE and 10Y Treasury
CAPE,1913-10-01,11.471490240312288,Robert Shiller/Yale monthly data
CAPE_YIELD_SPREAD,1913-10-01,4.484763,Calculated from Shiller CAPE and 10Y Treasury
CAPE,1913-11-01,11.072537845038008,Robert Shiller/Yale monthly data
CAPE_YIELD_SPREAD,1913-11-01,4.823020,Calculated from Shiller CAPE and 10Y Treasury
CAPE,1913-12-01,11.174040870036793,Robert Shiller/Yale monthly data
CAPE_YIELD_SPREAD,1913-12-01,4.765147,Calculated from Shiller CAPE and 10Y Treasury
CAPE,1914-01-01,11.63609210504613,Robert Shiller/Yale monthly data
CAPE_YIELD_SPREAD,1914-01-01,4.433951,Calculated from Shiller CAPE and 10Y Treasury
CAPE,1914-02-01,11.910233879798238,Robert Shiller/Yale monthly data
CAPE_YIELD_SPREAD,1914-02-01,4.229474,Calculated from Shiller CAPE and 10Y Treasury
CAPE,1914-03-01,11.685526018836825,Robert Shiller/Yale monthly data
CAPE_YIELD_SPREAD,1914-03-01,4.384262,Calculated from Shiller CAPE and 10Y Treasury
CAPE,1914-04-01,11.522662536200228,Robert Shiller/Yale monthly data
CAPE_YIELD_SPREAD,1914-04-01,4.498550,Calculated from Shiller CAPE and 10Y Treasury
CAPE,1914-05-01,11.479008694164479,Robert Shiller/Yale monthly data
CAPE_YIELD_SPREAD,1914-05-01,4.524887,Calculated from Shiller CAPE and 10Y Treasury
CAPE,1914-06-01,11.42871516883188,Robert Shiller/Yale monthly data
CAPE_YIELD_SPREAD,1914-06-01,4.556557,Calculated from Shiller CAPE and 10Y Treasury
CAPE,1914-07-01,10.694345183040134,Robert Shiller/Yale monthly data
CAPE_YIELD_SPREAD,1914-07-01,5.150736,Calculated from Shiller CAPE and 10Y Treasury
CAPE,1914-08-01,10.492046265076432,Robert Shiller/Yale monthly data
CAPE_YIELD_SPREAD,1914-08-01,5.324363,Calculated from Shiller CAPE and 10Y Treasury
CAPE,1914-09-01,10.50049730180213,Robert Shiller/Yale monthly data
CAPE_YIELD_SPREAD,1914-09-01,5.310025,Calculated from Shiller CAPE and 10Y Treasury
CAPE,1914-10-01,10.61275946612622,Robert Shiller/Yale monthly data
CAPE_YIELD_SPREAD,1914-10-01,5.202620,Calculated from Shiller CAPE and 10Y Treasury
CAPE,1914-11-01,10.51691764299212,Robert Shiller/Yale monthly data
CAPE_YIELD_SPREAD,1914-11-01,5.281823,Calculated from Shiller CAPE and 10Y Treasury
CAPE,1914-12-01,10.172217991997863,Robert Shiller/Yale monthly data
CAPE_YIELD_SPREAD,1914-12-01,5.597364,Calculated from Shiller CAPE and 10Y Treasury
CAPE,1915-01-01,10.359834197757268,Robert Shiller/Yale monthly data
CAPE_YIELD_SPREAD,1915-01-01,5.412664,Calculated from Shiller CAPE and 10Y Treasury
CAPE,1915-02-01,10.329786209660693,Robert Shiller/Yale monthly data
CAPE_YIELD_SPREAD,1915-02-01,5.456576,Calculated from Shiller CAPE and 10Y Treasury
CAPE,1915-03-01,10.707013188682813,Robert Shiller/Yale monthly data
CAPE_YIELD_SPREAD,1915-03-01,5.131339,Calculated from Shiller CAPE and 10Y Treasury
CAPE,1915-04-01,11.401123789000186,Robert Shiller/Yale monthly data
CAPE_YIELD_SPREAD,1915-04-01,4.578565,Calculated from Shiller CAPE and 10Y Treasury
CAPE,1915-05-01,11.026929876471316,Robert Shiller/Yale monthly data
CAPE_YIELD_SPREAD,1915-05-01,4.892041,Calculated from Shiller CAPE and 10Y Treasury
CAPE,1915-06-01,11.154262189096341,Robert Shiller/Yale monthly data
CAPE_YIELD_SPREAD,1915-06-01,4.804350,Calculated from Shiller CAPE and 10Y Treasury
CAPE,1915-07-01,11.113629393949603,Robert Shiller/Yale monthly data
CAPE_YIELD_SPREAD,1915-07-01,4.852961,Calculated from Shiller CAPE and 10Y Treasury
CAPE,1915-08-01,11.584831641604604,Robert Shiller/Yale monthly data
CAPE_YIELD_SPREAD,1915-08-01,4.502810,Calculated from Shiller CAPE and 10Y Treasury
CAPE,1915-09-01,12.011570757825893,Robert Shiller/Yale monthly data
CAPE_YIELD_SPREAD,1915-09-01,4.211972,Calculated from Shiller CAPE and 10Y Treasury
CAPE,1915-10-01,12.54907613322016,Robert Shiller/Yale monthly data
CAPE_YIELD_SPREAD,1915-10-01,3.871214,Calculated from Shiller CAPE and 10Y Treasury
CAPE,1915-11-01,12.85771445355932,Robert Shiller/Yale monthly data
CAPE_YIELD_SPREAD,1915-11-01,3.695765,Calculated from Shiller CAPE and 10Y Treasury
CAPE,1915-12-01,12.878444602185992,Robert Shiller/Yale monthly data
CAPE_YIELD_SPREAD,1915-12-01,3.699080,Calculated from Shiller CAPE and 10Y Treasury
CAPE,1916-01-01,12.543563692516178,Robert Shiller/Yale monthly data
CAPE_YIELD_SPREAD,1916-01-01,3.922216,Calculated from Shiller CAPE and 10Y Treasury
CAPE,1916-02-01,12.354652326458801,Robert Shiller/Yale monthly data
CAPE_YIELD_SPREAD,1916-02-01,4.029117,Calculated from Shiller CAPE and 10Y Treasury
CAPE,1916-03-01,12.177052795748486,Robert Shiller/Yale monthly data
CAPE_YIELD_SPREAD,1916-03-01,4.132168,Calculated from Shiller CAPE and 10Y Treasury
CAPE,1916-04-01,11.906481776593187,Robert Shiller/Yale monthly data
CAPE_YIELD_SPREAD,1916-04-01,4.303787,Calculated from Shiller CAPE and 10Y Treasury
CAPE,1916-05-01,12.02625667190516,Robert Shiller/Yale monthly data
CAPE_YIELD_SPREAD,1916-05-01,4.205139,Calculated from Shiller CAPE and 10Y Treasury
CAPE,1916-06-01,11.995961222946582,Robert Shiller/Yale monthly data
CAPE_YIELD_SPREAD,1916-06-01,4.211139,Calculated from Shiller CAPE and 10Y Treasury
CAPE,1916-07-01,11.791165275254553,Robert Shiller/Yale monthly data
CAPE_YIELD_SPREAD,1916-07-01,4.340926,Calculated from Shiller CAPE and 10Y Treasury
CAPE,1916-08-01,11.732082638874163,Robert Shiller/Yale monthly data
CAPE_YIELD_SPREAD,1916-08-01,4.368636,Calculated from Shiller CAPE and 10Y Treasury
CAPE,1916-09-01,11.94455241750447,Robert Shiller/Yale monthly data
CAPE_YIELD_SPREAD,1916-09-01,4.202017,Calculated from Shiller CAPE and 10Y Treasury
CAPE,1916-10-01,12.045741763370799,Robert Shiller/Yale monthly data
CAPE_YIELD_SPREAD,1916-10-01,4.116689,Calculated from Shiller CAPE and 10Y Treasury
CAPE,1916-11-01,12.053230403230499,Robert Shiller/Yale monthly data
CAPE_YIELD_SPREAD,1916-11-01,4.096531,Calculated from Shiller CAPE and 10Y Treasury
CAPE,1916-12-01,11.41355918884949,Robert Shiller/Yale monthly data
CAPE_YIELD_SPREAD,1916-12-01,4.546509,Calculated from Shiller CAPE and 10Y Treasury
CAPE,1917-01-01,10.992361427383429,Robert Shiller/Yale monthly data
CAPE_YIELD_SPREAD,1917-01-01,4.867226,Calculated from Shiller CAPE and 10Y Treasury
CAPE,1917-02-01,10.063187738735728,Robert Shiller/Yale monthly data
CAPE_YIELD_SPREAD,1917-02-01,5.678876,Calculated from Shiller CAPE and 10Y Treasury
CAPE,1917-03-01,10.32715708010788,Robert Shiller/Yale monthly data
CAPE_YIELD_SPREAD,1917-03-01,5.396540,Calculated from Shiller CAPE and 10Y Treasury
CAPE,1917-04-01,9.644531197281236,Robert Shiller/Yale monthly data
CAPE_YIELD_SPREAD,1917-04-01,6.053570,Calculated from Shiller CAPE and 10Y Treasury
CAPE,1917-05-01,9.138988813373576,Robert Shiller/Yale monthly data
CAPE_YIELD_SPREAD,1917-05-01,6.598796,Calculated from Shiller CAPE and 10Y Treasury
CAPE,1917-06-01,9.14822025953958,Robert Shiller/Yale monthly data
CAPE_YIELD_SPREAD,1917-06-01,6.559421,Calculated from Shiller CAPE and 10Y Treasury
CAPE,1917-07-01,9.003472377228801,Robert Shiller/Yale monthly data
CAPE_YIELD_SPREAD,1917-07-01,6.706826,Calculated from Shiller CAPE and 10Y Treasury
CAPE,1917-08-01,8.572680466753777,Robert Shiller/Yale monthly data
CAPE_YIELD_SPREAD,1917-08-01,7.236630,Calculated from Shiller CAPE and 10Y Treasury
CAPE,1917-09-01,7.9508232642170595,Robert Shiller/Yale monthly data
CAPE_YIELD_SPREAD,1917-09-01,8.120647,Calculated from Shiller CAPE and 10Y Treasury
CAPE,1917-10-01,7.387133711108142,Robert Shiller/Yale monthly data
CAPE_YIELD_SPREAD,1917-10-01,9.052050,Calculated from Shiller CAPE and 10Y Treasury
CAPE,1917-11-01,6.753013604774305,Robert Shiller/Yale monthly data
CAPE_YIELD_SPREAD,1917-11-01,10.294870,Calculated from Shiller CAPE and 10Y Treasury
CAPE,1917-12-01,6.412593898119817,Robert Shiller/Yale monthly data
CAPE_YIELD_SPREAD,1917-12-01,11.052647,Calculated from Shiller CAPE and 10Y Treasury
CAPE,1918-01-01,6.640646028655349,Robert Shiller/Yale monthly data
CAPE_YIELD_SPREAD,1918-01-01,10.488776,Calculated from Shiller CAPE and 10Y Treasury
CAPE,1918-02-01,6.784343551630277,Robert Shiller/Yale monthly data
CAPE_YIELD_SPREAD,1918-02-01,10.175653,Calculated from Shiller CAPE and 10Y Treasury
CAPE,1918-03-01,6.686355760455893,Robert Shiller/Yale monthly data
CAPE_YIELD_SPREAD,1918-03-01,10.397497,Calculated from Shiller CAPE and 10Y Treasury
CAPE,1918-04-01,6.520727730547157,Robert Shiller/Yale monthly data
CAPE_YIELD_SPREAD,1918-04-01,10.783212,Calculated from Shiller CAPE and 10Y Treasury
CAPE,1918-05-01,6.582363231621079,Robert Shiller/Yale monthly data
CAPE_YIELD_SPREAD,1918-05-01,10.645445,Calculated from Shiller CAPE and 10Y Treasury
CAPE,1918-06-01,6.4962913186410525,Robert Shiller/Yale monthly data
CAPE_YIELD_SPREAD,1918-06-01,10.852565,Calculated from Shiller CAPE and 10Y Treasury
CAPE,1918-07-01,6.371324093848986,Robert Shiller/Yale monthly data
CAPE_YIELD_SPREAD,1918-07-01,11.160325,Calculated from Shiller CAPE and 10Y Treasury
CAPE,1918-08-01,6.303073760914589,Robert Shiller/Yale monthly data
CAPE_YIELD_SPREAD,1918-08-01,11.336109,Calculated from Shiller CAPE and 10Y Treasury
CAPE,1918-09-01,6.149170562431677,Robert Shiller/Yale monthly data
CAPE_YIELD_SPREAD,1918-09-01,11.739023,Calculated from Shiller CAPE and 10Y Treasury
CAPE,1918-10-01,6.290515321191318,Robert Shiller/Yale monthly data
CAPE_YIELD_SPREAD,1918-10-01,11.379449,Calculated from Shiller CAPE and 10Y Treasury
CAPE,1918-11-01,6.333327495354152,Robert Shiller/Yale monthly data
CAPE_YIELD_SPREAD,1918-11-01,11.277822,Calculated from Shiller CAPE and 10Y Treasury
CAPE,1918-12-01,6.134580411283428,Robert Shiller/Yale monthly data
CAPE_YIELD_SPREAD,1918-12-01,11.795200,Calculated from Shiller CAPE and 10Y Treasury
CAPE,1919-01-01,6.098467639950103,Robert Shiller/Yale monthly data
CAPE_YIELD_SPREAD,1919-01-01,11.897562,Calculated from Shiller CAPE and 10Y Treasury
CAPE,1919-02-01,6.239692771364975,Robert Shiller/Yale monthly data
CAPE_YIELD_SPREAD,1919-02-01,11.487263,Calculated from Shiller CAPE and 10Y Treasury
CAPE,1919-03-01,6.356074004869142,Robert Shiller/Yale monthly data
CAPE_YIELD_SPREAD,1919-03-01,11.154649,Calculated from Shiller CAPE and 10Y Treasury
CAPE,1919-04-01,6.456139555819272,Robert Shiller/Yale monthly data
CAPE_YIELD_SPREAD,1919-04-01,10.871632,Calculated from Shiller CAPE and 10Y Treasury
CAPE,1919-05-01,6.829002261482031,Robert Shiller/Yale monthly data
CAPE_YIELD_SPREAD,1919-05-01,9.986761,Calculated from Shiller CAPE and 10Y Treasury
CAPE,1919-06-01,7.02161521478413,Robert Shiller/Yale monthly data
CAPE_YIELD_SPREAD,1919-06-01,9.545904,Calculated from Shiller CAPE and 10Y Treasury
CAPE,1919-07-01,7.052837165446309,Robert Shiller/Yale monthly data
CAPE_YIELD_SPREAD,1919-07-01,9.443691,Calculated from Shiller CAPE and 10Y Treasury
CAPE,1919-08-01,6.479131101705277,Robert Shiller/Yale monthly data
CAPE_YIELD_SPREAD,1919-08-01,10.660002,Calculated from Shiller CAPE and 10Y Treasury
CAPE,1919-09-01,6.558481672061262,Robert Shiller/Yale monthly data
CAPE_YIELD_SPREAD,1919-09-01,10.434098,Calculated from Shiller CAPE and 10Y Treasury
CAPE,1919-10-01,6.794704199949304,Robert Shiller/Yale monthly data
CAPE_YIELD_SPREAD,1919-10-01,9.864844,Calculated from Shiller CAPE and 10Y Treasury
CAPE,1919-11-01,6.467022574133134,Robert Shiller/Yale monthly data
CAPE_YIELD_SPREAD,1919-11-01,10.571400,Calculated from Shiller CAPE and 10Y Treasury
CAPE,1919-12-01,6.160717033799178,Robert Shiller/Yale monthly data
CAPE_YIELD_SPREAD,1919-12-01,11.301043,Calculated from Shiller CAPE and 10Y Treasury
CAPE,1920-01-01,5.98966777113944,Robert Shiller/Yale monthly data
CAPE_YIELD_SPREAD,1920-01-01,11.725417,Calculated from Shiller CAPE and 10Y Treasury
CAPE,1920-02-01,5.455347649907774,Robert Shiller/Yale monthly data
CAPE_YIELD_SPREAD,1920-02-01,13.350637,Calculated from Shiller CAPE and 10Y Treasury
CAPE,1920-03-01,5.798822727557161,Robert Shiller/Yale monthly data
CAPE_YIELD_SPREAD,1920-03-01,12.254880,Calculated from Shiller CAPE and 10Y Treasury
CAPE,1920-04-01,5.599858725506187,Robert Shiller/Yale monthly data
CAPE_YIELD_SPREAD,1920-04-01,12.857593,Calculated from Shiller CAPE and 10Y Treasury
CAPE,1920-05-01,5.188950462047496,Robert Shiller/Yale monthly data
CAPE_YIELD_SPREAD,1920-05-01,14.261720,Calculated from Shiller CAPE and 10Y Treasury
CAPE,1920-06-01,5.043639680451623,Robert Shiller/Yale monthly data
CAPE_YIELD_SPREAD,1920-06-01,14.806952,Calculated from Shiller CAPE and 10Y Treasury
CAPE,1920-07-01,5.0805929195407975,Robert Shiller/Yale monthly data
CAPE_YIELD_SPREAD,1920-07-01,14.652742,Calculated from Shiller CAPE and 10Y Treasury
CAPE,1920-08-01,5.020701077922858,Robert Shiller/Yale monthly data
CAPE_YIELD_SPREAD,1920-08-01,14.877537,Calculated from Shiller CAPE and 10Y Treasury
CAPE,1920-09-01,5.29716277010806,Robert Shiller/Yale monthly data
CAPE_YIELD_SPREAD,1920-09-01,13.828030,Calculated from Shiller CAPE and 10Y Treasury
CAPE,1920-10-01,5.351177393424158,Robert Shiller/Yale monthly data
CAPE_YIELD_SPREAD,1920-10-01,13.627476,Calculated from Shiller CAPE and 10Y Treasury
CAPE,1920-11-01,5.126407930947928,Robert Shiller/Yale monthly data
CAPE_YIELD_SPREAD,1920-11-01,14.436836,Calculated from Shiller CAPE and 10Y Treasury
CAPE,1920-12-01,4.784241045083251,Robert Shiller/Yale monthly data
CAPE_YIELD_SPREAD,1920-12-01,15.821957,Calculated from Shiller CAPE and 10Y Treasury
CAPE,1921-01-01,5.122184146887377,Robert Shiller/Yale monthly data
CAPE_YIELD_SPREAD,1921-01-01,14.432922,Calculated from Shiller CAPE and 10Y Treasury
CAPE,1921-02-01,5.274857191205049,Robert Shiller/Yale monthly data
CAPE_YIELD_SPREAD,1921-02-01,13.933693,Calculated from Shiller CAPE and 10Y Treasury
CAPE,1921-03-01,5.19234815868418,Robert Shiller/Yale monthly data
CAPE_YIELD_SPREAD,1921-03-01,14.300776,Calculated from Shiller CAPE and 10Y Treasury
CAPE,1921-04-01,5.297085922739678,Robert Shiller/Yale monthly data
CAPE_YIELD_SPREAD,1921-04-01,13.985804,Calculated from Shiller CAPE and 10Y Treasury
CAPE,1921-05-01,5.60946922533078,Robert Shiller/Yale monthly data
CAPE_YIELD_SPREAD,1921-05-01,13.000332,Calculated from Shiller CAPE and 10Y Treasury
CAPE,1921-06-01,5.216110960989323,Robert Shiller/Yale monthly data
CAPE_YIELD_SPREAD,1921-06-01,14.410538,Calculated from Shiller CAPE and 10Y Treasury
CAPE,1921-07-01,5.197779361905474,Robert Shiller/Yale monthly data
CAPE_YIELD_SPREAD,1921-07-01,14.543985,Calculated from Shiller CAPE and 10Y Treasury
CAPE,1921-08-01,5.1612948232157345,Robert Shiller/Yale monthly data
CAPE_YIELD_SPREAD,1921-08-01,14.745816,Calculated from Shiller CAPE and 10Y Treasury
CAPE,1921-09-01,5.377524425458262,Robert Shiller/Yale monthly data
CAPE_YIELD_SPREAD,1921-09-01,14.032584,Calculated from Shiller CAPE and 10Y Treasury
CAPE,1921-10-01,5.479257678053351,Robert Shiller/Yale monthly data
CAPE_YIELD_SPREAD,1921-10-01,13.753147,Calculated from Shiller CAPE and 10Y Treasury
CAPE,1921-11-01,5.838196993200896,Robert Shiller/Yale monthly data
CAPE_YIELD_SPREAD,1921-11-01,12.696909,Calculated from Shiller CAPE and 10Y Treasury
CAPE,1921-12-01,6.114158849417275,Robert Shiller/Yale monthly data
CAPE_YIELD_SPREAD,1921-12-01,11.989646,Calculated from Shiller CAPE and 10Y Treasury
CAPE,1922-01-01,6.287087290347133,Robert Shiller/Yale monthly data
CAPE_YIELD_SPREAD,1922-01-01,11.605617,Calculated from Shiller CAPE and 10Y Treasury
CAPE,1922-02-01,6.461305872696988,Robert Shiller/Yale monthly data
CAPE_YIELD_SPREAD,1922-02-01,11.171748,Calculated from Shiller CAPE and 10Y Treasury
CAPE,1922-03-01,6.8213872490360465,Robert Shiller/Yale monthly data
CAPE_YIELD_SPREAD,1922-03-01,10.349775,Calculated from Shiller CAPE and 10Y Treasury
CAPE,1922-04-01,7.273253390209868,Robert Shiller/Yale monthly data
CAPE_YIELD_SPREAD,1922-04-01,9.434005,Calculated from Shiller CAPE and 10Y Treasury
CAPE,1922-05-01,7.593467258919383,Robert Shiller/Yale monthly data
CAPE_YIELD_SPREAD,1922-05-01,8.849215,Calculated from Shiller CAPE and 10Y Treasury
CAPE,1922-06-01,7.557987351755133,Robert Shiller/Yale monthly data
CAPE_YIELD_SPREAD,1922-06-01,8.906036,Calculated from Shiller CAPE and 10Y Treasury
CAPE,1922-07-01,7.602095045774037,Robert Shiller/Yale monthly data
CAPE_YIELD_SPREAD,1922-07-01,8.824269,Calculated from Shiller CAPE and 10Y Treasury
CAPE,1922-08-01,8.02003068989578,Robert Shiller/Yale monthly data
CAPE_YIELD_SPREAD,1922-08-01,8.133780,Calculated from Shiller CAPE and 10Y Treasury
CAPE,1922-09-01,8.265083002284307,Robert Shiller/Yale monthly data
CAPE_YIELD_SPREAD,1922-09-01,7.759092,Calculated from Shiller CAPE and 10Y Treasury
CAPE,1922-10-01,8.432151998761903,Robert Shiller/Yale monthly data
CAPE_YIELD_SPREAD,1922-10-01,7.514369,Calculated from Shiller CAPE and 10Y Treasury
CAPE,1922-11-01,7.998253772269839,Robert Shiller/Yale monthly data
CAPE_YIELD_SPREAD,1922-11-01,8.152729,Calculated from Shiller CAPE and 10Y Treasury
CAPE,1922-12-01,7.964679864940005,Robert Shiller/Yale monthly data
CAPE_YIELD_SPREAD,1922-12-01,8.200432,Calculated from Shiller CAPE and 10Y Treasury
CAPE,1923-01-01,8.154200483069156,Robert Shiller/Yale monthly data
CAPE_YIELD_SPREAD,1923-01-01,7.903618,Calculated from Shiller CAPE and 10Y Treasury
CAPE,1923-02-01,8.533360579065969,Robert Shiller/Yale monthly data
CAPE_YIELD_SPREAD,1923-02-01,7.383713,Calculated from Shiller CAPE and 10Y Treasury
CAPE,1923-03-01,8.700737500978535,Robert Shiller/Yale monthly data
CAPE_YIELD_SPREAD,1923-03-01,7.183279,Calculated from Shiller CAPE and 10Y Treasury
CAPE,1923-04-01,8.372809668463818,Robert Shiller/Yale monthly data
CAPE_YIELD_SPREAD,1923-04-01,7.658422,Calculated from Shiller CAPE and 10Y Treasury
CAPE,1923-05-01,8.00049786759821,Robert Shiller/Yale monthly data
CAPE_YIELD_SPREAD,1923-05-01,8.239222,Calculated from Shiller CAPE and 10Y Treasury
CAPE,1923-06-01,7.67182528267308,Robert Shiller/Yale monthly data
CAPE_YIELD_SPREAD,1923-06-01,8.799708,Calculated from Shiller CAPE and 10Y Treasury
CAPE,1923-07-01,7.34598511949065,Robert Shiller/Yale monthly data
CAPE_YIELD_SPREAD,1923-07-01,9.402878,Calculated from Shiller CAPE and 10Y Treasury
CAPE,1923-08-01,7.44178317421737,Robert Shiller/Yale monthly data
CAPE_YIELD_SPREAD,1923-08-01,9.252640,Calculated from Shiller CAPE and 10Y Treasury
CAPE,1923-09-01,7.458183867189793,Robert Shiller/Yale monthly data
CAPE_YIELD_SPREAD,1923-09-01,9.248090,Calculated from Shiller CAPE and 10Y Treasury
CAPE,1923-10-01,7.31740039562148,Robert Shiller/Yale monthly data
CAPE_YIELD_SPREAD,1923-10-01,9.531056,Calculated from Shiller CAPE and 10Y Treasury
CAPE,1923-11-01,7.546327911916235,Robert Shiller/Yale monthly data
CAPE_YIELD_SPREAD,1923-11-01,9.141478,Calculated from Shiller CAPE and 10Y Treasury
CAPE,1923-12-01,7.809739144938745,Robert Shiller/Yale monthly data
CAPE_YIELD_SPREAD,1923-12-01,8.719525,Calculated from Shiller CAPE and 10Y Treasury
CAPE,1924-01-01,8.072249446037379,Robert Shiller/Yale monthly data
CAPE_YIELD_SPREAD,1924-01-01,8.328121,Calculated from Shiller CAPE and 10Y Treasury
CAPE,1924-02-01,8.162066220850356,Robert Shiller/Yale monthly data
CAPE_YIELD_SPREAD,1924-02-01,8.208466,Calculated from Shiller CAPE and 10Y Treasury
CAPE,1924-03-01,8.058077044116091,Robert Shiller/Yale monthly data
CAPE_YIELD_SPREAD,1924-03-01,8.383242,Calculated from Shiller CAPE and 10Y Treasury
CAPE,1924-04-01,7.9236203483279795,Robert Shiller/Yale monthly data
CAPE_YIELD_SPREAD,1924-04-01,8.610494,Calculated from Shiller CAPE and 10Y Treasury
CAPE,1924-05-01,7.899698330665291,Robert Shiller/Yale monthly data
CAPE_YIELD_SPREAD,1924-05-01,8.665378,Calculated from Shiller CAPE and 10Y Treasury
CAPE,1924-06-01,8.051676946396649,Robert Shiller/Yale monthly data
CAPE_YIELD_SPREAD,1924-06-01,8.443106,Calculated from Shiller CAPE and 10Y Treasury
CAPE,1924-07-01,8.37771213997183,Robert Shiller/Yale monthly data
CAPE_YIELD_SPREAD,1924-07-01,7.976433,Calculated from Shiller CAPE and 10Y Treasury
CAPE,1924-08-01,8.71741830854833,Robert Shiller/Yale monthly data
CAPE_YIELD_SPREAD,1924-08-01,7.527953,Calculated from Shiller CAPE and 10Y Treasury
CAPE,1924-09-01,8.58167037520905,Robert Shiller/Yale monthly data
CAPE_YIELD_SPREAD,1924-09-01,7.726076,Calculated from Shiller CAPE and 10Y Treasury
CAPE,1924-10-01,8.419491035872424,Robert Shiller/Yale monthly data
CAPE_YIELD_SPREAD,1924-10-01,7.967203,Calculated from Shiller CAPE and 10Y Treasury
CAPE,1924-11-01,8.888327361250969,Robert Shiller/Yale monthly data
CAPE_YIELD_SPREAD,1924-11-01,7.357377,Calculated from Shiller CAPE and 10Y Treasury
CAPE,1924-12-01,9.310639680416372,Robert Shiller/Yale monthly data
CAPE_YIELD_SPREAD,1924-12-01,6.863734,Calculated from Shiller CAPE and 10Y Treasury
CAPE,1925-01-01,9.692618852254993,Robert Shiller/Yale monthly data
CAPE_YIELD_SPREAD,1925-01-01,6.457129,Calculated from Shiller CAPE and 10Y Treasury
CAPE,1925-02-01,9.830804722819575,Robert Shiller/Yale monthly data
CAPE_YIELD_SPREAD,1925-02-01,6.327107,Calculated from Shiller CAPE and 10Y Treasury
CAPE,1925-03-01,9.518537538810032,Robert Shiller/Yale monthly data
CAPE_YIELD_SPREAD,1925-03-01,6.675816,Calculated from Shiller CAPE and 10Y Treasury
CAPE,1925-04-01,9.476566787903069,Robert Shiller/Yale monthly data
CAPE_YIELD_SPREAD,1925-04-01,6.737345,Calculated from Shiller CAPE and 10Y Treasury
CAPE,1925-05-01,9.72900769402133,Robert Shiller/Yale monthly data
CAPE_YIELD_SPREAD,1925-05-01,6.478541,Calculated from Shiller CAPE and 10Y Treasury
CAPE,1925-06-01,9.796386180450611,Robert Shiller/Yale monthly data
CAPE_YIELD_SPREAD,1925-06-01,6.422846,Calculated from Shiller CAPE and 10Y Treasury
CAPE,1925-07-01,9.9639938917878,Robert Shiller/Yale monthly data
CAPE_YIELD_SPREAD,1925-07-01,6.266136,Calculated from Shiller CAPE and 10Y Treasury
CAPE,1925-08-01,10.110918458488944,Robert Shiller/Yale monthly data
CAPE_YIELD_SPREAD,1925-08-01,6.135298,Calculated from Shiller CAPE and 10Y Treasury
CAPE,1925-09-01,10.359247611348502,Robert Shiller/Yale monthly data
CAPE_YIELD_SPREAD,1925-09-01,5.913211,Calculated from Shiller CAPE and 10Y Treasury
CAPE,1925-10-01,10.71849599702293,Robert Shiller/Yale monthly data
CAPE_YIELD_SPREAD,1925-10-01,5.604667,Calculated from Shiller CAPE and 10Y Treasury
CAPE,1925-11-01,10.886317440307938,Robert Shiller/Yale monthly data
CAPE_YIELD_SPREAD,1925-11-01,5.475843,Calculated from Shiller CAPE and 10Y Treasury
CAPE,1925-12-01,11.147365239137256,Robert Shiller/Yale monthly data
CAPE_YIELD_SPREAD,1925-12-01,5.275730,Calculated from Shiller CAPE and 10Y Treasury
CAPE,1926-01-01,11.34096618850624,Robert Shiller/Yale monthly data
CAPE_YIELD_SPREAD,1926-01-01,5.137591,Calculated from Shiller CAPE and 10Y Treasury
CAPE,1926-02-01,11.389435672748014,Robert Shiller/Yale monthly data
CAPE_YIELD_SPREAD,1926-02-01,5.128400,Calculated from Shiller CAPE and 10Y Treasury
CAPE,1926-03-01,10.712352062732487,Robert Shiller/Yale monthly data
CAPE_YIELD_SPREAD,1926-03-01,5.711685,Calculated from Shiller CAPE and 10Y Treasury
CAPE,1926-04-01,10.395587685954734,Robert Shiller/Yale monthly data
CAPE_YIELD_SPREAD,1926-04-01,6.024466,Calculated from Shiller CAPE and 10Y Treasury
CAPE,1926-05-01,10.5751584638061,Robert Shiller/Yale monthly data
CAPE_YIELD_SPREAD,1926-05-01,5.889456,Calculated from Shiller CAPE and 10Y Treasury
CAPE,1926-06-01,11.197979740229963,Robert Shiller/Yale monthly data
CAPE_YIELD_SPREAD,1926-06-01,5.391849,Calculated from Shiller CAPE and 10Y Treasury
CAPE,1926-07-01,11.86969405848128,Robert Shiller/Yale monthly data
CAPE_YIELD_SPREAD,1926-07-01,4.914817,Calculated from Shiller CAPE and 10Y Treasury
CAPE,1926-08-01,12.488808219521879,Robert Shiller/Yale monthly data
CAPE_YIELD_SPREAD,1926-08-01,4.525502,Calculated from Shiller CAPE and 10Y Treasury
CAPE,1926-09-01,12.692614823344721,Robert Shiller/Yale monthly data
CAPE_YIELD_SPREAD,1926-09-01,4.425264,Calculated from Shiller CAPE and 10Y Treasury
CAPE,1926-10-01,12.426517521583357,Robert Shiller/Yale monthly data
CAPE_YIELD_SPREAD,1926-10-01,4.622307,Calculated from Shiller CAPE and 10Y Treasury
CAPE,1926-11-01,12.615251212344486,Robert Shiller/Yale monthly data
CAPE_YIELD_SPREAD,1926-11-01,4.530246,Calculated from Shiller CAPE and 10Y Treasury
CAPE,1926-12-01,13.009052728993131,Robert Shiller/Yale monthly data
CAPE_YIELD_SPREAD,1926-12-01,4.318621,Calculated from Shiller CAPE and 10Y Treasury
CAPE,1927-01-01,13.185930628677795,Robert Shiller/Yale monthly data
CAPE_YIELD_SPREAD,1927-01-01,4.243841,Calculated from Shiller CAPE and 10Y Treasury
CAPE,1927-02-01,13.633966132216214,Robert Shiller/Yale monthly data
CAPE_YIELD_SPREAD,1927-02-01,3.995456,Calculated from Shiller CAPE and 10Y Treasury
CAPE,1927-03-01,14.033257507604494,Robert Shiller/Yale monthly data
CAPE_YIELD_SPREAD,1927-03-01,3.787596,Calculated from Shiller CAPE and 10Y Treasury
CAPE,1927-04-01,14.488222209157056,Robert Shiller/Yale monthly data
CAPE_YIELD_SPREAD,1927-04-01,3.564658,Calculated from Shiller CAPE and 10Y Treasury
CAPE,1927-05-01,15.002347055737117,Robert Shiller/Yale monthly data
CAPE_YIELD_SPREAD,1927-05-01,3.328957,Calculated from Shiller CAPE and 10Y Treasury
CAPE,1927-06-01,15.120333481747533,Robert Shiller/Yale monthly data
CAPE_YIELD_SPREAD,1927-06-01,3.277777,Calculated from Shiller CAPE and 10Y Treasury
CAPE,1927-07-01,15.820802594477753,Robert Shiller/Yale monthly data
CAPE_YIELD_SPREAD,1927-07-01,2.985792,Calculated from Shiller CAPE and 10Y Treasury
CAPE,1927-08-01,16.862861852763807,Robert Shiller/Yale monthly data
CAPE_YIELD_SPREAD,1927-08-01,2.596025,Calculated from Shiller CAPE and 10Y Treasury
CAPE,1927-09-01,17.818723713516423,Robert Shiller/Yale monthly data
CAPE_YIELD_SPREAD,1927-09-01,2.278741,Calculated from Shiller CAPE and 10Y Treasury
CAPE,1927-10-01,17.537237852261086,Robert Shiller/Yale monthly data
CAPE_YIELD_SPREAD,1927-10-01,2.369652,Calculated from Shiller CAPE and 10Y Treasury
CAPE,1927-11-01,18.131301434952427,Robert Shiller/Yale monthly data
CAPE_YIELD_SPREAD,1927-11-01,2.183657,Calculated from Shiller CAPE and 10Y Treasury
CAPE,1927-12-01,18.646624021402527,Robert Shiller/Yale monthly data
CAPE_YIELD_SPREAD,1927-12-01,2.032068,Calculated from Shiller CAPE and 10Y Treasury
CAPE,1928-01-01,18.806128571700768,Robert Shiller/Yale monthly data
CAPE_YIELD_SPREAD,1928-01-01,1.987416,Calculated from Shiller CAPE and 10Y Treasury
CAPE,1928-02-01,18.868850519584033,Robert Shiller/Yale monthly data
CAPE_YIELD_SPREAD,1928-02-01,1.947240,Calculated from Shiller CAPE and 10Y Treasury
CAPE,1928-03-01,19.94341779906454,Robert Shiller/Yale monthly data
CAPE_YIELD_SPREAD,1928-03-01,1.639186,Calculated from Shiller CAPE and 10Y Treasury
CAPE,1928-04-01,21.2579092494875,Robert Shiller/Yale monthly data
CAPE_YIELD_SPREAD,1928-04-01,1.306631,Calculated from Shiller CAPE and 10Y Treasury
CAPE,1928-05-01,21.832732178740024,Robert Shiller/Yale monthly data
CAPE_YIELD_SPREAD,1928-05-01,1.160279,Calculated from Shiller CAPE and 10Y Treasury
CAPE,1928-06-01,20.913421576866703,Robert Shiller/Yale monthly data
CAPE_YIELD_SPREAD,1928-06-01,1.339118,Calculated from Shiller CAPE and 10Y Treasury
CAPE,1928-07-01,21.081905435296793,Robert Shiller/Yale monthly data
CAPE_YIELD_SPREAD,1928-07-01,1.278404,Calculated from Shiller CAPE and 10Y Treasury
CAPE,1928-08-01,21.762131502579237,Robert Shiller/Yale monthly data
CAPE_YIELD_SPREAD,1928-08-01,1.107638,Calculated from Shiller CAPE and 10Y Treasury
CAPE,1928-09-01,23.004649446159238,Robert Shiller/Yale monthly data
CAPE_YIELD_SPREAD,1928-09-01,0.836947,Calculated from Shiller CAPE and 10Y Treasury
CAPE,1928-10-01,23.578344239585046,Robert Shiller/Yale monthly data
CAPE_YIELD_SPREAD,1928-10-01,0.708680,Calculated from Shiller CAPE and 10Y Treasury
CAPE,1928-11-01,25.121984571109603,Robert Shiller/Yale monthly data
CAPE_YIELD_SPREAD,1928-11-01,0.425577,Calculated from Shiller CAPE and 10Y Treasury
CAPE,1928-12-01,25.30159102742616,Robert Shiller/Yale monthly data
CAPE_YIELD_SPREAD,1928-12-01,0.374821,Calculated from Shiller CAPE and 10Y Treasury
CAPE,1929-01-01,27.083199620832772,Robert Shiller/Yale monthly data
CAPE_YIELD_SPREAD,1929-01-01,0.092326,Calculated from Shiller CAPE and 10Y Treasury
CAPE,1929-02-01,27.131672798247386,Robert Shiller/Yale monthly data
CAPE_YIELD_SPREAD,1929-02-01,0.111563,Calculated from Shiller CAPE and 10Y Treasury
CAPE,1929-03-01,27.67574843786188,Robert Shiller/Yale monthly data
CAPE_YIELD_SPREAD,1929-03-01,0.064938,Calculated from Shiller CAPE and 10Y Treasury
CAPE,1929-04-01,27.5684544728983,Robert Shiller/Yale monthly data
CAPE_YIELD_SPREAD,1929-04-01,0.104834,Calculated from Shiller CAPE and 10Y Treasury
CAPE,1929-05-01,27.69858687500813,Robert Shiller/Yale monthly data
CAPE_YIELD_SPREAD,1929-05-01,0.113626,Calculated from Shiller CAPE and 10Y Treasury
CAPE,1929-06-01,27.935467830288683,Robert Shiller/Yale monthly data
CAPE_YIELD_SPREAD,1929-06-01,0.108845,Calculated from Shiller CAPE and 10Y Treasury
CAPE,1929-07-01,29.93328940684221,Robert Shiller/Yale monthly data
CAPE_YIELD_SPREAD,1929-07-01,-0.104238,Calculated from Shiller CAPE and 10Y Treasury
CAPE,1929-08-01,31.48031324717301,Robert Shiller/Yale monthly data
CAPE_YIELD_SPREAD,1929-08-01,-0.242578,Calculated from Shiller CAPE and 10Y Treasury
CAPE,1929-09-01,32.5637885987767,Robert Shiller/Yale monthly data
CAPE_YIELD_SPREAD,1929-09-01,-0.322438,Calculated from Shiller CAPE and 10Y Treasury
CAPE,1929-10-01,28.96106716435479,Robert Shiller/Yale monthly data
CAPE_YIELD_SPREAD,1929-10-01,0.085411,Calculated from Shiller CAPE and 10Y Treasury
CAPE,1929-11-01,21.171036000097036,Robert Shiller/Yale monthly data
CAPE_YIELD_SPREAD,1929-11-01,1.381768,Calculated from Shiller CAPE and 10Y Treasury
CAPE,1929-12-01,22.00737317641833,Robert Shiller/Yale monthly data
CAPE_YIELD_SPREAD,1929-12-01,1.228098,Calculated from Shiller CAPE and 10Y Treasury
CAPE,1930-01-01,22.310724294336843,Robert Shiller/Yale monthly data
CAPE_YIELD_SPREAD,1930-01-01,1.192149,Calculated from Shiller CAPE and 10Y Treasury
CAPE,1930-02-01,23.697117749335874,Robert Shiller/Yale monthly data
CAPE_YIELD_SPREAD,1930-02-01,0.925756,Calculated from Shiller CAPE and 10Y Treasury
CAPE,1930-03-01,24.586607792668843,Robert Shiller/Yale monthly data
CAPE_YIELD_SPREAD,1930-03-01,0.768922,Calculated from Shiller CAPE and 10Y Treasury
CAPE,1930-04-01,25.843436862018304,Robert Shiller/Yale monthly data
CAPE_YIELD_SPREAD,1930-04-01,0.566954,Calculated from Shiller CAPE and 10Y Treasury
CAPE,1930-05-01,24.30976063390817,Robert Shiller/Yale monthly data
CAPE_YIELD_SPREAD,1930-05-01,0.806907,Calculated from Shiller CAPE and 10Y Treasury
CAPE,1930-06-01,21.866899333389476,Robert Shiller/Yale monthly data
CAPE_YIELD_SPREAD,1930-06-01,1.262289,Calculated from Shiller CAPE and 10Y Treasury
CAPE,1930-07-01,21.548797592546645,Robert Shiller/Yale monthly data
CAPE_YIELD_SPREAD,1930-07-01,1.325630,Calculated from Shiller CAPE and 10Y Treasury
CAPE,1930-08-01,21.30060224111815,Robert Shiller/Yale monthly data
CAPE_YIELD_SPREAD,1930-08-01,1.375536,Calculated from Shiller CAPE and 10Y Treasury
CAPE,1930-09-01,21.072581788447312,Robert Shiller/Yale monthly data
CAPE_YIELD_SPREAD,1930-09-01,1.422170,Calculated from Shiller CAPE and 10Y Treasury
CAPE,1930-10-01,18.214870154658627,Robert Shiller/Yale monthly data
CAPE_YIELD_SPREAD,1930-10-01,2.162520,Calculated from Shiller CAPE and 10Y Treasury
CAPE,1930-11-01,16.939711377775165,Robert Shiller/Yale monthly data
CAPE_YIELD_SPREAD,1930-11-01,2.571622,Calculated from Shiller CAPE and 10Y Treasury
CAPE,1930-12-01,16.055001856531323,Robert Shiller/Yale monthly data
CAPE_YIELD_SPREAD,1930-12-01,2.892755,Calculated from Shiller CAPE and 10Y Treasury
CAPE,1931-01-01,16.705478731547608,Robert Shiller/Yale monthly data
CAPE_YIELD_SPREAD,1931-01-01,2.646060,Calculated from Shiller CAPE and 10Y Treasury
CAPE,1931-02-01,18.16149243697609,Robert Shiller/Yale monthly data
CAPE_YIELD_SPREAD,1931-02-01,2.137822,Calculated from Shiller CAPE and 10Y Treasury
CAPE,1931-03-01,18.579561032791283,Robert Shiller/Yale monthly data
CAPE_YIELD_SPREAD,1931-03-01,1.985592,Calculated from Shiller CAPE and 10Y Treasury
CAPE,1931-04-01,16.872315331609666,Robert Shiller/Yale monthly data
CAPE_YIELD_SPREAD,1931-04-01,2.501869,Calculated from Shiller CAPE and 10Y Treasury
CAPE,1931-05-01,15.401539999110108,Robert Shiller/Yale monthly data
CAPE_YIELD_SPREAD,1931-05-01,3.039524,Calculated from Shiller CAPE and 10Y Treasury
CAPE,1931-06-01,15.062476074643246,Robert Shiller/Yale monthly data
CAPE_YIELD_SPREAD,1931-06-01,3.157348,Calculated from Shiller CAPE and 10Y Treasury
CAPE,1931-07-01,15.51675009551632,Robert Shiller/Yale monthly data
CAPE_YIELD_SPREAD,1931-07-01,2.934648,Calculated from Shiller CAPE and 10Y Treasury
CAPE,1931-08-01,15.006276602886546,Robert Shiller/Yale monthly data
CAPE_YIELD_SPREAD,1931-08-01,3.125545,Calculated from Shiller CAPE and 10Y Treasury
CAPE,1931-09-01,12.817745261106884,Robert Shiller/Yale monthly data
CAPE_YIELD_SPREAD,1931-09-01,4.235017,Calculated from Shiller CAPE and 10Y Treasury
CAPE,1931-10-01,11.145926407660932,Robert Shiller/Yale monthly data
CAPE_YIELD_SPREAD,1931-10-01,5.376888,Calculated from Shiller CAPE and 10Y Treasury
CAPE,1931-11-01,11.415600295644678,Robert Shiller/Yale monthly data
CAPE_YIELD_SPREAD,1931-11-01,5.136609,Calculated from Shiller CAPE and 10Y Treasury
CAPE,1931-12-01,9.306032867968318,Robert Shiller/Yale monthly data
CAPE_YIELD_SPREAD,1931-12-01,7.094051,Calculated from Shiller CAPE and 10Y Treasury
CAPE,1932-01-01,9.312406455177847,Robert Shiller/Yale monthly data
CAPE_YIELD_SPREAD,1932-01-01,7.058363,Calculated from Shiller CAPE and 10Y Treasury
CAPE,1932-02-01,9.336932251008404,Robert Shiller/Yale monthly data
CAPE_YIELD_SPREAD,1932-02-01,7.060989,Calculated from Shiller CAPE and 10Y Treasury
CAPE,1932-03-01,9.413065028012213,Robert Shiller/Yale monthly data
CAPE_YIELD_SPREAD,1932-03-01,7.005199,Calculated from Shiller CAPE and 10Y Treasury
CAPE,1932-04-01,7.192233196115487,Robert Shiller/Yale monthly data
CAPE_YIELD_SPREAD,1932-04-01,10.316387,Calculated from Shiller CAPE and 10Y Treasury
CAPE,1932-05-01,6.390857289881443,Robert Shiller/Yale monthly data
CAPE_YIELD_SPREAD,1932-05-01,12.090686,Calculated from Shiller CAPE and 10Y Treasury
CAPE,1932-06-01,5.565059371528964,Robert Shiller/Yale monthly data
CAPE_YIELD_SPREAD,1932-06-01,14.443427,Calculated from Shiller CAPE and 10Y Treasury
CAPE,1932-07-01,5.8387636718512,Robert Shiller/Yale monthly data
CAPE_YIELD_SPREAD,1932-07-01,13.631913,Calculated from Shiller CAPE and 10Y Treasury
CAPE,1932-08-01,8.834653205181212,Robert Shiller/Yale monthly data
CAPE_YIELD_SPREAD,1932-08-01,7.854897,Calculated from Shiller CAPE and 10Y Treasury
CAPE,1932-09-01,9.76116856406371,Robert Shiller/Yale monthly data
CAPE_YIELD_SPREAD,1932-09-01,6.811342,Calculated from Shiller CAPE and 10Y Treasury
CAPE,1932-10-01,8.478606607689082,Robert Shiller/Yale monthly data
CAPE_YIELD_SPREAD,1932-10-01,8.391891,Calculated from Shiller CAPE and 10Y Treasury
CAPE,1932-11-01,8.463309567122899,Robert Shiller/Yale monthly data
CAPE_YIELD_SPREAD,1932-11-01,8.444042,Calculated from Shiller CAPE and 10Y Treasury
CAPE,1932-12-01,8.257073999100681,Robert Shiller/Yale monthly data
CAPE_YIELD_SPREAD,1932-12-01,8.769994,Calculated from Shiller CAPE and 10Y Treasury
CAPE,1933-01-01,8.728046162813529,Robert Shiller/Yale monthly data
CAPE_YIELD_SPREAD,1933-01-01,8.147318,Calculated from Shiller CAPE and 10Y Treasury
CAPE,1933-02-01,7.826051751316596,Robert Shiller/Yale monthly data
CAPE_YIELD_SPREAD,1933-02-01,9.483669,Calculated from Shiller CAPE and 10Y Treasury
CAPE,1933-03-01,7.874681322943168,Robert Shiller/Yale monthly data
CAPE_YIELD_SPREAD,1933-03-01,9.420593,Calculated from Shiller CAPE and 10Y Treasury
CAPE,1933-04-01,8.72310164606811,Robert Shiller/Yale monthly data
CAPE_YIELD_SPREAD,1933-04-01,8.201312,Calculated from Shiller CAPE and 10Y Treasury
CAPE,1933-05-01,11.249651251932447,Robert Shiller/Yale monthly data
CAPE_YIELD_SPREAD,1933-05-01,5.642498,Calculated from Shiller CAPE and 10Y Treasury
CAPE,1933-06-01,13.098875517269517,Robert Shiller/Yale monthly data
CAPE_YIELD_SPREAD,1933-06-01,4.403410,Calculated from Shiller CAPE and 10Y Treasury
CAPE,1933-07-01,13.754304493874534,Robert Shiller/Yale monthly data
CAPE_YIELD_SPREAD,1933-07-01,4.055451,Calculated from Shiller CAPE and 10Y Treasury
CAPE,1933-08-01,12.999527050367739,Robert Shiller/Yale monthly data
CAPE_YIELD_SPREAD,1933-08-01,4.493421,Calculated from Shiller CAPE and 10Y Treasury
CAPE,1933-09-01,12.922920614885992,Robert Shiller/Yale monthly data
CAPE_YIELD_SPREAD,1933-09-01,4.554856,Calculated from Shiller CAPE and 10Y Treasury
CAPE,1933-10-01,11.69625356814369,Robert Shiller/Yale monthly data
CAPE_YIELD_SPREAD,1933-10-01,5.382246,Calculated from Shiller CAPE and 10Y Treasury
CAPE,1933-11-01,12.011766193389933,Robert Shiller/Yale monthly data
CAPE_YIELD_SPREAD,1933-11-01,5.173504,Calculated from Shiller CAPE and 10Y Treasury
CAPE,1933-12-01,12.281801622601108,Robert Shiller/Yale monthly data
CAPE_YIELD_SPREAD,1933-12-01,5.006295,Calculated from Shiller CAPE and 10Y Treasury
CAPE,1934-01-01,13.025119828332373,Robert Shiller/Yale monthly data
CAPE_YIELD_SPREAD,1934-01-01,4.557473,Calculated from Shiller CAPE and 10Y Treasury
CAPE,1934-02-01,13.92692290427429,Robert Shiller/Yale monthly data
CAPE_YIELD_SPREAD,1934-02-01,4.087837,Calculated from Shiller CAPE and 10Y Treasury
CAPE,1934-03-01,13.254537629740078,Robert Shiller/Yale monthly data
CAPE_YIELD_SPREAD,1934-03-01,4.479586,Calculated from Shiller CAPE and 10Y Treasury
CAPE,1934-04-01,13.518389284490086,Robert Shiller/Yale monthly data
CAPE_YIELD_SPREAD,1934-04-01,4.359831,Calculated from Shiller CAPE and 10Y Treasury
CAPE,1934-05-01,12.181583235024013,Robert Shiller/Yale monthly data
CAPE_YIELD_SPREAD,1934-05-01,5.199114,Calculated from Shiller CAPE and 10Y Treasury
CAPE,1934-06-01,12.287726483952417,Robert Shiller/Yale monthly data
CAPE_YIELD_SPREAD,1934-06-01,5.155702,Calculated from Shiller CAPE and 10Y Treasury
CAPE,1934-07-01,11.741524229318237,Robert Shiller/Yale monthly data
CAPE_YIELD_SPREAD,1934-07-01,5.561782,Calculated from Shiller CAPE and 10Y Treasury
CAPE,1934-08-01,11.315025981829045,Robert Shiller/Yale monthly data
CAPE_YIELD_SPREAD,1934-08-01,5.910306,Calculated from Shiller CAPE and 10Y Treasury
CAPE,1934-09-01,10.909954083288842,Robert Shiller/Yale monthly data
CAPE_YIELD_SPREAD,1934-09-01,6.265941,Calculated from Shiller CAPE and 10Y Treasury
CAPE,1934-10-01,11.108352605351719,Robert Shiller/Yale monthly data
CAPE_YIELD_SPREAD,1934-10-01,6.129735,Calculated from Shiller CAPE and 10Y Treasury
CAPE,1934-11-01,11.448808690205695,Robert Shiller/Yale monthly data
CAPE_YIELD_SPREAD,1934-11-01,5.889533,Calculated from Shiller CAPE and 10Y Treasury
CAPE,1934-12-01,11.639337566475875,Robert Shiller/Yale monthly data
CAPE_YIELD_SPREAD,1934-12-01,5.774054,Calculated from Shiller CAPE and 10Y Treasury
CAPE,1935-01-01,11.495907968201589,Robert Shiller/Yale monthly data
CAPE_YIELD_SPREAD,1935-01-01,5.908747,Calculated from Shiller CAPE and 10Y Treasury
CAPE,1935-02-01,11.087812159055558,Robert Shiller/Yale monthly data
CAPE_YIELD_SPREAD,1935-02-01,6.240578,Calculated from Shiller CAPE and 10Y Treasury
CAPE,1935-03-01,10.398272404790022,Robert Shiller/Yale monthly data
CAPE_YIELD_SPREAD,1935-03-01,6.850315,Calculated from Shiller CAPE and 10Y Treasury
CAPE,1935-04-01,11.10421020714951,Robert Shiller/Yale monthly data
CAPE_YIELD_SPREAD,1935-04-01,6.250593,Calculated from Shiller CAPE and 10Y Treasury
CAPE,1935-05-01,11.985576683480087,Robert Shiller/Yale monthly data
CAPE_YIELD_SPREAD,1935-05-01,5.600028,Calculated from Shiller CAPE and 10Y Treasury
CAPE,1935-06-01,12.53951932444388,Robert Shiller/Yale monthly data
CAPE_YIELD_SPREAD,1935-06-01,5.243121,Calculated from Shiller CAPE and 10Y Treasury
CAPE,1935-07-01,13.202137936511004,Robert Shiller/Yale monthly data
CAPE_YIELD_SPREAD,1935-07-01,4.854531,Calculated from Shiller CAPE and 10Y Treasury
CAPE,1935-08-01,14.105056846668942,Robert Shiller/Yale monthly data
CAPE_YIELD_SPREAD,1935-08-01,4.381323,Calculated from Shiller CAPE and 10Y Treasury
CAPE,1935-09-01,14.418891702707421,Robert Shiller/Yale monthly data
CAPE_YIELD_SPREAD,1935-09-01,4.238679,Calculated from Shiller CAPE and 10Y Treasury
CAPE,1935-10-01,14.826232627114083,Robert Shiller/Yale monthly data
CAPE_YIELD_SPREAD,1935-10-01,4.059802,Calculated from Shiller CAPE and 10Y Treasury
CAPE,1935-11-01,16.129605163251135,Robert Shiller/Yale monthly data
CAPE_YIELD_SPREAD,1935-11-01,3.526446,Calculated from Shiller CAPE and 10Y Treasury
CAPE,1935-12-01,16.159192714615326,Robert Shiller/Yale monthly data
CAPE_YIELD_SPREAD,1935-12-01,3.526761,Calculated from Shiller CAPE and 10Y Treasury
CAPE,1936-01-01,17.087359845997238,Robert Shiller/Yale monthly data
CAPE_YIELD_SPREAD,1936-01-01,3.202279,Calculated from Shiller CAPE and 10Y Treasury
CAPE,1936-02-01,18.104536459517785,Robert Shiller/Yale monthly data
CAPE_YIELD_SPREAD,1936-02-01,2.870978,Calculated from Shiller CAPE and 10Y Treasury
CAPE,1936-03-01,18.660478203926015,Robert Shiller/Yale monthly data
CAPE_YIELD_SPREAD,1936-03-01,2.703919,Calculated from Shiller CAPE and 10Y Treasury
CAPE,1936-04-01,18.718999665151497,Robert Shiller/Yale monthly data
CAPE_YIELD_SPREAD,1936-04-01,2.684666,Calculated from Shiller CAPE and 10Y Treasury
CAPE,1936-05-01,17.75019251932864,Robert Shiller/Yale monthly data
CAPE_YIELD_SPREAD,1936-05-01,2.973742,Calculated from Shiller CAPE and 10Y Treasury
CAPE,1936-06-01,18.393001065831335,Robert Shiller/Yale monthly data
CAPE_YIELD_SPREAD,1936-06-01,2.774351,Calculated from Shiller CAPE and 10Y Treasury
CAPE,1936-07-01,19.36046451231913,Robert Shiller/Yale monthly data
CAPE_YIELD_SPREAD,1936-07-01,2.500165,Calculated from Shiller CAPE and 10Y Treasury
CAPE,1936-08-01,19.623060162983748,Robert Shiller/Yale monthly data
CAPE_YIELD_SPREAD,1936-08-01,2.428545,Calculated from Shiller CAPE and 10Y Treasury
CAPE,1936-09-01,19.862024243287628,Robert Shiller/Yale monthly data
CAPE_YIELD_SPREAD,1936-09-01,2.364734,Calculated from Shiller CAPE and 10Y Treasury
CAPE,1936-10-01,20.913091852533118,Robert Shiller/Yale monthly data
CAPE_YIELD_SPREAD,1936-10-01,2.109194,Calculated from Shiller CAPE and 10Y Treasury
CAPE,1936-11-01,21.499765341024155,Robert Shiller/Yale monthly data
CAPE_YIELD_SPREAD,1936-11-01,1.976214,Calculated from Shiller CAPE and 10Y Treasury
CAPE,1936-12-01,21.125663548155444,Robert Shiller/Yale monthly data
CAPE_YIELD_SPREAD,1936-12-01,2.056079,Calculated from Shiller CAPE and 10Y Treasury
CAPE,1937-01-01,21.618741582953508,Robert Shiller/Yale monthly data
CAPE_YIELD_SPREAD,1937-01-01,1.945616,Calculated from Shiller CAPE and 10Y Treasury
CAPE,1937-02-01,22.244221552805158,Robert Shiller/Yale monthly data
CAPE_YIELD_SPREAD,1937-02-01,1.825550,Calculated from Shiller CAPE and 10Y Treasury
CAPE,1937-03-01,22.042197016050572,Robert Shiller/Yale monthly data
CAPE_YIELD_SPREAD,1937-03-01,1.876753,Calculated from Shiller CAPE and 10Y Treasury
CAPE,1937-04-01,20.556579457432854,Robert Shiller/Yale monthly data
CAPE_YIELD_SPREAD,1937-04-01,2.214623,Calculated from Shiller CAPE and 10Y Treasury
CAPE,1937-05-01,19.4741746865721,Robert Shiller/Yale monthly data
CAPE_YIELD_SPREAD,1937-05-01,2.495006,Calculated from Shiller CAPE and 10Y Treasury
CAPE,1937-06-01,18.71165996036496,Robert Shiller/Yale monthly data
CAPE_YIELD_SPREAD,1937-06-01,2.714261,Calculated from Shiller CAPE and 10Y Treasury
CAPE,1937-07-01,19.64672327960762,Robert Shiller/Yale monthly data
CAPE_YIELD_SPREAD,1937-07-01,2.469907,Calculated from Shiller CAPE and 10Y Treasury
CAPE,1937-08-01,19.806982577380957,Robert Shiller/Yale monthly data
CAPE_YIELD_SPREAD,1937-08-01,2.438725,Calculated from Shiller CAPE and 10Y Treasury
CAPE,1937-09-01,16.84788286270581,Robert Shiller/Yale monthly data
CAPE_YIELD_SPREAD,1937-09-01,3.335464,Calculated from Shiller CAPE and 10Y Treasury
CAPE,1937-10-01,14.361659574753356,Robert Shiller/Yale monthly data
CAPE_YIELD_SPREAD,1937-10-01,4.372984,Calculated from Shiller CAPE and 10Y Treasury
CAPE,1937-11-01,13.158119166486067,Robert Shiller/Yale monthly data
CAPE_YIELD_SPREAD,1937-11-01,5.019870,Calculated from Shiller CAPE and 10Y Treasury
CAPE,1937-12-01,13.008483033706138,Robert Shiller/Yale monthly data
CAPE_YIELD_SPREAD,1937-12-01,5.117291,Calculated from Shiller CAPE and 10Y Treasury
CAPE,1938-01-01,13.511461918562418,Robert Shiller/Yale monthly data
CAPE_YIELD_SPREAD,1938-01-01,4.841124,Calculated from Shiller CAPE and 10Y Treasury
CAPE,1938-02-01,13.263076236460869,Robert Shiller/Yale monthly data
CAPE_YIELD_SPREAD,1938-02-01,4.996396,Calculated from Shiller CAPE and 10Y Treasury
CAPE,1938-03-01,12.377286234697689,Robert Shiller/Yale monthly data
CAPE_YIELD_SPREAD,1938-03-01,5.552649,Calculated from Shiller CAPE and 10Y Treasury
CAPE,1938-04-01,11.789517720684186,Robert Shiller/Yale monthly data
CAPE_YIELD_SPREAD,1938-04-01,5.972111,Calculated from Shiller CAPE and 10Y Treasury
CAPE,1938-05-01,11.992275930545697,Robert Shiller/Yale monthly data
CAPE_YIELD_SPREAD,1938-05-01,5.845367,Calculated from Shiller CAPE and 10Y Treasury
CAPE,1938-06-01,12.288966307788133,Robert Shiller/Yale monthly data
CAPE_YIELD_SPREAD,1938-06-01,5.660714,Calculated from Shiller CAPE and 10Y Treasury
CAPE,1938-07-01,14.77032801749207,Robert Shiller/Yale monthly data
CAPE_YIELD_SPREAD,1938-07-01,4.310330,Calculated from Shiller CAPE and 10Y Treasury
CAPE,1938-08-01,14.903588512604367,Robert Shiller/Yale monthly data
CAPE_YIELD_SPREAD,1938-08-01,4.266460,Calculated from Shiller CAPE and 10Y Treasury
CAPE,1938-09-01,14.282330508639971,Robert Shiller/Yale monthly data
CAPE_YIELD_SPREAD,1938-09-01,4.574992,Calculated from Shiller CAPE and 10Y Treasury
CAPE,1938-10-01,16.06114764333344,Robert Shiller/Yale monthly data
CAPE_YIELD_SPREAD,1938-10-01,3.816205,Calculated from Shiller CAPE and 10Y Treasury
CAPE,1938-11-01,16.14957180071551,Robert Shiller/Yale monthly data
CAPE_YIELD_SPREAD,1938-11-01,3.798781,Calculated from Shiller CAPE and 10Y Treasury
CAPE,1938-12-01,15.756484438994004,Robert Shiller/Yale monthly data
CAPE_YIELD_SPREAD,1938-12-01,3.969927,Calculated from Shiller CAPE and 10Y Treasury
CAPE,1939-01-01,15.599634410919284,Robert Shiller/Yale monthly data
CAPE_YIELD_SPREAD,1939-01-01,4.050407,Calculated from Shiller CAPE and 10Y Treasury
CAPE,1939-02-01,15.66469692895477,Robert Shiller/Yale monthly data
CAPE_YIELD_SPREAD,1939-02-01,4.036281,Calculated from Shiller CAPE and 10Y Treasury
CAPE,1939-03-01,15.729223743214224,Robert Shiller/Yale monthly data
CAPE_YIELD_SPREAD,1939-03-01,4.022593,Calculated from Shiller CAPE and 10Y Treasury
CAPE,1939-04-01,13.916994579812403,Robert Shiller/Yale monthly data
CAPE_YIELD_SPREAD,1939-04-01,4.862959,Calculated from Shiller CAPE and 10Y Treasury
CAPE,1939-05-01,14.502929499657778,Robert Shiller/Yale monthly data
CAPE_YIELD_SPREAD,1939-05-01,4.585159,Calculated from Shiller CAPE and 10Y Treasury
CAPE,1939-06-01,14.833828921489793,Robert Shiller/Yale monthly data
CAPE_YIELD_SPREAD,1939-06-01,4.443848,Calculated from Shiller CAPE and 10Y Treasury
CAPE,1939-07-01,15.270952598570265,Robert Shiller/Yale monthly data
CAPE_YIELD_SPREAD,1939-07-01,4.263380,Calculated from Shiller CAPE and 10Y Treasury
CAPE,1939-08-01,15.120082343333994,Robert Shiller/Yale monthly data
CAPE_YIELD_SPREAD,1939-08-01,4.341221,Calculated from Shiller CAPE and 10Y Treasury
CAPE,1939-09-01,16.452835577060974,Robert Shiller/Yale monthly data
CAPE_YIELD_SPREAD,1939-09-01,3.817980,Calculated from Shiller CAPE and 10Y Treasury
CAPE,1939-10-01,16.82120480626565,Robert Shiller/Yale monthly data
CAPE_YIELD_SPREAD,1939-10-01,3.697377,Calculated from Shiller CAPE and 10Y Treasury
CAPE,1939-11-01,16.599238509946655,Robert Shiller/Yale monthly data
CAPE_YIELD_SPREAD,1939-11-01,3.789373,Calculated from Shiller CAPE and 10Y Treasury
CAPE,1939-12-01,16.280412901283846,Robert Shiller/Yale monthly data
CAPE_YIELD_SPREAD,1939-12-01,3.919850,Calculated from Shiller CAPE and 10Y Treasury
CAPE,1940-01-01,16.378480342613678,Robert Shiller/Yale monthly data
CAPE_YIELD_SPREAD,1940-01-01,3.895573,Calculated from Shiller CAPE and 10Y Treasury
CAPE,1940-02-01,16.216119847731058,Robert Shiller/Yale monthly data
CAPE_YIELD_SPREAD,1940-02-01,3.978370,Calculated from Shiller CAPE and 10Y Treasury
CAPE,1940-03-01,16.172906305307897,Robert Shiller/Yale monthly data
CAPE_YIELD_SPREAD,1940-03-01,4.016514,Calculated from Shiller CAPE and 10Y Treasury
CAPE,1940-04-01,16.370988707128788,Robert Shiller/Yale monthly data
CAPE_YIELD_SPREAD,1940-04-01,3.963367,Calculated from Shiller CAPE and 10Y Treasury
CAPE,1940-05-01,14.138747694800735,Robert Shiller/Yale monthly data
CAPE_YIELD_SPREAD,1940-05-01,4.949429,Calculated from Shiller CAPE and 10Y Treasury
CAPE,1940-06-01,12.843765598268812,Robert Shiller/Yale monthly data
CAPE_YIELD_SPREAD,1940-06-01,5.684212,Calculated from Shiller CAPE and 10Y Treasury
CAPE,1940-07-01,13.369884763210061,Robert Shiller/Yale monthly data
CAPE_YIELD_SPREAD,1940-07-01,5.399496,Calculated from Shiller CAPE and 10Y Treasury
CAPE,1940-08-01,13.649399392391638,Robert Shiller/Yale monthly data
CAPE_YIELD_SPREAD,1940-08-01,5.267996,Calculated from Shiller CAPE and 10Y Treasury
CAPE,1940-09-01,14.21484259862064,Robert Shiller/Yale monthly data
CAPE_YIELD_SPREAD,1940-09-01,4.998234,Calculated from Shiller CAPE and 10Y Treasury
CAPE,1940-10-01,14.32829032310496,Robert Shiller/Yale monthly data
CAPE_YIELD_SPREAD,1940-10-01,4.964200,Calculated from Shiller CAPE and 10Y Treasury
CAPE,1940-11-01,14.636689248763611,Robert Shiller/Yale monthly data
CAPE_YIELD_SPREAD,1940-11-01,4.838813,Calculated from Shiller CAPE and 10Y Treasury
CAPE,1940-12-01,13.908426122353843,Robert Shiller/Yale monthly data
CAPE_YIELD_SPREAD,1940-12-01,5.218219,Calculated from Shiller CAPE and 10Y Treasury
CAPE,1941-01-01,13.90415826795083,Robert Shiller/Yale monthly data
CAPE_YIELD_SPREAD,1941-01-01,5.242093,Calculated from Shiller CAPE and 10Y Treasury
CAPE,1941-02-01,13.002943303402452,Robert Shiller/Yale monthly data
CAPE_YIELD_SPREAD,1941-02-01,5.698066,Calculated from Shiller CAPE and 10Y Treasury
CAPE,1941-03-01,12.95571982206333,Robert Shiller/Yale monthly data
CAPE_YIELD_SPREAD,1941-03-01,5.683599,Calculated from Shiller CAPE and 10Y Treasury
CAPE,1941-04-01,12.429370389220786,Robert Shiller/Yale monthly data
CAPE_YIELD_SPREAD,1941-04-01,5.967960,Calculated from Shiller CAPE and 10Y Treasury
CAPE,1941-05-01,12.037206512481577,Robert Shiller/Yale monthly data
CAPE_YIELD_SPREAD,1941-05-01,6.187575,Calculated from Shiller CAPE and 10Y Treasury
CAPE,1941-06-01,12.16430659062844,Robert Shiller/Yale monthly data
CAPE_YIELD_SPREAD,1941-06-01,6.058273,Calculated from Shiller CAPE and 10Y Treasury
CAPE,1941-07-01,12.744996277919578,Robert Shiller/Yale monthly data
CAPE_YIELD_SPREAD,1941-07-01,5.641216,Calculated from Shiller CAPE and 10Y Treasury
CAPE,1941-08-01,12.463173720387806,Robert Shiller/Yale monthly data
CAPE_YIELD_SPREAD,1941-08-01,5.776138,Calculated from Shiller CAPE and 10Y Treasury
CAPE,1941-09-01,12.279729272093077,Robert Shiller/Yale monthly data
CAPE_YIELD_SPREAD,1941-09-01,5.853502,Calculated from Shiller CAPE and 10Y Treasury
CAPE,1941-10-01,11.577814956574077,Robert Shiller/Yale monthly data
CAPE_YIELD_SPREAD,1941-10-01,6.304708,Calculated from Shiller CAPE and 10Y Treasury
CAPE,1941-11-01,10.911668685916966,Robert Shiller/Yale monthly data
CAPE_YIELD_SPREAD,1941-11-01,6.789501,Calculated from Shiller CAPE and 10Y Treasury
CAPE,1941-12-01,10.086593309917907,Robert Shiller/Yale monthly data
CAPE_YIELD_SPREAD,1941-12-01,7.496650,Calculated from Shiller CAPE and 10Y Treasury
CAPE,1942-01-01,10.101686431929252,Robert Shiller/Yale monthly data
CAPE_YIELD_SPREAD,1942-01-01,7.439337,Calculated from Shiller CAPE and 10Y Treasury
CAPE,1942-02-01,9.680255591749367,Robert Shiller/Yale monthly data
CAPE_YIELD_SPREAD,1942-02-01,7.869472,Calculated from Shiller CAPE and 10Y Treasury
CAPE,1942-03-01,9.003426617760974,Robert Shiller/Yale monthly data
CAPE_YIELD_SPREAD,1942-03-01,8.645216,Calculated from Shiller CAPE and 10Y Treasury
CAPE,1942-04-01,8.544255707588265,Robert Shiller/Yale monthly data
CAPE_YIELD_SPREAD,1942-04-01,9.241270,Calculated from Shiller CAPE and 10Y Treasury
CAPE,1942-05-01,8.506116259696055,Robert Shiller/Yale monthly data
CAPE_YIELD_SPREAD,1942-05-01,9.292913,Calculated from Shiller CAPE and 10Y Treasury
CAPE,1942-06-01,8.905456928518058,Robert Shiller/Yale monthly data
CAPE_YIELD_SPREAD,1942-06-01,8.764903,Calculated from Shiller CAPE and 10Y Treasury
CAPE,1942-07-01,9.150488900994747,Robert Shiller/Yale monthly data
CAPE_YIELD_SPREAD,1942-07-01,8.463378,Calculated from Shiller CAPE and 10Y Treasury
CAPE,1942-08-01,9.0128230475643,Robert Shiller/Yale monthly data
CAPE_YIELD_SPREAD,1942-08-01,8.629469,Calculated from Shiller CAPE and 10Y Treasury
CAPE,1942-09-01,9.077829839371509,Robert Shiller/Yale monthly data
CAPE_YIELD_SPREAD,1942-09-01,8.549182,Calculated from Shiller CAPE and 10Y Treasury
CAPE,1942-10-01,9.599176749352992,Robert Shiller/Yale monthly data
CAPE_YIELD_SPREAD,1942-10-01,7.950060,Calculated from Shiller CAPE and 10Y Treasury
CAPE,1942-11-01,9.66133415217166,Robert Shiller/Yale monthly data
CAPE_YIELD_SPREAD,1942-11-01,7.882204,Calculated from Shiller CAPE and 10Y Treasury
CAPE,1942-12-01,9.61751410328318,Robert Shiller/Yale monthly data
CAPE_YIELD_SPREAD,1942-12-01,7.928531,Calculated from Shiller CAPE and 10Y Treasury
CAPE,1943-01-01,10.150534220432085,Robert Shiller/Yale monthly data
CAPE_YIELD_SPREAD,1943-01-01,7.381698,Calculated from Shiller CAPE and 10Y Treasury
CAPE,1943-02-01,10.70898299522127,Robert Shiller/Yale monthly data
CAPE_YIELD_SPREAD,1943-02-01,6.867122,Calculated from Shiller CAPE and 10Y Treasury
CAPE,1943-03-01,10.850541744036803,Robert Shiller/Yale monthly data
CAPE_YIELD_SPREAD,1943-03-01,6.744463,Calculated from Shiller CAPE and 10Y Treasury
CAPE,1943-04-01,11.03922714293969,Robert Shiller/Yale monthly data
CAPE_YIELD_SPREAD,1943-04-01,6.586105,Calculated from Shiller CAPE and 10Y Treasury
CAPE,1943-05-01,11.362215800613692,Robert Shiller/Yale monthly data
CAPE_YIELD_SPREAD,1943-05-01,6.327767,Calculated from Shiller CAPE and 10Y Treasury
CAPE,1943-06-01,11.516744786451229,Robert Shiller/Yale monthly data
CAPE_YIELD_SPREAD,1943-06-01,6.208842,Calculated from Shiller CAPE and 10Y Treasury
CAPE,1943-07-01,11.774213341781653,Robert Shiller/Yale monthly data
CAPE_YIELD_SPREAD,1943-07-01,6.018136,Calculated from Shiller CAPE and 10Y Treasury
CAPE,1943-08-01,11.210545904158964,Robert Shiller/Yale monthly data
CAPE_YIELD_SPREAD,1943-08-01,6.444339,Calculated from Shiller CAPE and 10Y Treasury
CAPE,1943-09-01,11.336281939610284,Robert Shiller/Yale monthly data
CAPE_YIELD_SPREAD,1943-09-01,6.344568,Calculated from Shiller CAPE and 10Y Treasury
CAPE,1943-10-01,11.18733550332603,Robert Shiller/Yale monthly data
CAPE_YIELD_SPREAD,1943-10-01,6.461179,Calculated from Shiller CAPE and 10Y Treasury
CAPE,1943-11-01,10.631033673001419,Robert Shiller/Yale monthly data
CAPE_YIELD_SPREAD,1943-11-01,6.928090,Calculated from Shiller CAPE and 10Y Treasury
CAPE,1943-12-01,10.73736031604107,Robert Shiller/Yale monthly data
CAPE_YIELD_SPREAD,1943-12-01,6.834109,Calculated from Shiller CAPE and 10Y Treasury
CAPE,1944-01-01,11.05241276397747,Robert Shiller/Yale monthly data
CAPE_YIELD_SPREAD,1944-01-01,6.567798,Calculated from Shiller CAPE and 10Y Treasury
CAPE,1944-02-01,10.947918887724722,Robert Shiller/Yale monthly data
CAPE_YIELD_SPREAD,1944-02-01,6.663323,Calculated from Shiller CAPE and 10Y Treasury
CAPE,1944-03-01,11.224693196180683,Robert Shiller/Yale monthly data
CAPE_YIELD_SPREAD,1944-03-01,6.447263,Calculated from Shiller CAPE and 10Y Treasury
CAPE,1944-04-01,10.938275188239396,Robert Shiller/Yale monthly data
CAPE_YIELD_SPREAD,1944-04-01,6.689709,Calculated from Shiller CAPE and 10Y Treasury
CAPE,1944-05-01,11.103736936792622,Robert Shiller/Yale monthly data
CAPE_YIELD_SPREAD,1944-05-01,6.562644,Calculated from Shiller CAPE and 10Y Treasury
CAPE,1944-06-01,11.532785272532509,Robert Shiller/Yale monthly data
CAPE_YIELD_SPREAD,1944-06-01,6.236766,Calculated from Shiller CAPE and 10Y Treasury
CAPE,1944-07-01,11.738774750180715,Robert Shiller/Yale monthly data
CAPE_YIELD_SPREAD,1944-07-01,6.093777,Calculated from Shiller CAPE and 10Y Treasury
CAPE,1944-08-01,11.541711674209223,Robert Shiller/Yale monthly data
CAPE_YIELD_SPREAD,1944-08-01,6.248393,Calculated from Shiller CAPE and 10Y Treasury
CAPE,1944-09-01,11.32856058469647,Robert Shiller/Yale monthly data
CAPE_YIELD_SPREAD,1944-09-01,6.420580,Calculated from Shiller CAPE and 10Y Treasury
CAPE,1944-10-01,11.583105186279125,Robert Shiller/Yale monthly data
CAPE_YIELD_SPREAD,1944-10-01,6.235764,Calculated from Shiller CAPE and 10Y Treasury
CAPE,1944-11-01,11.478459198055479,Robert Shiller/Yale monthly data
CAPE_YIELD_SPREAD,1944-11-01,6.323637,Calculated from Shiller CAPE and 10Y Treasury
CAPE,1944-12-01,11.638683593355129,Robert Shiller/Yale monthly data
CAPE_YIELD_SPREAD,1944-12-01,6.212870,Calculated from Shiller CAPE and 10Y Treasury
CAPE,1945-01-01,11.96046343980699,Robert Shiller/Yale monthly data
CAPE_YIELD_SPREAD,1945-01-01,5.990880,Calculated from Shiller CAPE and 10Y Treasury
CAPE,1945-02-01,12.341753548186311,Robert Shiller/Yale monthly data
CAPE_YIELD_SPREAD,1945-02-01,5.747576,Calculated from Shiller CAPE and 10Y Treasury
CAPE,1945-03-01,12.323310311389326,Robert Shiller/Yale monthly data
CAPE_YIELD_SPREAD,1945-03-01,5.774703,Calculated from Shiller CAPE and 10Y Treasury
CAPE,1945-04-01,12.631867236563078,Robert Shiller/Yale monthly data
CAPE_YIELD_SPREAD,1945-04-01,5.591486,Calculated from Shiller CAPE and 10Y Treasury
CAPE,1945-05-01,13.036560628785356,Robert Shiller/Yale monthly data
CAPE_YIELD_SPREAD,1945-05-01,5.360735,Calculated from Shiller CAPE and 10Y Treasury
CAPE,1945-06-01,13.130223361406054,Robert Shiller/Yale monthly data
CAPE_YIELD_SPREAD,1945-06-01,5.321017,Calculated from Shiller CAPE and 10Y Treasury
CAPE,1945-07-01,12.867028443009161,Robert Shiller/Yale monthly data
CAPE_YIELD_SPREAD,1945-07-01,5.491802,Calculated from Shiller CAPE and 10Y Treasury
CAPE,1945-08-01,12.915378562256743,Robert Shiller/Yale monthly data
CAPE_YIELD_SPREAD,1945-08-01,5.477708,Calculated from Shiller CAPE and 10Y Treasury
CAPE,1945-09-01,13.798264951719782,Robert Shiller/Yale monthly data
CAPE_YIELD_SPREAD,1945-09-01,4.997288,Calculated from Shiller CAPE and 10Y Treasury
CAPE,1945-10-01,14.37466267539134,Robert Shiller/Yale monthly data
CAPE_YIELD_SPREAD,1945-10-01,4.721685,Calculated from Shiller CAPE and 10Y Treasury
CAPE,1945-11-01,14.847702661876784,Robert Shiller/Yale monthly data
CAPE_YIELD_SPREAD,1945-11-01,4.515049,Calculated from Shiller CAPE and 10Y Treasury
CAPE,1945-12-01,15.020347474739966,Robert Shiller/Yale monthly data
CAPE_YIELD_SPREAD,1945-12-01,4.452636,Calculated from Shiller CAPE and 10Y Treasury
CAPE,1946-01-01,15.623163177761667,Robert Shiller/Yale monthly data
CAPE_YIELD_SPREAD,1946-01-01,4.210752,Calculated from Shiller CAPE and 10Y Treasury
CAPE,1946-02-01,15.761666525801905,Robert Shiller/Yale monthly data
CAPE_YIELD_SPREAD,1946-02-01,4.149507,Calculated from Shiller CAPE and 10Y Treasury
CAPE,1946-03-01,15.13487341514254,Robert Shiller/Yale monthly data
CAPE_YIELD_SPREAD,1946-03-01,4.407257,Calculated from Shiller CAPE and 10Y Treasury
CAPE,1946-04-01,16.04084238621592,Robert Shiller/Yale monthly data
CAPE_YIELD_SPREAD,1946-04-01,4.029087,Calculated from Shiller CAPE and 10Y Treasury
CAPE,1946-05-01,16.01372317083218,Robert Shiller/Yale monthly data
CAPE_YIELD_SPREAD,1946-05-01,4.034644,Calculated from Shiller CAPE and 10Y Treasury
CAPE,1946-06-01,15.773186880128744,Robert Shiller/Yale monthly data
CAPE_YIELD_SPREAD,1946-06-01,4.124873,Calculated from Shiller CAPE and 10Y Treasury
CAPE,1946-07-01,14.50813611190907,Robert Shiller/Yale monthly data
CAPE_YIELD_SPREAD,1946-07-01,4.672684,Calculated from Shiller CAPE and 10Y Treasury
CAPE,1946-08-01,13.984939309942762,Robert Shiller/Yale monthly data
CAPE_YIELD_SPREAD,1946-08-01,4.925549,Calculated from Shiller CAPE and 10Y Treasury
CAPE,1946-09-01,11.841267540149637,Robert Shiller/Yale monthly data
CAPE_YIELD_SPREAD,1946-09-01,6.215042,Calculated from Shiller CAPE and 10Y Treasury
CAPE,1946-10-01,11.387602961765054,Robert Shiller/Yale monthly data
CAPE_YIELD_SPREAD,1946-10-01,6.546479,Calculated from Shiller CAPE and 10Y Treasury
CAPE,1946-11-01,11.110043656743295,Robert Shiller/Yale monthly data
CAPE_YIELD_SPREAD,1946-11-01,6.760865,Calculated from Shiller CAPE and 10Y Treasury
CAPE,1946-12-01,11.37277942586271,Robert Shiller/Yale monthly data
CAPE_YIELD_SPREAD,1946-12-01,6.547925,Calculated from Shiller CAPE and 10Y Treasury
CAPE,1947-01-01,11.469296334735581,Robert Shiller/Yale monthly data
CAPE_YIELD_SPREAD,1947-01-01,6.468931,Calculated from Shiller CAPE and 10Y Treasury
CAPE,1947-02-01,11.949565314209437,Robert Shiller/Yale monthly data
CAPE_YIELD_SPREAD,1947-02-01,6.102672,Calculated from Shiller CAPE and 10Y Treasury
CAPE,1947-03-01,11.287903096501283,Robert Shiller/Yale monthly data
CAPE_YIELD_SPREAD,1947-03-01,6.577375,Calculated from Shiller CAPE and 10Y Treasury
CAPE,1947-04-01,10.900825126392672,Robert Shiller/Yale monthly data
CAPE_YIELD_SPREAD,1947-04-01,6.876117,Calculated from Shiller CAPE and 10Y Treasury
CAPE,1947-05-01,10.733674273688539,Robert Shiller/Yale monthly data
CAPE_YIELD_SPREAD,1947-05-01,7.003141,Calculated from Shiller CAPE and 10Y Treasury
CAPE,1947-06-01,11.082715855052093,Robert Shiller/Yale monthly data
CAPE_YIELD_SPREAD,1947-06-01,6.693892,Calculated from Shiller CAPE and 10Y Treasury
CAPE,1947-07-01,11.696446553354365,Robert Shiller/Yale monthly data
CAPE_YIELD_SPREAD,1947-07-01,6.204605,Calculated from Shiller CAPE and 10Y Treasury
CAPE,1947-08-01,11.33747235532983,Robert Shiller/Yale monthly data
CAPE_YIELD_SPREAD,1947-08-01,6.459475,Calculated from Shiller CAPE and 10Y Treasury
CAPE,1947-09-01,10.827463017228833,Robert Shiller/Yale monthly data
CAPE_YIELD_SPREAD,1947-09-01,6.859107,Calculated from Shiller CAPE and 10Y Treasury
CAPE,1947-10-01,11.132662042754784,Robert Shiller/Yale monthly data
CAPE_YIELD_SPREAD,1947-10-01,6.590078,Calculated from Shiller CAPE and 10Y Treasury
CAPE,1947-11-01,10.975407324839066,Robert Shiller/Yale monthly data
CAPE_YIELD_SPREAD,1947-11-01,6.702946,Calculated from Shiller CAPE and 10Y Treasury
CAPE,1947-12-01,10.680912531969186,Robert Shiller/Yale monthly data
CAPE_YIELD_SPREAD,1947-12-01,6.938329,Calculated from Shiller CAPE and 10Y Treasury
CAPE,1948-01-01,10.419342657320323,Robert Shiller/Yale monthly data
CAPE_YIELD_SPREAD,1948-01-01,7.157534,Calculated from Shiller CAPE and 10Y Treasury
CAPE,1948-02-01,9.99976116914418,Robert Shiller/Yale monthly data
CAPE_YIELD_SPREAD,1948-02-01,7.571072,Calculated from Shiller CAPE and 10Y Treasury
CAPE,1948-03-01,10.18668060948967,Robert Shiller/Yale monthly data
CAPE_YIELD_SPREAD,1948-03-01,7.398407,Calculated from Shiller CAPE and 10Y Treasury
CAPE,1948-04-01,10.77948448202462,Robert Shiller/Yale monthly data
CAPE_YIELD_SPREAD,1948-04-01,6.869381,Calculated from Shiller CAPE and 10Y Treasury
CAPE,1948-05-01,11.24103269798444,Robert Shiller/Yale monthly data
CAPE_YIELD_SPREAD,1948-05-01,6.499313,Calculated from Shiller CAPE and 10Y Treasury
CAPE,1948-06-01,11.583895756523843,Robert Shiller/Yale monthly data
CAPE_YIELD_SPREAD,1948-06-01,6.246841,Calculated from Shiller CAPE and 10Y Treasury
CAPE,1948-07-01,11.134621739180933,Robert Shiller/Yale monthly data
CAPE_YIELD_SPREAD,1948-07-01,6.605997,Calculated from Shiller CAPE and 10Y Treasury
CAPE,1948-08-01,10.723556662478135,Robert Shiller/Yale monthly data
CAPE_YIELD_SPREAD,1948-08-01,6.961098,Calculated from Shiller CAPE and 10Y Treasury
CAPE,1948-09-01,10.553013689399158,Robert Shiller/Yale monthly data
CAPE_YIELD_SPREAD,1948-09-01,7.122633,Calculated from Shiller CAPE and 10Y Treasury
CAPE,1948-10-01,10.825409809169491,Robert Shiller/Yale monthly data
CAPE_YIELD_SPREAD,1948-10-01,6.895026,Calculated from Shiller CAPE and 10Y Treasury
CAPE,1948-11-01,10.248096205635568,Robert Shiller/Yale monthly data
CAPE_YIELD_SPREAD,1948-11-01,7.426243,Calculated from Shiller CAPE and 10Y Treasury
CAPE,1948-12-01,10.159652938900914,Robert Shiller/Yale monthly data
CAPE_YIELD_SPREAD,1948-12-01,7.522023,Calculated from Shiller CAPE and 10Y Treasury
CAPE,1949-01-01,10.24828575803898,Robert Shiller/Yale monthly data
CAPE_YIELD_SPREAD,1949-01-01,7.447729,Calculated from Shiller CAPE and 10Y Treasury
CAPE,1949-02-01,9.872517140570057,Robert Shiller/Yale monthly data
CAPE_YIELD_SPREAD,1949-02-01,7.818296,Calculated from Shiller CAPE and 10Y Treasury
CAPE,1949-03-01,9.901332491240924,Robert Shiller/Yale monthly data
CAPE_YIELD_SPREAD,1949-03-01,7.787984,Calculated from Shiller CAPE and 10Y Treasury
CAPE,1949-04-01,9.783639867544059,Robert Shiller/Yale monthly data
CAPE_YIELD_SPREAD,1949-04-01,7.908645,Calculated from Shiller CAPE and 10Y Treasury
CAPE,1949-05-01,9.692295086395815,Robert Shiller/Yale monthly data
CAPE_YIELD_SPREAD,1949-05-01,8.004140,Calculated from Shiller CAPE and 10Y Treasury
CAPE,1949-06-01,9.067718943419534,Robert Shiller/Yale monthly data
CAPE_YIELD_SPREAD,1949-06-01,8.713965,Calculated from Shiller CAPE and 10Y Treasury
CAPE,1949-07-01,9.605038093363923,Robert Shiller/Yale monthly data
CAPE_YIELD_SPREAD,1949-07-01,8.096203,Calculated from Shiller CAPE and 10Y Treasury
CAPE,1949-08-01,9.851348638079232,Robert Shiller/Yale monthly data
CAPE_YIELD_SPREAD,1949-08-01,7.835061,Calculated from Shiller CAPE and 10Y Treasury
CAPE,1949-09-01,9.88404836173829,Robert Shiller/Yale monthly data
CAPE_YIELD_SPREAD,1949-09-01,7.800645,Calculated from Shiller CAPE and 10Y Treasury
CAPE,1949-10-01,10.169850844772144,Robert Shiller/Yale monthly data
CAPE_YIELD_SPREAD,1949-10-01,7.515486,Calculated from Shiller CAPE and 10Y Treasury
CAPE,1949-11-01,10.215861011650642,Robert Shiller/Yale monthly data
CAPE_YIELD_SPREAD,1949-11-01,7.470367,Calculated from Shiller CAPE and 10Y Treasury
CAPE,1949-12-01,10.529330904131145,Robert Shiller/Yale monthly data
CAPE_YIELD_SPREAD,1949-12-01,7.178113,Calculated from Shiller CAPE and 10Y Treasury
CAPE,1950-01-01,10.74573329974791,Robert Shiller/Yale monthly data
CAPE_YIELD_SPREAD,1950-01-01,6.986019,Calculated from Shiller CAPE and 10Y Treasury
CAPE,1950-02-01,10.91156406673168,Robert Shiller/Yale monthly data
CAPE_YIELD_SPREAD,1950-02-01,6.823756,Calculated from Shiller CAPE and 10Y Treasury
CAPE,1950-03-01,10.910946522976255,Robert Shiller/Yale monthly data
CAPE_YIELD_SPREAD,1950-03-01,6.803441,Calculated from Shiller CAPE and 10Y Treasury
CAPE,1950-04-01,11.178021600956093,Robert Shiller/Yale monthly data
CAPE_YIELD_SPREAD,1950-04-01,6.563627,Calculated from Shiller CAPE and 10Y Treasury
CAPE,1950-05-01,11.461543104586228,Robert Shiller/Yale monthly data
CAPE_YIELD_SPREAD,1950-05-01,6.321495,Calculated from Shiller CAPE and 10Y Treasury
CAPE,1950-06-01,11.554126144044284,Robert Shiller/Yale monthly data
CAPE_YIELD_SPREAD,1950-06-01,6.230750,Calculated from Shiller CAPE and 10Y Treasury
CAPE,1950-07-01,10.539745658930988,Robert Shiller/Yale monthly data
CAPE_YIELD_SPREAD,1950-07-01,7.042895,Calculated from Shiller CAPE and 10Y Treasury
CAPE,1950-08-01,11.040611670261535,Robert Shiller/Yale monthly data
CAPE_YIELD_SPREAD,1950-08-01,6.591636,Calculated from Shiller CAPE and 10Y Treasury
CAPE,1950-09-01,11.337391102277296,Robert Shiller/Yale monthly data
CAPE_YIELD_SPREAD,1950-09-01,6.333705,Calculated from Shiller CAPE and 10Y Treasury
CAPE,1950-10-01,11.66244403910526,Robert Shiller/Yale monthly data
CAPE_YIELD_SPREAD,1950-10-01,6.067032,Calculated from Shiller CAPE and 10Y Treasury
CAPE,1950-11-01,11.542173388716295,Robert Shiller/Yale monthly data
CAPE_YIELD_SPREAD,1950-11-01,6.135546,Calculated from Shiller CAPE and 10Y Treasury
CAPE,1950-12-01,11.30666578889076,Robert Shiller/Yale monthly data
CAPE_YIELD_SPREAD,1950-12-01,6.295174,Calculated from Shiller CAPE and 10Y Treasury
CAPE,1951-01-01,11.895759839437064,Robert Shiller/Yale monthly data
CAPE_YIELD_SPREAD,1951-01-01,5.836357,Calculated from Shiller CAPE and 10Y Treasury
CAPE,1951-02-01,12.14150737068269,Robert Shiller/Yale monthly data
CAPE_YIELD_SPREAD,1951-02-01,5.657043,Calculated from Shiller CAPE and 10Y Treasury
CAPE,1951-03-01,11.841626487283095,Robert Shiller/Yale monthly data
CAPE_YIELD_SPREAD,1951-03-01,5.856453,Calculated from Shiller CAPE and 10Y Treasury
CAPE,1951-04-01,11.951097197083955,Robert Shiller/Yale monthly data
CAPE_YIELD_SPREAD,1951-04-01,5.769933,Calculated from Shiller CAPE and 10Y Treasury
CAPE,1951-05-01,11.863875406269175,Robert Shiller/Yale monthly data
CAPE_YIELD_SPREAD,1951-05-01,5.822282,Calculated from Shiller CAPE and 10Y Treasury
CAPE,1951-06-01,11.615664857025177,Robert Shiller/Yale monthly data
CAPE_YIELD_SPREAD,1951-06-01,5.993230,Calculated from Shiller CAPE and 10Y Treasury
CAPE,1951-07-01,11.778190092457809,Robert Shiller/Yale monthly data
CAPE_YIELD_SPREAD,1951-07-01,5.865269,Calculated from Shiller CAPE and 10Y Treasury
CAPE,1951-08-01,12.256989084145145,Robert Shiller/Yale monthly data
CAPE_YIELD_SPREAD,1951-08-01,5.524444,Calculated from Shiller CAPE and 10Y Treasury
CAPE,1951-09-01,12.444953157150039,Robert Shiller/Yale monthly data
CAPE_YIELD_SPREAD,1951-09-01,5.392052,Calculated from Shiller CAPE and 10Y Treasury
CAPE,1951-10-01,12.309457904118691,Robert Shiller/Yale monthly data
CAPE_YIELD_SPREAD,1951-10-01,5.471335,Calculated from Shiller CAPE and 10Y Treasury
CAPE,1951-11-01,11.852030617771046,Robert Shiller/Yale monthly data
CAPE_YIELD_SPREAD,1951-11-01,5.775706,Calculated from Shiller CAPE and 10Y Treasury
CAPE,1951-12-01,12.147072568106784,Robert Shiller/Yale monthly data
CAPE_YIELD_SPREAD,1951-12-01,5.561603,Calculated from Shiller CAPE and 10Y Treasury
CAPE,1952-01-01,12.5270597481723,Robert Shiller/Yale monthly data
CAPE_YIELD_SPREAD,1952-01-01,5.302719,Calculated from Shiller CAPE and 10Y Treasury
CAPE,1952-02-01,12.364119350461095,Robert Shiller/Yale monthly data
CAPE_YIELD_SPREAD,1952-02-01,5.395419,Calculated from Shiller CAPE and 10Y Treasury
CAPE,1952-03-01,12.362339087390367,Robert Shiller/Yale monthly data
CAPE_YIELD_SPREAD,1952-03-01,5.384084,Calculated from Shiller CAPE and 10Y Treasury
CAPE,1952-04-01,12.242728683266883,Robert Shiller/Yale monthly data
CAPE_YIELD_SPREAD,1952-04-01,5.450614,Calculated from Shiller CAPE and 10Y Treasury
CAPE,1952-05-01,12.200478761945833,Robert Shiller/Yale monthly data
CAPE_YIELD_SPREAD,1952-05-01,5.466400,Calculated from Shiller CAPE and 10Y Treasury
CAPE,1952-06-01,12.447881581789368,Robert Shiller/Yale monthly data
CAPE_YIELD_SPREAD,1952-06-01,5.290995,Calculated from Shiller CAPE and 10Y Treasury
CAPE,1952-07-01,12.66911288962248,Robert Shiller/Yale monthly data
CAPE_YIELD_SPREAD,1952-07-01,5.138212,Calculated from Shiller CAPE and 10Y Treasury
CAPE,1952-08-01,12.678378236328623,Robert Shiller/Yale monthly data
CAPE_YIELD_SPREAD,1952-08-01,5.119944,Calculated from Shiller CAPE and 10Y Treasury
CAPE,1952-09-01,12.434678020425508,Robert Shiller/Yale monthly data
CAPE_YIELD_SPREAD,1952-09-01,5.262026,Calculated from Shiller CAPE and 10Y Treasury
CAPE,1952-10-01,12.131183558686873,Robert Shiller/Yale monthly data
CAPE_YIELD_SPREAD,1952-10-01,5.450719,Calculated from Shiller CAPE and 10Y Treasury
CAPE,1952-11-01,12.47346976551531,Robert Shiller/Yale monthly data
CAPE_YIELD_SPREAD,1952-11-01,5.212015,Calculated from Shiller CAPE and 10Y Treasury
CAPE,1952-12-01,12.933964306161373,Robert Shiller/Yale monthly data
CAPE_YIELD_SPREAD,1952-12-01,4.914082,Calculated from Shiller CAPE and 10Y Treasury
CAPE,1953-01-01,13.010773447995177,Robert Shiller/Yale monthly data
CAPE_YIELD_SPREAD,1953-01-01,4.855938,Calculated from Shiller CAPE and 10Y Treasury
CAPE,1953-02-01,12.859346880687898,Robert Shiller/Yale monthly data
CAPE_YIELD_SPREAD,1953-02-01,4.975611,Calculated from Shiller CAPE and 10Y Treasury
CAPE,1953-03-01,12.83481934009249,Robert Shiller/Yale monthly data
CAPE_YIELD_SPREAD,1953-03-01,5.019639,Calculated from Shiller CAPE and 10Y Treasury
CAPE,1953-04-01,12.163901454006798,Robert Shiller/Yale monthly data
CAPE_YIELD_SPREAD,1953-04-01,5.391047,Calculated from Shiller CAPE and 10Y Treasury
CAPE,1953-05-01,12.141970791867783,Robert Shiller/Yale monthly data
CAPE_YIELD_SPREAD,1953-05-01,5.185895,Calculated from Shiller CAPE and 10Y Treasury
CAPE,1953-06-01,11.624407885470077,Robert Shiller/Yale monthly data
CAPE_YIELD_SPREAD,1953-06-01,5.492589,Calculated from Shiller CAPE and 10Y Treasury
CAPE,1953-07-01,11.75020164531,Robert Shiller/Yale monthly data
CAPE_YIELD_SPREAD,1953-07-01,5.580492,Calculated from Shiller CAPE and 10Y Treasury
CAPE,1953-08-01,11.715076201734002,Robert Shiller/Yale monthly data
CAPE_YIELD_SPREAD,1953-08-01,5.586009,Calculated from Shiller CAPE and 10Y Treasury
CAPE,1953-09-01,11.13934935726292,Robert Shiller/Yale monthly data
CAPE_YIELD_SPREAD,1953-09-01,6.107185,Calculated from Shiller CAPE and 10Y Treasury
CAPE,1953-10-01,11.39193476542141,Robert Shiller/Yale monthly data
CAPE_YIELD_SPREAD,1953-10-01,6.118140,Calculated from Shiller CAPE and 10Y Treasury
CAPE,1953-11-01,11.64407026850577,Robert Shiller/Yale monthly data
CAPE_YIELD_SPREAD,1953-11-01,5.908062,Calculated from Shiller CAPE and 10Y Treasury
CAPE,1953-12-01,11.754449184027292,Robert Shiller/Yale monthly data
CAPE_YIELD_SPREAD,1953-12-01,5.917417,Calculated from Shiller CAPE and 10Y Treasury
CAPE,1954-01-01,12.002650554927824,Robert Shiller/Yale monthly data
CAPE_YIELD_SPREAD,1954-01-01,5.851493,Calculated from Shiller CAPE and 10Y Treasury
CAPE,1954-02-01,12.215052485432839,Robert Shiller/Yale monthly data
CAPE_YIELD_SPREAD,1954-02-01,5.716621,Calculated from Shiller CAPE and 10Y Treasury
CAPE,1954-03-01,12.420105295189977,Robert Shiller/Yale monthly data
CAPE_YIELD_SPREAD,1954-03-01,5.681462,Calculated from Shiller CAPE and 10Y Treasury
CAPE,1954-04-01,12.907868184060918,Robert Shiller/Yale monthly data
CAPE_YIELD_SPREAD,1954-04-01,5.457213,Calculated from Shiller CAPE and 10Y Treasury
CAPE,1954-05-01,13.31204223802586,Robert Shiller/Yale monthly data
CAPE_YIELD_SPREAD,1954-05-01,5.141995,Calculated from Shiller CAPE and 10Y Treasury
CAPE,1954-06-01,13.357885903659001,Robert Shiller/Yale monthly data
CAPE_YIELD_SPREAD,1954-06-01,5.106215,Calculated from Shiller CAPE and 10Y Treasury
CAPE,1954-07-01,13.833009564245328,Robert Shiller/Yale monthly data
CAPE_YIELD_SPREAD,1954-07-01,4.929085,Calculated from Shiller CAPE and 10Y Treasury
CAPE,1954-08-01,14.042112347320574,Robert Shiller/Yale monthly data
CAPE_YIELD_SPREAD,1954-08-01,4.761436,Calculated from Shiller CAPE and 10Y Treasury
CAPE,1954-09-01,14.356474143296975,Robert Shiller/Yale monthly data
CAPE_YIELD_SPREAD,1954-09-01,4.585499,Calculated from Shiller CAPE and 10Y Treasury
CAPE,1954-10-01,14.619231935730566,Robert Shiller/Yale monthly data
CAPE_YIELD_SPREAD,1954-10-01,4.410305,Calculated from Shiller CAPE and 10Y Treasury
CAPE,1954-11-01,15.117311697434388,Robert Shiller/Yale monthly data
CAPE_YIELD_SPREAD,1954-11-01,4.134933,Calculated from Shiller CAPE and 10Y Treasury
CAPE,1954-12-01,15.789062002327084,Robert Shiller/Yale monthly data
CAPE_YIELD_SPREAD,1954-12-01,3.823498,Calculated from Shiller CAPE and 10Y Treasury
CAPE,1955-01-01,15.990781062969834,Robert Shiller/Yale monthly data
CAPE_YIELD_SPREAD,1955-01-01,3.643603,Calculated from Shiller CAPE and 10Y Treasury
CAPE,1955-02-01,16.437728215987118,Robert Shiller/Yale monthly data
CAPE_YIELD_SPREAD,1955-02-01,3.433566,Calculated from Shiller CAPE and 10Y Treasury
CAPE,1955-03-01,16.219282945537795,Robert Shiller/Yale monthly data
CAPE_YIELD_SPREAD,1955-03-01,3.485501,Calculated from Shiller CAPE and 10Y Treasury
CAPE,1955-04-01,16.68526662806351,Robert Shiller/Yale monthly data
CAPE_YIELD_SPREAD,1955-04-01,3.243311,Calculated from Shiller CAPE and 10Y Treasury
CAPE,1955-05-01,16.518057827257802,Robert Shiller/Yale monthly data
CAPE_YIELD_SPREAD,1955-05-01,3.293981,Calculated from Shiller CAPE and 10Y Treasury
CAPE,1955-06-01,17.370091963405315,Robert Shiller/Yale monthly data
CAPE_YIELD_SPREAD,1955-06-01,2.977022,Calculated from Shiller CAPE and 10Y Treasury
CAPE,1955-07-01,18.45403190663288,Robert Shiller/Yale monthly data
CAPE_YIELD_SPREAD,1955-07-01,2.518870,Calculated from Shiller CAPE and 10Y Treasury
CAPE,1955-08-01,18.22232646304776,Robert Shiller/Yale monthly data
CAPE_YIELD_SPREAD,1955-08-01,2.517773,Calculated from Shiller CAPE and 10Y Treasury
CAPE,1955-09-01,18.843960654261316,Robert Shiller/Yale monthly data
CAPE_YIELD_SPREAD,1955-09-01,2.336740,Calculated from Shiller CAPE and 10Y Treasury
CAPE,1955-10-01,17.7723257893861,Robert Shiller/Yale monthly data
CAPE_YIELD_SPREAD,1955-10-01,2.746726,Calculated from Shiller CAPE and 10Y Treasury
CAPE,1955-11-01,18.835559288273906,Robert Shiller/Yale monthly data
CAPE_YIELD_SPREAD,1955-11-01,2.419107,Calculated from Shiller CAPE and 10Y Treasury
CAPE,1955-12-01,18.942369035813584,Robert Shiller/Yale monthly data
CAPE_YIELD_SPREAD,1955-12-01,2.319171,Calculated from Shiller CAPE and 10Y Treasury
CAPE,1956-01-01,18.292585385418903,Robert Shiller/Yale monthly data
CAPE_YIELD_SPREAD,1956-01-01,2.566696,Calculated from Shiller CAPE and 10Y Treasury
CAPE,1956-02-01,18.266116815127795,Robert Shiller/Yale monthly data
CAPE_YIELD_SPREAD,1956-02-01,2.634617,Calculated from Shiller CAPE and 10Y Treasury
CAPE,1956-03-01,19.371210099299972,Robert Shiller/Yale monthly data
CAPE_YIELD_SPREAD,1956-03-01,2.202300,Calculated from Shiller CAPE and 10Y Treasury
CAPE,1956-04-01,19.37059363457851,Robert Shiller/Yale monthly data
CAPE_YIELD_SPREAD,1956-04-01,1.982464,Calculated from Shiller CAPE and 10Y Treasury
CAPE,1956-05-01,18.544506591754445,Robert Shiller/Yale monthly data
CAPE_YIELD_SPREAD,1956-05-01,2.322432,Calculated from Shiller CAPE and 10Y Treasury
CAPE,1956-06-01,18.158163846958708,Robert Shiller/Yale monthly data
CAPE_YIELD_SPREAD,1956-06-01,2.507165,Calculated from Shiller CAPE and 10Y Treasury
CAPE,1956-07-01,18.856797596896797,Robert Shiller/Yale monthly data
CAPE_YIELD_SPREAD,1956-07-01,2.193127,Calculated from Shiller CAPE and 10Y Treasury
CAPE,1956-08-01,18.670937110186433,Robert Shiller/Yale monthly data
CAPE_YIELD_SPREAD,1956-08-01,2.025918,Calculated from Shiller CAPE and 10Y Treasury
CAPE,1956-09-01,17.83664079631203,Robert Shiller/Yale monthly data
CAPE_YIELD_SPREAD,1956-09-01,2.226437,Calculated from Shiller CAPE and 10Y Treasury
CAPE,1956-10-01,17.41895294863614,Robert Shiller/Yale monthly data
CAPE_YIELD_SPREAD,1956-10-01,2.400873,Calculated from Shiller CAPE and 10Y Treasury
CAPE,1956-11-01,17.120339736628264,Robert Shiller/Yale monthly data
CAPE_YIELD_SPREAD,1956-11-01,2.351006,Calculated from Shiller CAPE and 10Y Treasury
CAPE,1956-12-01,17.19752272556093,Robert Shiller/Yale monthly data
CAPE_YIELD_SPREAD,1956-12-01,2.224791,Calculated from Shiller CAPE and 10Y Treasury
CAPE,1957-01-01,16.717780078533018,Robert Shiller/Yale monthly data
CAPE_YIELD_SPREAD,1957-01-01,2.521655,Calculated from Shiller CAPE and 10Y Treasury
CAPE,1957-02-01,15.843733142229748,Robert Shiller/Yale monthly data
CAPE_YIELD_SPREAD,1957-02-01,2.971644,Calculated from Shiller CAPE and 10Y Treasury
CAPE,1957-03-01,15.900417108869172,Robert Shiller/Yale monthly data
CAPE_YIELD_SPREAD,1957-03-01,2.879143,Calculated from Shiller CAPE and 10Y Treasury
CAPE,1957-04-01,16.123704360211764,Robert Shiller/Yale monthly data
CAPE_YIELD_SPREAD,1957-04-01,2.722049,Calculated from Shiller CAPE and 10Y Treasury
CAPE,1957-05-01,16.598110789114273,Robert Shiller/Yale monthly data
CAPE_YIELD_SPREAD,1957-05-01,2.424782,Calculated from Shiller CAPE and 10Y Treasury
CAPE,1957-06-01,16.729918872472876,Robert Shiller/Yale monthly data
CAPE_YIELD_SPREAD,1957-06-01,2.177315,Calculated from Shiller CAPE and 10Y Treasury
CAPE,1957-07-01,16.868882383979805,Robert Shiller/Yale monthly data
CAPE_YIELD_SPREAD,1957-07-01,1.998075,Calculated from Shiller CAPE and 10Y Treasury
CAPE,1957-08-01,15.86894272945225,Robert Shiller/Yale monthly data
CAPE_YIELD_SPREAD,1957-08-01,2.371617,Calculated from Shiller CAPE and 10Y Treasury
CAPE,1957-09-01,15.157274488962218,Robert Shiller/Yale monthly data
CAPE_YIELD_SPREAD,1957-09-01,2.677492,Calculated from Shiller CAPE and 10Y Treasury
CAPE,1957-10-01,14.149451489483543,Robert Shiller/Yale monthly data
CAPE_YIELD_SPREAD,1957-10-01,3.097412,Calculated from Shiller CAPE and 10Y Treasury
CAPE,1957-11-01,13.736242235298489,Robert Shiller/Yale monthly data
CAPE_YIELD_SPREAD,1957-11-01,3.560011,Calculated from Shiller CAPE and 10Y Treasury
CAPE,1957-12-01,13.67324605795139,Robert Shiller/Yale monthly data
CAPE_YIELD_SPREAD,1957-12-01,4.103552,Calculated from Shiller CAPE and 10Y Treasury
CAPE,1958-01-01,13.788431552307639,Robert Shiller/Yale monthly data
CAPE_YIELD_SPREAD,1958-01-01,4.162456,Calculated from Shiller CAPE and 10Y Treasury
CAPE,1958-02-01,13.784906390337682,Robert Shiller/Yale monthly data
CAPE_YIELD_SPREAD,1958-02-01,4.204311,Calculated from Shiller CAPE and 10Y Treasury
CAPE,1958-03-01,13.925589923892943,Robert Shiller/Yale monthly data
CAPE_YIELD_SPREAD,1958-03-01,4.201024,Calculated from Shiller CAPE and 10Y Treasury
CAPE,1958-04-01,13.913501765262781,Robert Shiller/Yale monthly data
CAPE_YIELD_SPREAD,1958-04-01,4.307263,Calculated from Shiller CAPE and 10Y Treasury
CAPE,1958-05-01,14.32382496840923,Robert Shiller/Yale monthly data
CAPE_YIELD_SPREAD,1958-05-01,4.061375,Calculated from Shiller CAPE and 10Y Treasury
CAPE,1958-06-01,14.635555551956264,Robert Shiller/Yale monthly data
CAPE_YIELD_SPREAD,1958-06-01,3.862675,Calculated from Shiller CAPE and 10Y Treasury
CAPE,1958-07-01,14.95745710190113,Robert Shiller/Yale monthly data
CAPE_YIELD_SPREAD,1958-07-01,3.485628,Calculated from Shiller CAPE and 10Y Treasury
CAPE,1958-08-01,15.544566891165923,Robert Shiller/Yale monthly data
CAPE_YIELD_SPREAD,1958-08-01,2.893116,Calculated from Shiller CAPE and 10Y Treasury
CAPE,1958-09-01,15.931923184092843,Robert Shiller/Yale monthly data
CAPE_YIELD_SPREAD,1958-09-01,2.516706,Calculated from Shiller CAPE and 10Y Treasury
CAPE,1958-10-01,16.55980331035157,Robert Shiller/Yale monthly data
CAPE_YIELD_SPREAD,1958-10-01,2.238719,Calculated from Shiller CAPE and 10Y Treasury
CAPE,1958-11-01,16.988883579386332,Robert Shiller/Yale monthly data
CAPE_YIELD_SPREAD,1958-11-01,2.146202,Calculated from Shiller CAPE and 10Y Treasury
CAPE,1958-12-01,17.358357365369958,Robert Shiller/Yale monthly data
CAPE_YIELD_SPREAD,1958-12-01,1.900914,Calculated from Shiller CAPE and 10Y Treasury
CAPE,1959-01-01,17.980339342993393,Robert Shiller/Yale monthly data
CAPE_YIELD_SPREAD,1959-01-01,1.541630,Calculated from Shiller CAPE and 10Y Treasury
CAPE,1959-02-01,17.75916926361142,Robert Shiller/Yale monthly data
CAPE_YIELD_SPREAD,1959-02-01,1.670894,Calculated from Shiller CAPE and 10Y Treasury
CAPE,1959-03-01,18.200871845485636,Robert Shiller/Yale monthly data
CAPE_YIELD_SPREAD,1959-03-01,1.504242,Calculated from Shiller CAPE and 10Y Treasury
CAPE,1959-04-01,18.430753048783423,Robert Shiller/Yale monthly data
CAPE_YIELD_SPREAD,1959-04-01,1.305714,Calculated from Shiller CAPE and 10Y Treasury
CAPE,1959-05-01,18.692721439594173,Robert Shiller/Yale monthly data
CAPE_YIELD_SPREAD,1959-05-01,1.039676,Calculated from Shiller CAPE and 10Y Treasury
CAPE,1959-06-01,18.448591397066465,Robert Shiller/Yale monthly data
CAPE_YIELD_SPREAD,1959-06-01,1.080468,Calculated from Shiller CAPE and 10Y Treasury
CAPE,1959-07-01,19.090533975796507,Robert Shiller/Yale monthly data
CAPE_YIELD_SPREAD,1959-07-01,0.838198,Calculated from Shiller CAPE and 10Y Treasury
CAPE,1959-08-01,18.958803640750205,Robert Shiller/Yale monthly data
CAPE_YIELD_SPREAD,1959-08-01,0.844594,Calculated from Shiller CAPE and 10Y Treasury
CAPE,1959-09-01,18.12329055675862,Robert Shiller/Yale monthly data
CAPE_YIELD_SPREAD,1959-09-01,0.837762,Calculated from Shiller CAPE and 10Y Treasury
CAPE,1959-10-01,18.021962441515427,Robert Shiller/Yale monthly data
CAPE_YIELD_SPREAD,1959-10-01,1.018785,Calculated from Shiller CAPE and 10Y Treasury
CAPE,1959-11-01,18.07178913057021,Robert Shiller/Yale monthly data
CAPE_YIELD_SPREAD,1959-11-01,1.003486,Calculated from Shiller CAPE and 10Y Treasury
CAPE,1959-12-01,18.6247289779001,Robert Shiller/Yale monthly data
CAPE_YIELD_SPREAD,1959-12-01,0.679206,Calculated from Shiller CAPE and 10Y Treasury
CAPE,1960-01-01,18.338284994375556,Robert Shiller/Yale monthly data
CAPE_YIELD_SPREAD,1960-01-01,0.733073,Calculated from Shiller CAPE and 10Y Treasury
CAPE,1960-02-01,17.54527510894597,Robert Shiller/Yale monthly data
CAPE_YIELD_SPREAD,1960-02-01,1.209540,Calculated from Shiller CAPE and 10Y Treasury
CAPE,1960-03-01,17.286020720522142,Robert Shiller/Yale monthly data
CAPE_YIELD_SPREAD,1960-03-01,1.535021,Calculated from Shiller CAPE and 10Y Treasury
CAPE,1960-04-01,17.429766947597198,Robert Shiller/Yale monthly data
CAPE_YIELD_SPREAD,1960-04-01,1.457311,Calculated from Shiller CAPE and 10Y Treasury
CAPE,1960-05-01,17.256170578727904,Robert Shiller/Yale monthly data
CAPE_YIELD_SPREAD,1960-05-01,1.445028,Calculated from Shiller CAPE and 10Y Treasury
CAPE,1960-06-01,17.823363817264735,Robert Shiller/Yale monthly data
CAPE_YIELD_SPREAD,1960-06-01,1.460613,Calculated from Shiller CAPE and 10Y Treasury
CAPE,1960-07-01,17.376806472898107,Robert Shiller/Yale monthly data
CAPE_YIELD_SPREAD,1960-07-01,1.854797,Calculated from Shiller CAPE and 10Y Treasury
CAPE,1960-08-01,17.582113039577667,Robert Shiller/Yale monthly data
CAPE_YIELD_SPREAD,1960-08-01,1.887599,Calculated from Shiller CAPE and 10Y Treasury
CAPE,1960-09-01,17.052015467817657,Robert Shiller/Yale monthly data
CAPE_YIELD_SPREAD,1960-09-01,2.064409,Calculated from Shiller CAPE and 10Y Treasury
CAPE,1960-10-01,16.605104536251027,Robert Shiller/Yale monthly data
CAPE_YIELD_SPREAD,1960-10-01,2.132245,Calculated from Shiller CAPE and 10Y Treasury
CAPE,1960-11-01,17.146088452418997,Robert Shiller/Yale monthly data
CAPE_YIELD_SPREAD,1960-11-01,1.902234,Calculated from Shiller CAPE and 10Y Treasury
CAPE,1960-12-01,17.56209083395712,Robert Shiller/Yale monthly data
CAPE_YIELD_SPREAD,1960-12-01,1.854083,Calculated from Shiller CAPE and 10Y Treasury
CAPE,1961-01-01,18.470416986477172,Robert Shiller/Yale monthly data
CAPE_YIELD_SPREAD,1961-01-01,1.574063,Calculated from Shiller CAPE and 10Y Treasury
CAPE,1961-02-01,19.23401449829835,Robert Shiller/Yale monthly data
CAPE_YIELD_SPREAD,1961-02-01,1.419123,Calculated from Shiller CAPE and 10Y Treasury
CAPE,1961-03-01,19.844225272725563,Robert Shiller/Yale monthly data
CAPE_YIELD_SPREAD,1961-03-01,1.299249,Calculated from Shiller CAPE and 10Y Treasury
CAPE,1961-04-01,20.382842975754773,Robert Shiller/Yale monthly data
CAPE_YIELD_SPREAD,1961-04-01,1.126087,Calculated from Shiller CAPE and 10Y Treasury
CAPE,1961-05-01,20.598606843297333,Robert Shiller/Yale monthly data
CAPE_YIELD_SPREAD,1961-05-01,1.144697,Calculated from Shiller CAPE and 10Y Treasury
CAPE,1961-06-01,20.332414551592287,Robert Shiller/Yale monthly data
CAPE_YIELD_SPREAD,1961-06-01,1.038255,Calculated from Shiller CAPE and 10Y Treasury
CAPE,1961-07-01,20.146643736827308,Robert Shiller/Yale monthly data
CAPE_YIELD_SPREAD,1961-07-01,1.043606,Calculated from Shiller CAPE and 10Y Treasury
CAPE,1961-08-01,20.941688475215177,Robert Shiller/Yale monthly data
CAPE_YIELD_SPREAD,1961-08-01,0.735164,Calculated from Shiller CAPE and 10Y Treasury
CAPE,1961-09-01,20.705243044147245,Robert Shiller/Yale monthly data
CAPE_YIELD_SPREAD,1961-09-01,0.849695,Calculated from Shiller CAPE and 10Y Treasury
CAPE,1961-10-01,20.92419014101078,Robert Shiller/Yale monthly data
CAPE_YIELD_SPREAD,1961-10-01,0.859157,Calculated from Shiller CAPE and 10Y Treasury
CAPE,1961-11-01,21.85795772195966,Robert Shiller/Yale monthly data
CAPE_YIELD_SPREAD,1961-11-01,0.634993,Calculated from Shiller CAPE and 10Y Treasury
CAPE,1961-12-01,22.041480198382253,Robert Shiller/Yale monthly data
CAPE_YIELD_SPREAD,1961-12-01,0.476900,Calculated from Shiller CAPE and 10Y Treasury
CAPE,1962-01-01,21.19793140001521,Robert Shiller/Yale monthly data
CAPE_YIELD_SPREAD,1962-01-01,0.637441,Calculated from Shiller CAPE and 10Y Treasury
CAPE,1962-02-01,21.45168775487336,Robert Shiller/Yale monthly data
CAPE_YIELD_SPREAD,1962-02-01,0.621638,Calculated from Shiller CAPE and 10Y Treasury
CAPE,1962-03-01,21.443158568526215,Robert Shiller/Yale monthly data
CAPE_YIELD_SPREAD,1962-03-01,0.733492,Calculated from Shiller CAPE and 10Y Treasury
CAPE,1962-04-01,20.65833644764901,Robert Shiller/Yale monthly data
CAPE_YIELD_SPREAD,1962-04-01,1.000661,Calculated from Shiller CAPE and 10Y Treasury
CAPE,1962-05-01,19.08936749811664,Robert Shiller/Yale monthly data
CAPE_YIELD_SPREAD,1962-05-01,1.368518,Calculated from Shiller CAPE and 10Y Treasury
CAPE,1962-06-01,16.827571244792455,Robert Shiller/Yale monthly data
CAPE_YIELD_SPREAD,1962-06-01,2.032628,Calculated from Shiller CAPE and 10Y Treasury
CAPE,1962-07-01,17.141325661322778,Robert Shiller/Yale monthly data
CAPE_YIELD_SPREAD,1962-07-01,1.823855,Calculated from Shiller CAPE and 10Y Treasury
CAPE,1962-08-01,17.571262631045517,Robert Shiller/Yale monthly data
CAPE_YIELD_SPREAD,1962-08-01,1.711111,Calculated from Shiller CAPE and 10Y Treasury
CAPE,1962-09-01,17.321461147465467,Robert Shiller/Yale monthly data
CAPE_YIELD_SPREAD,1962-09-01,1.793185,Calculated from Shiller CAPE and 10Y Treasury
CAPE,1962-10-01,16.73982096790132,Robert Shiller/Yale monthly data
CAPE_YIELD_SPREAD,1962-10-01,2.043780,Calculated from Shiller CAPE and 10Y Treasury
CAPE,1962-11-01,17.854386489497134,Robert Shiller/Yale monthly data
CAPE_YIELD_SPREAD,1962-11-01,1.680865,Calculated from Shiller CAPE and 10Y Treasury
CAPE,1962-12-01,18.585836118439847,Robert Shiller/Yale monthly data
CAPE_YIELD_SPREAD,1962-12-01,1.520441,Calculated from Shiller CAPE and 10Y Treasury
CAPE,1963-01-01,19.25923169325404,Robert Shiller/Yale monthly data
CAPE_YIELD_SPREAD,1963-01-01,1.362315,Calculated from Shiller CAPE and 10Y Treasury
CAPE,1963-02-01,19.469191309671395,Robert Shiller/Yale monthly data
CAPE_YIELD_SPREAD,1963-02-01,1.216320,Calculated from Shiller CAPE and 10Y Treasury
CAPE,1963-03-01,19.28806460660483,Robert Shiller/Yale monthly data
CAPE_YIELD_SPREAD,1963-03-01,1.254553,Calculated from Shiller CAPE and 10Y Treasury
CAPE,1963-04-01,20.15007723822697,Robert Shiller/Yale monthly data
CAPE_YIELD_SPREAD,1963-04-01,0.992760,Calculated from Shiller CAPE and 10Y Treasury
CAPE,1963-05-01,20.5075858649526,Robert Shiller/Yale monthly data
CAPE_YIELD_SPREAD,1963-05-01,0.946244,Calculated from Shiller CAPE and 10Y Treasury
CAPE,1963-06-01,20.38414999384099,Robert Shiller/Yale monthly data
CAPE_YIELD_SPREAD,1963-06-01,0.915772,Calculated from Shiller CAPE and 10Y Treasury
CAPE,1963-07-01,19.969231885949636,Robert Shiller/Yale monthly data
CAPE_YIELD_SPREAD,1963-07-01,0.987704,Calculated from Shiller CAPE and 10Y Treasury
CAPE,1963-08-01,20.47263790052768,Robert Shiller/Yale monthly data
CAPE_YIELD_SPREAD,1963-08-01,0.884568,Calculated from Shiller CAPE and 10Y Treasury
CAPE,1963-09-01,20.96036009070511,Robert Shiller/Yale monthly data
CAPE_YIELD_SPREAD,1963-09-01,0.690910,Calculated from Shiller CAPE and 10Y Treasury
CAPE,1963-10-01,20.891344595411496,Robert Shiller/Yale monthly data
CAPE_YIELD_SPREAD,1963-10-01,0.676671,Calculated from Shiller CAPE and 10Y Treasury
CAPE,1963-11-01,20.720399335339703,Robert Shiller/Yale monthly data
CAPE_YIELD_SPREAD,1963-11-01,0.706162,Calculated from Shiller CAPE and 10Y Treasury
CAPE,1963-12-01,21.038599376737046,Robert Shiller/Yale monthly data
CAPE_YIELD_SPREAD,1963-12-01,0.623168,Calculated from Shiller CAPE and 10Y Treasury
CAPE,1964-01-01,21.627216196980918,Robert Shiller/Yale monthly data
CAPE_YIELD_SPREAD,1964-01-01,0.453804,Calculated from Shiller CAPE and 10Y Treasury
CAPE,1964-02-01,21.83267082671032,Robert Shiller/Yale monthly data
CAPE_YIELD_SPREAD,1964-02-01,0.430292,Calculated from Shiller CAPE and 10Y Treasury
CAPE,1964-03-01,22.167245585982627,Robert Shiller/Yale monthly data
CAPE_YIELD_SPREAD,1964-03-01,0.291160,Calculated from Shiller CAPE and 10Y Treasury
CAPE,1964-04-01,22.42219216973717,Robert Shiller/Yale monthly data
CAPE_YIELD_SPREAD,1964-04-01,0.229867,Calculated from Shiller CAPE and 10Y Treasury
CAPE,1964-05-01,22.57433076956383,Robert Shiller/Yale monthly data
CAPE_YIELD_SPREAD,1964-05-01,0.229810,Calculated from Shiller CAPE and 10Y Treasury
CAPE,1964-06-01,22.30028803608278,Robert Shiller/Yale monthly data
CAPE_YIELD_SPREAD,1964-06-01,0.314247,Calculated from Shiller CAPE and 10Y Treasury
CAPE,1964-07-01,22.984351845738395,Robert Shiller/Yale monthly data
CAPE_YIELD_SPREAD,1964-07-01,0.160786,Calculated from Shiller CAPE and 10Y Treasury
CAPE,1964-08-01,22.650407292938787,Robert Shiller/Yale monthly data
CAPE_YIELD_SPREAD,1964-08-01,0.224932,Calculated from Shiller CAPE and 10Y Treasury
CAPE,1964-09-01,22.892221984231682,Robert Shiller/Yale monthly data
CAPE_YIELD_SPREAD,1964-09-01,0.168296,Calculated from Shiller CAPE and 10Y Treasury
CAPE,1964-10-01,23.212154680675336,Robert Shiller/Yale monthly data
CAPE_YIELD_SPREAD,1964-10-01,0.118088,Calculated from Shiller CAPE and 10Y Treasury
CAPE,1964-11-01,23.22501979309582,Robert Shiller/Yale monthly data
CAPE_YIELD_SPREAD,1964-11-01,0.155701,Calculated from Shiller CAPE and 10Y Treasury
CAPE,1964-12-01,22.752984772787265,Robert Shiller/Yale monthly data
CAPE_YIELD_SPREAD,1964-12-01,0.215028,Calculated from Shiller CAPE and 10Y Treasury
CAPE,1965-01-01,23.26933508192247,Robert Shiller/Yale monthly data
CAPE_YIELD_SPREAD,1965-01-01,0.107501,Calculated from Shiller CAPE and 10Y Treasury
CAPE,1965-02-01,23.372068272751335,Robert Shiller/Yale monthly data
CAPE_YIELD_SPREAD,1965-02-01,0.068611,Calculated from Shiller CAPE and 10Y Treasury
CAPE,1965-03-01,23.253528200034843,Robert Shiller/Yale monthly data
CAPE_YIELD_SPREAD,1965-03-01,0.090423,Calculated from Shiller CAPE and 10Y Treasury
CAPE,1965-04-01,23.420551954771298,Robert Shiller/Yale monthly data
CAPE_YIELD_SPREAD,1965-04-01,0.069754,Calculated from Shiller CAPE and 10Y Treasury
CAPE,1965-05-01,23.708808308861947,Robert Shiller/Yale monthly data
CAPE_YIELD_SPREAD,1965-05-01,0.007842,Calculated from Shiller CAPE and 10Y Treasury
CAPE,1965-06-01,22.385342986457793,Robert Shiller/Yale monthly data
CAPE_YIELD_SPREAD,1965-06-01,0.257209,Calculated from Shiller CAPE and 10Y Treasury
CAPE,1965-07-01,22.300781712174434,Robert Shiller/Yale monthly data
CAPE_YIELD_SPREAD,1965-07-01,0.284148,Calculated from Shiller CAPE and 10Y Treasury
CAPE,1965-08-01,22.66597184596439,Robert Shiller/Yale monthly data
CAPE_YIELD_SPREAD,1965-08-01,0.161900,Calculated from Shiller CAPE and 10Y Treasury
CAPE,1965-09-01,23.374146831648627,Robert Shiller/Yale monthly data
CAPE_YIELD_SPREAD,1965-09-01,-0.011769,Calculated from Shiller CAPE and 10Y Treasury
CAPE,1965-10-01,23.775745523312697,Robert Shiller/Yale monthly data
CAPE_YIELD_SPREAD,1965-10-01,-0.144033,Calculated from Shiller CAPE and 10Y Treasury
CAPE,1965-11-01,23.925461156673727,Robert Shiller/Yale monthly data
CAPE_YIELD_SPREAD,1965-11-01,-0.270352,Calculated from Shiller CAPE and 10Y Treasury
CAPE,1965-12-01,23.69411154910632,Robert Shiller/Yale monthly data
CAPE_YIELD_SPREAD,1965-12-01,-0.399542,Calculated from Shiller CAPE and 10Y Treasury
CAPE,1966-01-01,24.05848338842175,Robert Shiller/Yale monthly data
CAPE_YIELD_SPREAD,1966-01-01,-0.453462,Calculated from Shiller CAPE and 10Y Treasury
CAPE,1966-02-01,23.7000271455794,Robert Shiller/Yale monthly data
CAPE_YIELD_SPREAD,1966-02-01,-0.610596,Calculated from Shiller CAPE and 10Y Treasury
CAPE,1966-03-01,22.61111258229,Robert Shiller/Yale monthly data
CAPE_YIELD_SPREAD,1966-03-01,-0.447396,Calculated from Shiller CAPE and 10Y Treasury
CAPE,1966-04-01,23.11369646261583,Robert Shiller/Yale monthly data
CAPE_YIELD_SPREAD,1966-04-01,-0.423561,Calculated from Shiller CAPE and 10Y Treasury
CAPE,1966-05-01,21.852177976763098,Robert Shiller/Yale monthly data
CAPE_YIELD_SPREAD,1966-05-01,-0.203797,Calculated from Shiller CAPE and 10Y Treasury
CAPE,1966-06-01,21.55525338322626,Robert Shiller/Yale monthly data
CAPE_YIELD_SPREAD,1966-06-01,-0.170760,Calculated from Shiller CAPE and 10Y Treasury
CAPE,1966-07-01,21.38170200743342,Robert Shiller/Yale monthly data
CAPE_YIELD_SPREAD,1966-07-01,-0.343104,Calculated from Shiller CAPE and 10Y Treasury
CAPE,1966-08-01,19.913903864009814,Robert Shiller/Yale monthly data
CAPE_YIELD_SPREAD,1966-08-01,-0.198383,Calculated from Shiller CAPE and 10Y Treasury
CAPE,1966-09-01,19.16167625061501,Robert Shiller/Yale monthly data
CAPE_YIELD_SPREAD,1966-09-01,0.038750,Calculated from Shiller CAPE and 10Y Treasury
CAPE,1966-10-01,18.825409371315686,Robert Shiller/Yale monthly data
CAPE_YIELD_SPREAD,1966-10-01,0.301969,Calculated from Shiller CAPE and 10Y Treasury
CAPE,1966-11-01,19.71125121192897,Robert Shiller/Yale monthly data
CAPE_YIELD_SPREAD,1966-11-01,-0.086755,Calculated from Shiller CAPE and 10Y Treasury
CAPE,1966-12-01,19.736473752791973,Robert Shiller/Yale monthly data
CAPE_YIELD_SPREAD,1966-12-01,0.226761,Calculated from Shiller CAPE and 10Y Treasury
CAPE,1967-01-01,20.432242125384285,Robert Shiller/Yale monthly data
CAPE_YIELD_SPREAD,1967-01-01,0.314225,Calculated from Shiller CAPE and 10Y Treasury
CAPE,1967-02-01,21.074443163678442,Robert Shiller/Yale monthly data
CAPE_YIELD_SPREAD,1967-02-01,0.115084,Calculated from Shiller CAPE and 10Y Treasury
CAPE,1967-03-01,21.443898602019097,Robert Shiller/Yale monthly data
CAPE_YIELD_SPREAD,1967-03-01,0.123331,Calculated from Shiller CAPE and 10Y Treasury
CAPE,1967-04-01,21.686025566746245,Robert Shiller/Yale monthly data
CAPE_YIELD_SPREAD,1967-04-01,0.021265,Calculated from Shiller CAPE and 10Y Treasury
CAPE,1967-05-01,21.9484773896584,Robert Shiller/Yale monthly data
CAPE_YIELD_SPREAD,1967-05-01,-0.293875,Calculated from Shiller CAPE and 10Y Treasury
CAPE,1967-06-01,21.552097609793485,Robert Shiller/Yale monthly data
CAPE_YIELD_SPREAD,1967-06-01,-0.380080,Calculated from Shiller CAPE and 10Y Treasury
CAPE,1967-07-01,21.80419624566637,Robert Shiller/Yale monthly data
CAPE_YIELD_SPREAD,1967-07-01,-0.573727,Calculated from Shiller CAPE and 10Y Treasury
CAPE,1967-08-01,22.030627049126025,Robert Shiller/Yale monthly data
CAPE_YIELD_SPREAD,1967-08-01,-0.740865,Calculated from Shiller CAPE and 10Y Treasury
CAPE,1967-09-01,22.219145488664797,Robert Shiller/Yale monthly data
CAPE_YIELD_SPREAD,1967-09-01,-0.799377,Calculated from Shiller CAPE and 10Y Treasury
CAPE,1967-10-01,22.06819919418389,Robert Shiller/Yale monthly data
CAPE_YIELD_SPREAD,1967-10-01,-0.948593,Calculated from Shiller CAPE and 10Y Treasury
CAPE,1967-11-01,21.26310296833628,Robert Shiller/Yale monthly data
CAPE_YIELD_SPREAD,1967-11-01,-1.047018,Calculated from Shiller CAPE and 10Y Treasury
CAPE,1967-12-01,21.75159780872363,Robert Shiller/Yale monthly data
CAPE_YIELD_SPREAD,1967-12-01,-1.102637,Calculated from Shiller CAPE and 10Y Treasury
CAPE,1968-01-01,21.511535896332184,Robert Shiller/Yale monthly data
CAPE_YIELD_SPREAD,1968-01-01,-0.881331,Calculated from Shiller CAPE and 10Y Treasury
CAPE,1968-02-01,20.424992376214224,Robert Shiller/Yale monthly data
CAPE_YIELD_SPREAD,1968-02-01,-0.664037,Calculated from Shiller CAPE and 10Y Treasury
CAPE,1968-03-01,19.934711308295707,Robert Shiller/Yale monthly data
CAPE_YIELD_SPREAD,1968-03-01,-0.723624,Calculated from Shiller CAPE and 10Y Treasury
CAPE,1968-04-01,21.277356015671746,Robert Shiller/Yale monthly data
CAPE_YIELD_SPREAD,1968-04-01,-0.940168,Calculated from Shiller CAPE and 10Y Treasury
CAPE,1968-05-01,21.63022714277988,Robert Shiller/Yale monthly data
CAPE_YIELD_SPREAD,1968-05-01,-1.246840,Calculated from Shiller CAPE and 10Y Treasury
CAPE,1968-06-01,22.00462343134654,Robert Shiller/Yale monthly data
CAPE_YIELD_SPREAD,1968-06-01,-1.175501,Calculated from Shiller CAPE and 10Y Treasury
CAPE,1968-07-01,21.753537415670948,Robert Shiller/Yale monthly data
CAPE_YIELD_SPREAD,1968-07-01,-0.903046,Calculated from Shiller CAPE and 10Y Treasury
CAPE,1968-08-01,21.13776679361786,Robert Shiller/Yale monthly data
CAPE_YIELD_SPREAD,1968-08-01,-0.689131,Calculated from Shiller CAPE and 10Y Treasury
CAPE,1968-09-01,21.680275633292936,Robert Shiller/Yale monthly data
CAPE_YIELD_SPREAD,1968-09-01,-0.847513,Calculated from Shiller CAPE and 10Y Treasury
CAPE,1968-10-01,22.004606927956893,Robert Shiller/Yale monthly data
CAPE_YIELD_SPREAD,1968-10-01,-1.035497,Calculated from Shiller CAPE and 10Y Treasury
CAPE,1968-11-01,22.19552922715816,Robert Shiller/Yale monthly data
CAPE_YIELD_SPREAD,1968-11-01,-1.194588,Calculated from Shiller CAPE and 10Y Treasury
CAPE,1968-12-01,22.277872995434887,Robert Shiller/Yale monthly data
CAPE_YIELD_SPREAD,1968-12-01,-1.541241,Calculated from Shiller CAPE and 10Y Treasury
CAPE,1969-01-01,21.194968072847164,Robert Shiller/Yale monthly data
CAPE_YIELD_SPREAD,1969-01-01,-1.321899,Calculated from Shiller CAPE and 10Y Treasury
CAPE,1969-02-01,20.895729901987245,Robert Shiller/Yale monthly data
CAPE_YIELD_SPREAD,1969-02-01,-1.404333,Calculated from Shiller CAPE and 10Y Treasury
CAPE,1969-03-01,20.202287616481666,Robert Shiller/Yale monthly data
CAPE_YIELD_SPREAD,1969-03-01,-1.350066,Calculated from Shiller CAPE and 10Y Treasury
CAPE,1969-04-01,20.42860808193217,Robert Shiller/Yale monthly data
CAPE_YIELD_SPREAD,1969-04-01,-1.274904,Calculated from Shiller CAPE and 10Y Treasury
CAPE,1969-05-01,20.97225827197211,Robert Shiller/Yale monthly data
CAPE_YIELD_SPREAD,1969-05-01,-1.551796,Calculated from Shiller CAPE and 10Y Treasury
CAPE,1969-06-01,19.71334158375764,Robert Shiller/Yale monthly data
CAPE_YIELD_SPREAD,1969-06-01,-1.497293,Calculated from Shiller CAPE and 10Y Treasury
CAPE,1969-07-01,18.68170820719277,Robert Shiller/Yale monthly data
CAPE_YIELD_SPREAD,1969-07-01,-1.367170,Calculated from Shiller CAPE and 10Y Treasury
CAPE,1969-08-01,18.429515590207753,Robert Shiller/Yale monthly data
CAPE_YIELD_SPREAD,1969-08-01,-1.263921,Calculated from Shiller CAPE and 10Y Treasury
CAPE,1969-09-01,18.39804634467698,Robert Shiller/Yale monthly data
CAPE_YIELD_SPREAD,1969-09-01,-1.724640,Calculated from Shiller CAPE and 10Y Treasury
CAPE,1969-10-01,18.448662031815367,Robert Shiller/Yale monthly data
CAPE_YIELD_SPREAD,1969-10-01,-1.679553,Calculated from Shiller CAPE and 10Y Treasury
CAPE,1969-11-01,18.437760084691057,Robert Shiller/Yale monthly data
CAPE_YIELD_SPREAD,1969-11-01,-1.716348,Calculated from Shiller CAPE and 10Y Treasury
CAPE,1969-12-01,17.326929913742696,Robert Shiller/Yale monthly data
CAPE_YIELD_SPREAD,1969-12-01,-1.878637,Calculated from Shiller CAPE and 10Y Treasury
CAPE,1970-01-01,17.09054139514022,Robert Shiller/Yale monthly data
CAPE_YIELD_SPREAD,1970-01-01,-1.938810,Calculated from Shiller CAPE and 10Y Treasury
CAPE,1970-02-01,16.37258678715986,Robert Shiller/Yale monthly data
CAPE_YIELD_SPREAD,1970-02-01,-1.132230,Calculated from Shiller CAPE and 10Y Treasury
CAPE,1970-03-01,16.53169081394363,Robert Shiller/Yale monthly data
CAPE_YIELD_SPREAD,1970-03-01,-1.021012,Calculated from Shiller CAPE and 10Y Treasury
CAPE,1970-04-01,15.873067819354068,Robert Shiller/Yale monthly data
CAPE_YIELD_SPREAD,1970-04-01,-1.090021,Calculated from Shiller CAPE and 10Y Treasury
CAPE,1970-05-01,13.9838360607892,Robert Shiller/Yale monthly data
CAPE_YIELD_SPREAD,1970-05-01,-0.758886,Calculated from Shiller CAPE and 10Y Treasury
CAPE,1970-06-01,13.799691797725194,Robert Shiller/Yale monthly data
CAPE_YIELD_SPREAD,1970-06-01,-0.593461,Calculated from Shiller CAPE and 10Y Treasury
CAPE,1970-07-01,13.726499744359778,Robert Shiller/Yale monthly data
CAPE_YIELD_SPREAD,1970-07-01,-0.174822,Calculated from Shiller CAPE and 10Y Treasury
CAPE,1970-08-01,14.10045651681546,Robert Shiller/Yale monthly data
CAPE_YIELD_SPREAD,1970-08-01,-0.438031,Calculated from Shiller CAPE and 10Y Treasury
CAPE,1970-09-01,14.84266114524223,Robert Shiller/Yale monthly data
CAPE_YIELD_SPREAD,1970-09-01,-0.652664,Calculated from Shiller CAPE and 10Y Treasury
CAPE,1970-10-01,15.064185404089638,Robert Shiller/Yale monthly data
CAPE_YIELD_SPREAD,1970-10-01,-0.691739,Calculated from Shiller CAPE and 10Y Treasury
CAPE,1970-11-01,14.95076190879174,Robert Shiller/Yale monthly data
CAPE_YIELD_SPREAD,1970-11-01,-0.151378,Calculated from Shiller CAPE and 10Y Treasury
CAPE,1970-12-01,15.87384068720575,Robert Shiller/Yale monthly data
CAPE_YIELD_SPREAD,1970-12-01,-0.090327,Calculated from Shiller CAPE and 10Y Treasury
CAPE,1971-01-01,16.461793943491948,Robert Shiller/Yale monthly data
CAPE_YIELD_SPREAD,1971-01-01,-0.165328,Calculated from Shiller CAPE and 10Y Treasury
CAPE,1971-02-01,17.03453478150213,Robert Shiller/Yale monthly data
CAPE_YIELD_SPREAD,1971-02-01,-0.239573,Calculated from Shiller CAPE and 10Y Treasury
CAPE,1971-03-01,17.40290260718888,Robert Shiller/Yale monthly data
CAPE_YIELD_SPREAD,1971-03-01,0.046168,Calculated from Shiller CAPE and 10Y Treasury
CAPE,1971-04-01,17.924110447959617,Robert Shiller/Yale monthly data
CAPE_YIELD_SPREAD,1971-04-01,-0.250923,Calculated from Shiller CAPE and 10Y Treasury
CAPE,1971-05-01,17.56415327969939,Robert Shiller/Yale monthly data
CAPE_YIELD_SPREAD,1971-05-01,-0.696586,Calculated from Shiller CAPE and 10Y Treasury
CAPE,1971-06-01,17.08316688007071,Robert Shiller/Yale monthly data
CAPE_YIELD_SPREAD,1971-06-01,-0.666284,Calculated from Shiller CAPE and 10Y Treasury
CAPE,1971-07-01,16.889414708693362,Robert Shiller/Yale monthly data
CAPE_YIELD_SPREAD,1971-07-01,-0.809132,Calculated from Shiller CAPE and 10Y Treasury
CAPE,1971-08-01,16.51944944305157,Robert Shiller/Yale monthly data
CAPE_YIELD_SPREAD,1971-08-01,-0.526529,Calculated from Shiller CAPE and 10Y Treasury
CAPE,1971-09-01,16.856792547836005,Robert Shiller/Yale monthly data
CAPE_YIELD_SPREAD,1971-09-01,-0.207673,Calculated from Shiller CAPE and 10Y Treasury
CAPE,1971-10-01,16.428862709159475,Robert Shiller/Yale monthly data
CAPE_YIELD_SPREAD,1971-10-01,0.156849,Calculated from Shiller CAPE and 10Y Treasury
CAPE,1971-11-01,15.638712654326651,Robert Shiller/Yale monthly data
CAPE_YIELD_SPREAD,1971-11-01,0.584388,Calculated from Shiller CAPE and 10Y Treasury
CAPE,1971-12-01,16.603557212925338,Robert Shiller/Yale monthly data
CAPE_YIELD_SPREAD,1971-12-01,0.092806,Calculated from Shiller CAPE and 10Y Treasury
CAPE,1972-01-01,17.26299679703518,Robert Shiller/Yale monthly data
CAPE_YIELD_SPREAD,1972-01-01,-0.157263,Calculated from Shiller CAPE and 10Y Treasury
CAPE,1972-02-01,17.464147605486172,Robert Shiller/Yale monthly data
CAPE_YIELD_SPREAD,1972-02-01,-0.353983,Calculated from Shiller CAPE and 10Y Treasury
CAPE,1972-03-01,17.805643849614942,Robert Shiller/Yale monthly data
CAPE_YIELD_SPREAD,1972-03-01,-0.453803,Calculated from Shiller CAPE and 10Y Treasury
CAPE,1972-04-01,17.9151616784983,Robert Shiller/Yale monthly data
CAPE_YIELD_SPREAD,1972-04-01,-0.608136,Calculated from Shiller CAPE and 10Y Treasury
CAPE,1972-05-01,17.662646200372553,Robert Shiller/Yale monthly data
CAPE_YIELD_SPREAD,1972-05-01,-0.468334,Calculated from Shiller CAPE and 10Y Treasury
CAPE,1972-06-01,17.64085731574026,Robert Shiller/Yale monthly data
CAPE_YIELD_SPREAD,1972-06-01,-0.441341,Calculated from Shiller CAPE and 10Y Treasury
CAPE,1972-07-01,17.39869003113818,Robert Shiller/Yale monthly data
CAPE_YIELD_SPREAD,1972-07-01,-0.362441,Calculated from Shiller CAPE and 10Y Treasury
CAPE,1972-08-01,17.943404688029805,Robert Shiller/Yale monthly data
CAPE_YIELD_SPREAD,1972-08-01,-0.636922,Calculated from Shiller CAPE and 10Y Treasury
CAPE,1972-09-01,17.613854552912116,Robert Shiller/Yale monthly data
CAPE_YIELD_SPREAD,1972-09-01,-0.872651,Calculated from Shiller CAPE and 10Y Treasury
CAPE,1972-10-01,17.533183854158562,Robert Shiller/Yale monthly data
CAPE_YIELD_SPREAD,1972-10-01,-0.776529,Calculated from Shiller CAPE and 10Y Treasury
CAPE,1972-11-01,18.338894714968063,Robert Shiller/Yale monthly data
CAPE_YIELD_SPREAD,1972-11-01,-0.827109,Calculated from Shiller CAPE and 10Y Treasury
CAPE,1972-12-01,18.645719442073688,Robert Shiller/Yale monthly data
CAPE_YIELD_SPREAD,1972-12-01,-0.996839,Calculated from Shiller CAPE and 10Y Treasury
CAPE,1973-01-01,18.71253046730244,Robert Shiller/Yale monthly data
CAPE_YIELD_SPREAD,1973-01-01,-1.115987,Calculated from Shiller CAPE and 10Y Treasury
CAPE,1973-02-01,17.889889599193758,Robert Shiller/Yale monthly data
CAPE_YIELD_SPREAD,1973-02-01,-1.050251,Calculated from Shiller CAPE and 10Y Treasury
CAPE,1973-03-01,17.412142058290343,Robert Shiller/Yale monthly data
CAPE_YIELD_SPREAD,1973-03-01,-0.966881,Calculated from Shiller CAPE and 10Y Treasury
CAPE,1973-04-01,16.935740066050833,Robert Shiller/Yale monthly data
CAPE_YIELD_SPREAD,1973-04-01,-0.765327,Calculated from Shiller CAPE and 10Y Treasury
CAPE,1973-05-01,16.31433875966858,Robert Shiller/Yale monthly data
CAPE_YIELD_SPREAD,1973-05-01,-0.720423,Calculated from Shiller CAPE and 10Y Treasury
CAPE,1973-06-01,15.808323047681982,Robert Shiller/Yale monthly data
CAPE_YIELD_SPREAD,1973-06-01,-0.574218,Calculated from Shiller CAPE and 10Y Treasury
CAPE,1973-07-01,15.889518573988788,Robert Shiller/Yale monthly data
CAPE_YIELD_SPREAD,1973-07-01,-0.836543,Calculated from Shiller CAPE and 10Y Treasury
CAPE,1973-08-01,15.278501094706126,Robert Shiller/Yale monthly data
CAPE_YIELD_SPREAD,1973-08-01,-0.854855,Calculated from Shiller CAPE and 10Y Treasury
CAPE,1973-09-01,15.475308601805562,Robert Shiller/Yale monthly data
CAPE_YIELD_SPREAD,1973-09-01,-0.628093,Calculated from Shiller CAPE and 10Y Treasury
CAPE,1973-10-01,15.913516308933387,Robert Shiller/Yale monthly data
CAPE_YIELD_SPREAD,1973-10-01,-0.506034,Calculated from Shiller CAPE and 10Y Treasury
CAPE,1973-11-01,14.65184515971057,Robert Shiller/Yale monthly data
CAPE_YIELD_SPREAD,1973-11-01,0.095079,Calculated from Shiller CAPE and 10Y Treasury
CAPE,1973-12-01,13.49332968620589,Robert Shiller/Yale monthly data
CAPE_YIELD_SPREAD,1973-12-01,0.671069,Calculated from Shiller CAPE and 10Y Treasury
CAPE,1974-01-01,13.53072189251395,Robert Shiller/Yale monthly data
CAPE_YIELD_SPREAD,1974-01-01,0.400589,Calculated from Shiller CAPE and 10Y Treasury
CAPE,1974-02-01,12.95732128020539,Robert Shiller/Yale monthly data
CAPE_YIELD_SPREAD,1974-02-01,0.757645,Calculated from Shiller CAPE and 10Y Treasury
CAPE,1974-03-01,13.310364239140162,Robert Shiller/Yale monthly data
CAPE_YIELD_SPREAD,1974-03-01,0.302942,Calculated from Shiller CAPE and 10Y Treasury
CAPE,1974-04-01,12.550411048540903,Robert Shiller/Yale monthly data
CAPE_YIELD_SPREAD,1974-04-01,0.457867,Calculated from Shiller CAPE and 10Y Treasury
CAPE,1974-05-01,11.995436947329656,Robert Shiller/Yale monthly data
CAPE_YIELD_SPREAD,1974-05-01,0.756503,Calculated from Shiller CAPE and 10Y Treasury
CAPE,1974-06-01,11.888498820078995,Robert Shiller/Yale monthly data
CAPE_YIELD_SPREAD,1974-06-01,0.871491,Calculated from Shiller CAPE and 10Y Treasury
CAPE,1974-07-01,10.394141805327047,Robert Shiller/Yale monthly data
CAPE_YIELD_SPREAD,1974-07-01,1.810804,Calculated from Shiller CAPE and 10Y Treasury
CAPE,1974-08-01,9.824195723141193,Robert Shiller/Yale monthly data
CAPE_YIELD_SPREAD,1974-08-01,2.138950,Calculated from Shiller CAPE and 10Y Treasury
CAPE,1974-09-01,8.680421305646332,Robert Shiller/Yale monthly data
CAPE_YIELD_SPREAD,1974-09-01,3.480178,Calculated from Shiller CAPE and 10Y Treasury
CAPE,1974-10-01,8.74498383380958,Robert Shiller/Yale monthly data
CAPE_YIELD_SPREAD,1974-10-01,3.535127,Calculated from Shiller CAPE and 10Y Treasury
CAPE,1974-11-01,8.948984512755603,Robert Shiller/Yale monthly data
CAPE_YIELD_SPREAD,1974-11-01,3.494452,Calculated from Shiller CAPE and 10Y Treasury
CAPE,1974-12-01,8.289060055923079,Robert Shiller/Yale monthly data
CAPE_YIELD_SPREAD,1974-12-01,4.634094,Calculated from Shiller CAPE and 10Y Treasury
CAPE,1975-01-01,8.920995508404246,Robert Shiller/Yale monthly data
CAPE_YIELD_SPREAD,1975-01-01,3.709511,Calculated from Shiller CAPE and 10Y Treasury
CAPE,1975-02-01,9.762246716166462,Robert Shiller/Yale monthly data
CAPE_YIELD_SPREAD,1975-02-01,2.853544,Calculated from Shiller CAPE and 10Y Treasury
CAPE,1975-03-01,10.163796767444031,Robert Shiller/Yale monthly data
CAPE_YIELD_SPREAD,1975-03-01,2.108843,Calculated from Shiller CAPE and 10Y Treasury
CAPE,1975-04-01,10.233076136605915,Robert Shiller/Yale monthly data
CAPE_YIELD_SPREAD,1975-04-01,1.542233,Calculated from Shiller CAPE and 10Y Treasury
CAPE,1975-05-01,10.818139119335804,Robert Shiller/Yale monthly data
CAPE_YIELD_SPREAD,1975-05-01,1.183734,Calculated from Shiller CAPE and 10Y Treasury
CAPE,1975-06-01,11.01135460924766,Robert Shiller/Yale monthly data
CAPE_YIELD_SPREAD,1975-06-01,1.221535,Calculated from Shiller CAPE and 10Y Treasury
CAPE,1975-07-01,10.902767048238571,Robert Shiller/Yale monthly data
CAPE_YIELD_SPREAD,1975-07-01,1.111984,Calculated from Shiller CAPE and 10Y Treasury
CAPE,1975-08-01,10.089769593328011,Robert Shiller/Yale monthly data
CAPE_YIELD_SPREAD,1975-08-01,1.511029,Calculated from Shiller CAPE and 10Y Treasury
CAPE,1975-09-01,9.918905356559415,Robert Shiller/Yale monthly data
CAPE_YIELD_SPREAD,1975-09-01,1.651758,Calculated from Shiller CAPE and 10Y Treasury
CAPE,1975-10-01,10.32759977750111,Robert Shiller/Yale monthly data
CAPE_YIELD_SPREAD,1975-10-01,1.542792,Calculated from Shiller CAPE and 10Y Treasury
CAPE,1975-11-01,10.435859457947894,Robert Shiller/Yale monthly data
CAPE_YIELD_SPREAD,1975-11-01,1.532344,Calculated from Shiller CAPE and 10Y Treasury
CAPE,1975-12-01,10.250368416256833,Robert Shiller/Yale monthly data
CAPE_YIELD_SPREAD,1975-12-01,1.755747,Calculated from Shiller CAPE and 10Y Treasury
CAPE,1976-01-01,11.185051362622144,Robert Shiller/Yale monthly data
CAPE_YIELD_SPREAD,1976-01-01,1.200504,Calculated from Shiller CAPE and 10Y Treasury
CAPE,1976-02-01,11.586092994449684,Robert Shiller/Yale monthly data
CAPE_YIELD_SPREAD,1976-02-01,0.841037,Calculated from Shiller CAPE and 10Y Treasury
CAPE,1976-03-01,11.631754403566507,Robert Shiller/Yale monthly data
CAPE_YIELD_SPREAD,1976-03-01,0.867155,Calculated from Shiller CAPE and 10Y Treasury
CAPE,1976-04-01,11.689164132206365,Robert Shiller/Yale monthly data
CAPE_YIELD_SPREAD,1976-04-01,0.994932,Calculated from Shiller CAPE and 10Y Treasury
CAPE,1976-05-01,11.53205358560942,Robert Shiller/Yale monthly data
CAPE_YIELD_SPREAD,1976-05-01,0.771482,Calculated from Shiller CAPE and 10Y Treasury
CAPE,1976-06-01,11.543841631417097,Robert Shiller/Yale monthly data
CAPE_YIELD_SPREAD,1976-06-01,0.802628,Calculated from Shiller CAPE and 10Y Treasury
CAPE,1976-07-01,11.757490488689907,Robert Shiller/Yale monthly data
CAPE_YIELD_SPREAD,1976-07-01,0.675216,Calculated from Shiller CAPE and 10Y Treasury
CAPE,1976-08-01,11.597986002509245,Robert Shiller/Yale monthly data
CAPE_YIELD_SPREAD,1976-08-01,0.852187,Calculated from Shiller CAPE and 10Y Treasury
CAPE,1976-09-01,11.805990949539783,Robert Shiller/Yale monthly data
CAPE_YIELD_SPREAD,1976-09-01,0.880276,Calculated from Shiller CAPE and 10Y Treasury
CAPE,1976-10-01,11.345696136316695,Robert Shiller/Yale monthly data
CAPE_YIELD_SPREAD,1976-10-01,1.403915,Calculated from Shiller CAPE and 10Y Treasury
CAPE,1976-11-01,11.24885586050796,Robert Shiller/Yale monthly data
CAPE_YIELD_SPREAD,1976-11-01,1.599793,Calculated from Shiller CAPE and 10Y Treasury
CAPE,1976-12-01,11.597589726582937,Robert Shiller/Yale monthly data
CAPE_YIELD_SPREAD,1976-12-01,1.752481,Calculated from Shiller CAPE and 10Y Treasury
CAPE,1977-01-01,11.437961346787548,Robert Shiller/Yale monthly data
CAPE_YIELD_SPREAD,1977-01-01,1.532817,Calculated from Shiller CAPE and 10Y Treasury
CAPE,1977-02-01,11.014841854222773,Robert Shiller/Yale monthly data
CAPE_YIELD_SPREAD,1977-02-01,1.688660,Calculated from Shiller CAPE and 10Y Treasury
CAPE,1977-03-01,10.895746511662736,Robert Shiller/Yale monthly data
CAPE_YIELD_SPREAD,1977-03-01,1.717893,Calculated from Shiller CAPE and 10Y Treasury
CAPE,1977-04-01,10.636037409141354,Robert Shiller/Yale monthly data
CAPE_YIELD_SPREAD,1977-04-01,2.031998,Calculated from Shiller CAPE and 10Y Treasury
CAPE,1977-05-01,10.548486693556994,Robert Shiller/Yale monthly data
CAPE_YIELD_SPREAD,1977-05-01,2.020033,Calculated from Shiller CAPE and 10Y Treasury
CAPE,1977-06-01,10.530023959090755,Robert Shiller/Yale monthly data
CAPE_YIELD_SPREAD,1977-06-01,2.216655,Calculated from Shiller CAPE and 10Y Treasury
CAPE,1977-07-01,10.567692447775404,Robert Shiller/Yale monthly data
CAPE_YIELD_SPREAD,1977-07-01,2.132804,Calculated from Shiller CAPE and 10Y Treasury
CAPE,1977-08-01,10.268385666710993,Robert Shiller/Yale monthly data
CAPE_YIELD_SPREAD,1977-08-01,2.338629,Calculated from Shiller CAPE and 10Y Treasury
CAPE,1977-09-01,10.0677428200707,Robert Shiller/Yale monthly data
CAPE_YIELD_SPREAD,1977-09-01,2.592713,Calculated from Shiller CAPE and 10Y Treasury
CAPE,1977-10-01,9.766666299556544,Robert Shiller/Yale monthly data
CAPE_YIELD_SPREAD,1977-10-01,2.718908,Calculated from Shiller CAPE and 10Y Treasury
CAPE,1977-11-01,9.766299983660199,Robert Shiller/Yale monthly data
CAPE_YIELD_SPREAD,1977-11-01,2.659292,Calculated from Shiller CAPE and 10Y Treasury
CAPE,1977-12-01,9.678266582535919,Robert Shiller/Yale monthly data
CAPE_YIELD_SPREAD,1977-12-01,2.642429,Calculated from Shiller CAPE and 10Y Treasury
CAPE,1978-01-01,9.241462260934686,Robert Shiller/Yale monthly data
CAPE_YIELD_SPREAD,1978-01-01,2.860798,Calculated from Shiller CAPE and 10Y Treasury
CAPE,1978-02-01,9.04526357070474,Robert Shiller/Yale monthly data
CAPE_YIELD_SPREAD,1978-02-01,3.025510,Calculated from Shiller CAPE and 10Y Treasury
CAPE,1978-03-01,8.950420077633895,Robert Shiller/Yale monthly data
CAPE_YIELD_SPREAD,1978-03-01,3.132660,Calculated from Shiller CAPE and 10Y Treasury
CAPE,1978-04-01,9.262588720866844,Robert Shiller/Yale monthly data
CAPE_YIELD_SPREAD,1978-04-01,2.646118,Calculated from Shiller CAPE and 10Y Treasury
CAPE,1978-05-01,9.634910728598449,Robert Shiller/Yale monthly data
CAPE_YIELD_SPREAD,1978-05-01,2.028923,Calculated from Shiller CAPE and 10Y Treasury
CAPE,1978-06-01,9.549678981041739,Robert Shiller/Yale monthly data
CAPE_YIELD_SPREAD,1978-06-01,2.011556,Calculated from Shiller CAPE and 10Y Treasury
CAPE,1978-07-01,9.425524047787361,Robert Shiller/Yale monthly data
CAPE_YIELD_SPREAD,1978-07-01,1.969490,Calculated from Shiller CAPE and 10Y Treasury
CAPE,1978-08-01,10.023970854003755,Robert Shiller/Yale monthly data
CAPE_YIELD_SPREAD,1978-08-01,1.566086,Calculated from Shiller CAPE and 10Y Treasury
CAPE,1978-09-01,9.94188747300441,Robert Shiller/Yale monthly data
CAPE_YIELD_SPREAD,1978-09-01,1.638452,Calculated from Shiller CAPE and 10Y Treasury
CAPE,1978-10-01,9.533608358208834,Robert Shiller/Yale monthly data
CAPE_YIELD_SPREAD,1978-10-01,1.849208,Calculated from Shiller CAPE and 10Y Treasury
CAPE,1978-11-01,8.928418902293153,Robert Shiller/Yale monthly data
CAPE_YIELD_SPREAD,1978-11-01,2.390191,Calculated from Shiller CAPE and 10Y Treasury
CAPE,1978-12-01,9.011941819133831,Robert Shiller/Yale monthly data
CAPE_YIELD_SPREAD,1978-12-01,2.086388,Calculated from Shiller CAPE and 10Y Treasury
CAPE,1979-01-01,9.257636919139975,Robert Shiller/Yale monthly data
CAPE_YIELD_SPREAD,1979-01-01,1.701893,Calculated from Shiller CAPE and 10Y Treasury
CAPE,1979-02-01,9.003740371045634,Robert Shiller/Yale monthly data
CAPE_YIELD_SPREAD,1979-02-01,2.006495,Calculated from Shiller CAPE and 10Y Treasury
CAPE,1979-03-01,9.070785029660765,Robert Shiller/Yale monthly data
CAPE_YIELD_SPREAD,1979-03-01,1.904404,Calculated from Shiller CAPE and 10Y Treasury
CAPE,1979-04-01,9.133063566217416,Robert Shiller/Yale monthly data
CAPE_YIELD_SPREAD,1979-04-01,1.769229,Calculated from Shiller CAPE and 10Y Treasury
CAPE,1979-05-01,8.794383289814958,Robert Shiller/Yale monthly data
CAPE_YIELD_SPREAD,1979-05-01,2.120894,Calculated from Shiller CAPE and 10Y Treasury
CAPE,1979-06-01,8.853937764693955,Robert Shiller/Yale monthly data
CAPE_YIELD_SPREAD,1979-06-01,2.384410,Calculated from Shiller CAPE and 10Y Treasury
CAPE,1979-07-01,8.827498045542368,Robert Shiller/Yale monthly data
CAPE_YIELD_SPREAD,1979-07-01,2.378238,Calculated from Shiller CAPE and 10Y Treasury
CAPE,1979-08-01,9.127165797215037,Robert Shiller/Yale monthly data
CAPE_YIELD_SPREAD,1979-08-01,1.926304,Calculated from Shiller CAPE and 10Y Treasury
CAPE,1979-09-01,9.11275899074096,Robert Shiller/Yale monthly data
CAPE_YIELD_SPREAD,1979-09-01,1.643625,Calculated from Shiller CAPE and 10Y Treasury
CAPE,1979-10-01,8.681843306899315,Robert Shiller/Yale monthly data
CAPE_YIELD_SPREAD,1979-10-01,1.218291,Calculated from Shiller CAPE and 10Y Treasury
CAPE,1979-11-01,8.518784302983562,Robert Shiller/Yale monthly data
CAPE_YIELD_SPREAD,1979-11-01,1.088764,Calculated from Shiller CAPE and 10Y Treasury
CAPE,1979-12-01,8.745204404669293,Robert Shiller/Yale monthly data
CAPE_YIELD_SPREAD,1979-12-01,1.044838,Calculated from Shiller CAPE and 10Y Treasury
CAPE,1980-01-01,8.850934180729112,Robert Shiller/Yale monthly data
CAPE_YIELD_SPREAD,1980-01-01,0.498242,Calculated from Shiller CAPE and 10Y Treasury
CAPE,1980-02-01,9.054476092192518,Robert Shiller/Yale monthly data
CAPE_YIELD_SPREAD,1980-02-01,-1.365739,Calculated from Shiller CAPE and 10Y Treasury
CAPE,1980-03-01,8.081150900785502,Robert Shiller/Yale monthly data
CAPE_YIELD_SPREAD,1980-03-01,-0.375525,Calculated from Shiller CAPE and 10Y Treasury
CAPE,1980-04-01,7.8440245047192185,Robert Shiller/Yale monthly data
CAPE_YIELD_SPREAD,1980-04-01,1.278558,Calculated from Shiller CAPE and 10Y Treasury
CAPE,1980-05-01,8.104225807176496,Robert Shiller/Yale monthly data
CAPE_YIELD_SPREAD,1980-05-01,2.159242,Calculated from Shiller CAPE and 10Y Treasury
CAPE,1980-06-01,8.512077962306742,Robert Shiller/Yale monthly data
CAPE_YIELD_SPREAD,1980-06-01,1.968013,Calculated from Shiller CAPE and 10Y Treasury
CAPE,1980-07-01,8.880865527295844,Robert Shiller/Yale monthly data
CAPE_YIELD_SPREAD,1980-07-01,1.010164,Calculated from Shiller CAPE and 10Y Treasury
CAPE,1980-08-01,9.071005981618384,Robert Shiller/Yale monthly data
CAPE_YIELD_SPREAD,1980-08-01,-0.075864,Calculated from Shiller CAPE and 10Y Treasury
CAPE,1980-09-01,9.196040131743242,Robert Shiller/Yale monthly data
CAPE_YIELD_SPREAD,1980-09-01,-0.635754,Calculated from Shiller CAPE and 10Y Treasury
CAPE,1980-10-01,9.357841046757112,Robert Shiller/Yale monthly data
CAPE_YIELD_SPREAD,1980-10-01,-1.063774,Calculated from Shiller CAPE and 10Y Treasury
CAPE,1980-11-01,9.654043663233391,Robert Shiller/Yale monthly data
CAPE_YIELD_SPREAD,1980-11-01,-2.321646,Calculated from Shiller CAPE and 10Y Treasury
CAPE,1980-12-01,9.389902084921744,Robert Shiller/Yale monthly data
CAPE_YIELD_SPREAD,1980-12-01,-2.190262,Calculated from Shiller CAPE and 10Y Treasury
CAPE,1981-01-01,9.259404530877955,Robert Shiller/Yale monthly data
CAPE_YIELD_SPREAD,1981-01-01,-1.770169,Calculated from Shiller CAPE and 10Y Treasury
CAPE,1981-02-01,8.829899353831308,Robert Shiller/Yale monthly data
CAPE_YIELD_SPREAD,1981-02-01,-1.864843,Calculated from Shiller CAPE and 10Y Treasury
CAPE,1981-03-01,9.081096883854626,Robert Shiller/Yale monthly data
CAPE_YIELD_SPREAD,1981-03-01,-2.108114,Calculated from Shiller CAPE and 10Y Treasury
CAPE,1981-04-01,9.085561230788745,Robert Shiller/Yale monthly data
CAPE_YIELD_SPREAD,1981-04-01,-2.673525,Calculated from Shiller CAPE and 10Y Treasury
CAPE,1981-05-01,8.818483466548068,Robert Shiller/Yale monthly data
CAPE_YIELD_SPREAD,1981-05-01,-2.760182,Calculated from Shiller CAPE and 10Y Treasury
CAPE,1981-06-01,8.76534074430493,Robert Shiller/Yale monthly data
CAPE_YIELD_SPREAD,1981-06-01,-2.061430,Calculated from Shiller CAPE and 10Y Treasury
CAPE,1981-07-01,8.445319467875514,Robert Shiller/Yale monthly data
CAPE_YIELD_SPREAD,1981-07-01,-2.439122,Calculated from Shiller CAPE and 10Y Treasury
CAPE,1981-08-01,8.399806316566442,Robert Shiller/Yale monthly data
CAPE_YIELD_SPREAD,1981-08-01,-3.034964,Calculated from Shiller CAPE and 10Y Treasury
CAPE,1981-09-01,7.581163051923158,Robert Shiller/Yale monthly data
CAPE_YIELD_SPREAD,1981-09-01,-2.129412,Calculated from Shiller CAPE and 10Y Treasury
CAPE,1981-10-01,7.649141713319213,Robert Shiller/Yale monthly data
CAPE_YIELD_SPREAD,1981-10-01,-2.076638,Calculated from Shiller CAPE and 10Y Treasury
CAPE,1981-11-01,7.810752565716113,Robert Shiller/Yale monthly data
CAPE_YIELD_SPREAD,1981-11-01,-0.587136,Calculated from Shiller CAPE and 10Y Treasury
CAPE,1981-12-01,7.832562137141897,Robert Shiller/Yale monthly data
CAPE_YIELD_SPREAD,1981-12-01,-0.952786,Calculated from Shiller CAPE and 10Y Treasury
CAPE,1982-01-01,7.388659973375996,Robert Shiller/Yale monthly data
CAPE_YIELD_SPREAD,1982-01-01,-1.055746,Calculated from Shiller CAPE and 10Y Treasury
CAPE,1982-02-01,7.181823450546733,Robert Shiller/Yale monthly data
CAPE_YIELD_SPREAD,1982-02-01,-0.505960,Calculated from Shiller CAPE and 10Y Treasury
CAPE,1982-03-01,6.950673793536033,Robert Shiller/Yale monthly data
CAPE_YIELD_SPREAD,1982-03-01,0.527094,Calculated from Shiller CAPE and 10Y Treasury
CAPE,1982-04-01,7.259072625426149,Robert Shiller/Yale monthly data
CAPE_YIELD_SPREAD,1982-04-01,-0.094136,Calculated from Shiller CAPE and 10Y Treasury
CAPE,1982-05-01,7.1926124844646235,Robert Shiller/Yale monthly data
CAPE_YIELD_SPREAD,1982-05-01,0.283154,Calculated from Shiller CAPE and 10Y Treasury
CAPE,1982-06-01,6.692133988197589,Robert Shiller/Yale monthly data
CAPE_YIELD_SPREAD,1982-06-01,0.642917,Calculated from Shiller CAPE and 10Y Treasury
CAPE,1982-07-01,6.63865310020876,Robert Shiller/Yale monthly data
CAPE_YIELD_SPREAD,1982-07-01,1.113296,Calculated from Shiller CAPE and 10Y Treasury
CAPE,1982-08-01,6.6434227521660905,Robert Shiller/Yale monthly data
CAPE_YIELD_SPREAD,1982-08-01,1.992482,Calculated from Shiller CAPE and 10Y Treasury
CAPE,1982-09-01,7.398838200323306,Robert Shiller/Yale monthly data
CAPE_YIELD_SPREAD,1982-09-01,1.175635,Calculated from Shiller CAPE and 10Y Treasury
CAPE,1982-10-01,7.999840994534587,Robert Shiller/Yale monthly data
CAPE_YIELD_SPREAD,1982-10-01,1.590248,Calculated from Shiller CAPE and 10Y Treasury
CAPE,1982-11-01,8.34747693815543,Robert Shiller/Yale monthly data
CAPE_YIELD_SPREAD,1982-11-01,1.429668,Calculated from Shiller CAPE and 10Y Treasury
CAPE,1982-12-01,8.467738401400478,Robert Shiller/Yale monthly data
CAPE_YIELD_SPREAD,1982-12-01,1.269529,Calculated from Shiller CAPE and 10Y Treasury
CAPE,1983-01-01,8.756783224134743,Robert Shiller/Yale monthly data
CAPE_YIELD_SPREAD,1983-01-01,0.959719,Calculated from Shiller CAPE and 10Y Treasury
CAPE,1983-02-01,8.910493436624119,Robert Shiller/Yale monthly data
CAPE_YIELD_SPREAD,1983-02-01,0.502723,Calculated from Shiller CAPE and 10Y Treasury
CAPE,1983-03-01,9.232829705190527,Robert Shiller/Yale monthly data
CAPE_YIELD_SPREAD,1983-03-01,0.320916,Calculated from Shiller CAPE and 10Y Treasury
CAPE,1983-04-01,9.531581284160412,Robert Shiller/Yale monthly data
CAPE_YIELD_SPREAD,1983-04-01,0.091439,Calculated from Shiller CAPE and 10Y Treasury
CAPE,1983-05-01,9.8744565046684,Robert Shiller/Yale monthly data
CAPE_YIELD_SPREAD,1983-05-01,-0.252860,Calculated from Shiller CAPE and 10Y Treasury
CAPE,1983-06-01,10.00011790313002,Robert Shiller/Yale monthly data
CAPE_YIELD_SPREAD,1983-06-01,-0.850118,Calculated from Shiller CAPE and 10Y Treasury
CAPE,1983-07-01,10.014475995571022,Robert Shiller/Yale monthly data
CAPE_YIELD_SPREAD,1983-07-01,-1.394455,Calculated from Shiller CAPE and 10Y Treasury
CAPE,1983-08-01,9.728056935665204,Robert Shiller/Yale monthly data
CAPE_YIELD_SPREAD,1983-08-01,-1.570455,Calculated from Shiller CAPE and 10Y Treasury
CAPE,1983-09-01,9.984202458028774,Robert Shiller/Yale monthly data
CAPE_YIELD_SPREAD,1983-09-01,-1.634177,Calculated from Shiller CAPE and 10Y Treasury
CAPE,1983-10-01,10.003391799449624,Robert Shiller/Yale monthly data
CAPE_YIELD_SPREAD,1983-10-01,-1.543391,Calculated from Shiller CAPE and 10Y Treasury
CAPE,1983-11-01,9.853581649364278,Robert Shiller/Yale monthly data
CAPE_YIELD_SPREAD,1983-11-01,-1.541406,Calculated from Shiller CAPE and 10Y Treasury
CAPE,1983-12-01,9.81501090360867,Robert Shiller/Yale monthly data
CAPE_YIELD_SPREAD,1983-12-01,-1.641524,Calculated from Shiller CAPE and 10Y Treasury
CAPE,1984-01-01,9.894931809202536,Robert Shiller/Yale monthly data
CAPE_YIELD_SPREAD,1984-01-01,-1.563816,Calculated from Shiller CAPE and 10Y Treasury
CAPE,1984-02-01,9.324529645727983,Robert Shiller/Yale monthly data
CAPE_YIELD_SPREAD,1984-02-01,-1.115598,Calculated from Shiller CAPE and 10Y Treasury
CAPE,1984-03-01,9.326747066508245,Robert Shiller/Yale monthly data
CAPE_YIELD_SPREAD,1984-03-01,-1.598148,Calculated from Shiller CAPE and 10Y Treasury
CAPE,1984-04-01,9.305643404594822,Robert Shiller/Yale monthly data
CAPE_YIELD_SPREAD,1984-04-01,-1.883833,Calculated from Shiller CAPE and 10Y Treasury
CAPE,1984-05-01,9.231831816896046,Robert Shiller/Yale monthly data
CAPE_YIELD_SPREAD,1984-05-01,-2.577914,Calculated from Shiller CAPE and 10Y Treasury
CAPE,1984-06-01,9.010185512291006,Robert Shiller/Yale monthly data
CAPE_YIELD_SPREAD,1984-06-01,-2.461449,Calculated from Shiller CAPE and 10Y Treasury
CAPE,1984-07-01,8.8683022140433,Robert Shiller/Yale monthly data
CAPE_YIELD_SPREAD,1984-07-01,-2.083885,Calculated from Shiller CAPE and 10Y Treasury
CAPE,1984-08-01,9.623063257373168,Robert Shiller/Yale monthly data
CAPE_YIELD_SPREAD,1984-08-01,-2.328299,Calculated from Shiller CAPE and 10Y Treasury
CAPE,1984-09-01,9.687341313628082,Robert Shiller/Yale monthly data
CAPE_YIELD_SPREAD,1984-09-01,-2.197250,Calculated from Shiller CAPE and 10Y Treasury
CAPE,1984-10-01,9.595070703048505,Robert Shiller/Yale monthly data
CAPE_YIELD_SPREAD,1984-10-01,-1.737982,Calculated from Shiller CAPE and 10Y Treasury
CAPE,1984-11-01,9.691973221783085,Robert Shiller/Yale monthly data
CAPE_YIELD_SPREAD,1984-11-01,-1.252184,Calculated from Shiller CAPE and 10Y Treasury
CAPE,1984-12-01,9.595054801133458,Robert Shiller/Yale monthly data
CAPE_YIELD_SPREAD,1984-12-01,-1.077965,Calculated from Shiller CAPE and 10Y Treasury
CAPE,1985-01-01,9.997001177730452,Robert Shiller/Yale monthly data
CAPE_YIELD_SPREAD,1985-01-01,-1.377000,Calculated from Shiller CAPE and 10Y Treasury
CAPE,1985-02-01,10.494935172607077,Robert Shiller/Yale monthly data
CAPE_YIELD_SPREAD,1985-02-01,-1.981594,Calculated from Shiller CAPE and 10Y Treasury
CAPE,1985-03-01,10.373217214924729,Robert Shiller/Yale monthly data
CAPE_YIELD_SPREAD,1985-03-01,-2.219789,Calculated from Shiller CAPE and 10Y Treasury
CAPE,1985-04-01,10.397118719816815,Robert Shiller/Yale monthly data
CAPE_YIELD_SPREAD,1985-04-01,-1.811951,Calculated from Shiller CAPE and 10Y Treasury
CAPE,1985-05-01,10.608120467860093,Robert Shiller/Yale monthly data
CAPE_YIELD_SPREAD,1985-05-01,-1.423259,Calculated from Shiller CAPE and 10Y Treasury
CAPE,1985-06-01,10.810049845861212,Robert Shiller/Yale monthly data
CAPE_YIELD_SPREAD,1985-06-01,-0.909349,Calculated from Shiller CAPE and 10Y Treasury
CAPE,1985-07-01,10.997563956793375,Robert Shiller/Yale monthly data
CAPE_YIELD_SPREAD,1985-07-01,-1.217077,Calculated from Shiller CAPE and 10Y Treasury
CAPE,1985-08-01,10.738799808877278,Robert Shiller/Yale monthly data
CAPE_YIELD_SPREAD,1985-08-01,-1.017972,Calculated from Shiller CAPE and 10Y Treasury
CAPE,1985-09-01,10.471234661697544,Robert Shiller/Yale monthly data
CAPE_YIELD_SPREAD,1985-09-01,-0.820028,Calculated from Shiller CAPE and 10Y Treasury
CAPE,1985-10-01,10.552516982943743,Robert Shiller/Yale monthly data
CAPE_YIELD_SPREAD,1985-10-01,-0.763588,Calculated from Shiller CAPE and 10Y Treasury
CAPE,1985-11-01,11.164611128667461,Robert Shiller/Yale monthly data
CAPE_YIELD_SPREAD,1985-11-01,-0.823127,Calculated from Shiller CAPE and 10Y Treasury
CAPE,1985-12-01,11.690521474467591,Robert Shiller/Yale monthly data
CAPE_YIELD_SPREAD,1985-12-01,-0.706062,Calculated from Shiller CAPE and 10Y Treasury
CAPE,1986-01-01,11.715007584487978,Robert Shiller/Yale monthly data
CAPE_YIELD_SPREAD,1986-01-01,-0.653941,Calculated from Shiller CAPE and 10Y Treasury
CAPE,1986-02-01,12.38821909941812,Robert Shiller/Yale monthly data
CAPE_YIELD_SPREAD,1986-02-01,-0.627815,Calculated from Shiller CAPE and 10Y Treasury
CAPE,1986-03-01,13.189022981532709,Robert Shiller/Yale monthly data
CAPE_YIELD_SPREAD,1986-03-01,-0.197937,Calculated from Shiller CAPE and 10Y Treasury
CAPE,1986-04-01,13.552504172869472,Robert Shiller/Yale monthly data
CAPE_YIELD_SPREAD,1986-04-01,0.078710,Calculated from Shiller CAPE and 10Y Treasury
CAPE,1986-05-01,13.56004619923233,Robert Shiller/Yale monthly data
CAPE_YIELD_SPREAD,1986-05-01,-0.335394,Calculated from Shiller CAPE and 10Y Treasury
CAPE,1986-06-01,13.888688626457109,Robert Shiller/Yale monthly data
CAPE_YIELD_SPREAD,1986-06-01,-0.599896,Calculated from Shiller CAPE and 10Y Treasury
CAPE,1986-07-01,13.619995534083802,Robert Shiller/Yale monthly data
CAPE_YIELD_SPREAD,1986-07-01,0.042146,Calculated from Shiller CAPE and 10Y Treasury
CAPE,1986-08-01,13.88766755086605,Robert Shiller/Yale monthly data
CAPE_YIELD_SPREAD,1986-08-01,0.030633,Calculated from Shiller CAPE and 10Y Treasury
CAPE,1986-09-01,13.467314312977127,Robert Shiller/Yale monthly data
CAPE_YIELD_SPREAD,1986-09-01,-0.024615,Calculated from Shiller CAPE and 10Y Treasury
CAPE,1986-10-01,13.425918860857356,Robert Shiller/Yale monthly data
CAPE_YIELD_SPREAD,1986-10-01,0.018280,Calculated from Shiller CAPE and 10Y Treasury
CAPE,1986-11-01,13.872985596138596,Robert Shiller/Yale monthly data
CAPE_YIELD_SPREAD,1986-11-01,-0.041746,Calculated from Shiller CAPE and 10Y Treasury
CAPE,1986-12-01,14.085139814743307,Robert Shiller/Yale monthly data
CAPE_YIELD_SPREAD,1986-12-01,-0.010319,Calculated from Shiller CAPE and 10Y Treasury
CAPE,1987-01-01,14.922208103718942,Robert Shiller/Yale monthly data
CAPE_YIELD_SPREAD,1987-01-01,-0.378579,Calculated from Shiller CAPE and 10Y Treasury
CAPE,1987-02-01,15.82231814283645,Robert Shiller/Yale monthly data
CAPE_YIELD_SPREAD,1987-02-01,-0.929814,Calculated from Shiller CAPE and 10Y Treasury
CAPE,1987-03-01,16.433343976069917,Robert Shiller/Yale monthly data
CAPE_YIELD_SPREAD,1987-03-01,-1.164811,Calculated from Shiller CAPE and 10Y Treasury
CAPE,1987-04-01,16.196534453220877,Robert Shiller/Yale monthly data
CAPE_YIELD_SPREAD,1987-04-01,-1.845840,Calculated from Shiller CAPE and 10Y Treasury
CAPE,1987-05-01,16.16031195265574,Robert Shiller/Yale monthly data
CAPE_YIELD_SPREAD,1987-05-01,-2.422001,Calculated from Shiller CAPE and 10Y Treasury
CAPE,1987-06-01,16.825207307878717,Robert Shiller/Yale monthly data
CAPE_YIELD_SPREAD,1987-06-01,-2.456537,Calculated from Shiller CAPE and 10Y Treasury
CAPE,1987-07-01,17.30600439051222,Robert Shiller/Yale monthly data
CAPE_YIELD_SPREAD,1987-07-01,-2.671659,Calculated from Shiller CAPE and 10Y Treasury
CAPE,1987-08-01,18.32690724585634,Robert Shiller/Yale monthly data
CAPE_YIELD_SPREAD,1987-08-01,-3.303542,Calculated from Shiller CAPE and 10Y Treasury
CAPE,1987-09-01,17.67562044993822,Robert Shiller/Yale monthly data
CAPE_YIELD_SPREAD,1987-09-01,-3.762490,Calculated from Shiller CAPE and 10Y Treasury
CAPE,1987-10-01,15.530055563627313,Robert Shiller/Yale monthly data
CAPE_YIELD_SPREAD,1987-10-01,-3.080873,Calculated from Shiller CAPE and 10Y Treasury
CAPE,1987-11-01,13.590885143189087,Robert Shiller/Yale monthly data
CAPE_YIELD_SPREAD,1987-11-01,-1.502128,Calculated from Shiller CAPE and 10Y Treasury
CAPE,1987-12-01,13.389028514426965,Robert Shiller/Yale monthly data
CAPE_YIELD_SPREAD,1987-12-01,-1.521198,Calculated from Shiller CAPE and 10Y Treasury
CAPE,1988-01-01,13.898336683569136,Robert Shiller/Yale monthly data
CAPE_YIELD_SPREAD,1988-01-01,-1.474894,Calculated from Shiller CAPE and 10Y Treasury
CAPE,1988-02-01,14.298270962469525,Robert Shiller/Yale monthly data
CAPE_YIELD_SPREAD,1988-02-01,-1.216147,Calculated from Shiller CAPE and 10Y Treasury
CAPE,1988-03-01,14.668946811103469,Robert Shiller/Yale monthly data
CAPE_YIELD_SPREAD,1988-03-01,-1.552878,Calculated from Shiller CAPE and 10Y Treasury
CAPE,1988-04-01,14.433316420838949,Robert Shiller/Yale monthly data
CAPE_YIELD_SPREAD,1988-04-01,-1.791585,Calculated from Shiller CAPE and 10Y Treasury
CAPE,1988-05-01,14.031891348027775,Robert Shiller/Yale monthly data
CAPE_YIELD_SPREAD,1988-05-01,-1.963377,Calculated from Shiller CAPE and 10Y Treasury
CAPE,1988-06-01,14.766468647879622,Robert Shiller/Yale monthly data
CAPE_YIELD_SPREAD,1988-06-01,-2.147900,Calculated from Shiller CAPE and 10Y Treasury
CAPE,1988-07-01,14.608315717522105,Robert Shiller/Yale monthly data
CAPE_YIELD_SPREAD,1988-07-01,-2.214584,Calculated from Shiller CAPE and 10Y Treasury
CAPE,1988-08-01,14.244946310675655,Robert Shiller/Yale monthly data
CAPE_YIELD_SPREAD,1988-08-01,-2.239967,Calculated from Shiller CAPE and 10Y Treasury
CAPE,1988-09-01,14.369428776140165,Robert Shiller/Yale monthly data
CAPE_YIELD_SPREAD,1988-09-01,-2.020781,Calculated from Shiller CAPE and 10Y Treasury
CAPE,1988-10-01,14.81145015327773,Robert Shiller/Yale monthly data
CAPE_YIELD_SPREAD,1988-10-01,-2.048467,Calculated from Shiller CAPE and 10Y Treasury
CAPE,1988-11-01,14.445530680872894,Robert Shiller/Yale monthly data
CAPE_YIELD_SPREAD,1988-11-01,-2.037444,Calculated from Shiller CAPE and 10Y Treasury
CAPE,1988-12-01,14.702086748572,Robert Shiller/Yale monthly data
CAPE_YIELD_SPREAD,1988-12-01,-2.308244,Calculated from Shiller CAPE and 10Y Treasury
CAPE,1989-01-01,15.088072442713287,Robert Shiller/Yale monthly data
CAPE_YIELD_SPREAD,1989-01-01,-2.462248,Calculated from Shiller CAPE and 10Y Treasury
CAPE,1989-02-01,15.467060462734754,Robert Shiller/Yale monthly data
CAPE_YIELD_SPREAD,1989-02-01,-2.704647,Calculated from Shiller CAPE and 10Y Treasury
CAPE,1989-03-01,15.298969108882362,Robert Shiller/Yale monthly data
CAPE_YIELD_SPREAD,1989-03-01,-2.823612,Calculated from Shiller CAPE and 10Y Treasury
CAPE,1989-04-01,15.686742656144585,Robert Shiller/Yale monthly data
CAPE_YIELD_SPREAD,1989-04-01,-2.805190,Calculated from Shiller CAPE and 10Y Treasury
CAPE,1989-05-01,16.18635353854456,Robert Shiller/Yale monthly data
CAPE_YIELD_SPREAD,1989-05-01,-2.681956,Calculated from Shiller CAPE and 10Y Treasury
CAPE,1989-06-01,16.641904235808592,Robert Shiller/Yale monthly data
CAPE_YIELD_SPREAD,1989-06-01,-2.271072,Calculated from Shiller CAPE and 10Y Treasury
CAPE,1989-07-01,17.013407650499133,Robert Shiller/Yale monthly data
CAPE_YIELD_SPREAD,1989-07-01,-2.142283,Calculated from Shiller CAPE and 10Y Treasury
CAPE,1989-08-01,17.734251436577328,Robert Shiller/Yale monthly data
CAPE_YIELD_SPREAD,1989-08-01,-2.471194,Calculated from Shiller CAPE and 10Y Treasury
CAPE,1989-09-01,17.71422067897909,Robert Shiller/Yale monthly data
CAPE_YIELD_SPREAD,1989-09-01,-2.544818,Calculated from Shiller CAPE and 10Y Treasury
CAPE,1989-10-01,17.640853852797953,Robert Shiller/Yale monthly data
CAPE_YIELD_SPREAD,1989-10-01,-2.341340,Calculated from Shiller CAPE and 10Y Treasury
CAPE,1989-11-01,17.242369266947435,Robert Shiller/Yale monthly data
CAPE_YIELD_SPREAD,1989-11-01,-2.070333,Calculated from Shiller CAPE and 10Y Treasury
CAPE,1989-12-01,17.65021290494733,Robert Shiller/Yale monthly data
CAPE_YIELD_SPREAD,1989-12-01,-2.174346,Calculated from Shiller CAPE and 10Y Treasury
CAPE,1990-01-01,17.048843606878272,Robert Shiller/Yale monthly data
CAPE_YIELD_SPREAD,1990-01-01,-2.344500,Calculated from Shiller CAPE and 10Y Treasury
CAPE,1990-02-01,16.50809351649029,Robert Shiller/Yale monthly data
CAPE_YIELD_SPREAD,1990-02-01,-2.412365,Calculated from Shiller CAPE and 10Y Treasury
CAPE,1990-03-01,16.83374823348095,Robert Shiller/Yale monthly data
CAPE_YIELD_SPREAD,1990-03-01,-2.649552,Calculated from Shiller CAPE and 10Y Treasury
CAPE,1990-04-01,16.813913898735766,Robert Shiller/Yale monthly data
CAPE_YIELD_SPREAD,1990-04-01,-2.842545,Calculated from Shiller CAPE and 10Y Treasury
CAPE,1990-05-01,17.392413588645006,Robert Shiller/Yale monthly data
CAPE_YIELD_SPREAD,1990-05-01,-3.010367,Calculated from Shiller CAPE and 10Y Treasury
CAPE,1990-06-01,17.817082821653006,Robert Shiller/Yale monthly data
CAPE_YIELD_SPREAD,1990-06-01,-2.867409,Calculated from Shiller CAPE and 10Y Treasury
CAPE,1990-07-01,17.74717158707024,Robert Shiller/Yale monthly data
CAPE_YIELD_SPREAD,1990-07-01,-2.835299,Calculated from Shiller CAPE and 10Y Treasury
CAPE,1990-08-01,16.168334756508973,Robert Shiller/Yale monthly data
CAPE_YIELD_SPREAD,1990-08-01,-2.565071,Calculated from Shiller CAPE and 10Y Treasury
CAPE,1990-09-01,15.301285443522625,Robert Shiller/Yale monthly data
CAPE_YIELD_SPREAD,1990-09-01,-2.354601,Calculated from Shiller CAPE and 10Y Treasury
CAPE,1990-10-01,14.818147965500803,Robert Shiller/Yale monthly data
CAPE_YIELD_SPREAD,1990-10-01,-1.971518,Calculated from Shiller CAPE and 10Y Treasury
CAPE,1990-11-01,15.187607599503185,Robert Shiller/Yale monthly data
CAPE_YIELD_SPREAD,1990-11-01,-1.805685,Calculated from Shiller CAPE and 10Y Treasury
CAPE,1990-12-01,15.846314974728767,Robert Shiller/Yale monthly data
CAPE_YIELD_SPREAD,1990-12-01,-1.769385,Calculated from Shiller CAPE and 10Y Treasury
CAPE,1991-01-01,15.606190118802363,Robert Shiller/Yale monthly data
CAPE_YIELD_SPREAD,1991-01-01,-1.682286,Calculated from Shiller CAPE and 10Y Treasury
CAPE,1991-02-01,17.35466474520511,Robert Shiller/Yale monthly data
CAPE_YIELD_SPREAD,1991-02-01,-2.087860,Calculated from Shiller CAPE and 10Y Treasury
CAPE,1991-03-01,17.81862008339738,Robert Shiller/Yale monthly data
CAPE_YIELD_SPREAD,1991-03-01,-2.497893,Calculated from Shiller CAPE and 10Y Treasury
CAPE,1991-04-01,18.15534589519802,Robert Shiller/Yale monthly data
CAPE_YIELD_SPREAD,1991-04-01,-2.531980,Calculated from Shiller CAPE and 10Y Treasury
CAPE,1991-05-01,18.035430911004052,Robert Shiller/Yale monthly data
CAPE_YIELD_SPREAD,1991-05-01,-2.525358,Calculated from Shiller CAPE and 10Y Treasury
CAPE,1991-06-01,18.015227044688324,Robert Shiller/Yale monthly data
CAPE_YIELD_SPREAD,1991-06-01,-2.729140,Calculated from Shiller CAPE and 10Y Treasury
CAPE,1991-07-01,18.103452345519745,Robert Shiller/Yale monthly data
CAPE_YIELD_SPREAD,1991-07-01,-2.746192,Calculated from Shiller CAPE and 10Y Treasury
CAPE,1991-08-01,18.51225845533771,Robert Shiller/Yale monthly data
CAPE_YIELD_SPREAD,1991-08-01,-2.498174,Calculated from Shiller CAPE and 10Y Treasury
CAPE,1991-09-01,18.357282591774325,Robert Shiller/Yale monthly data
CAPE_YIELD_SPREAD,1991-09-01,-2.202571,Calculated from Shiller CAPE and 10Y Treasury
CAPE,1991-10-01,18.349187992001983,Robert Shiller/Yale monthly data
CAPE_YIELD_SPREAD,1991-10-01,-2.080168,Calculated from Shiller CAPE and 10Y Treasury
CAPE,1991-11-01,18.28886816930134,Robert Shiller/Yale monthly data
CAPE_YIELD_SPREAD,1991-11-01,-1.952193,Calculated from Shiller CAPE and 10Y Treasury
CAPE,1991-12-01,18.441652313512723,Robert Shiller/Yale monthly data
CAPE_YIELD_SPREAD,1991-12-01,-1.667492,Calculated from Shiller CAPE and 10Y Treasury
CAPE,1992-01-01,19.773068211462636,Robert Shiller/Yale monthly data
CAPE_YIELD_SPREAD,1992-01-01,-1.972616,Calculated from Shiller CAPE and 10Y Treasury
CAPE,1992-02-01,19.582982970386738,Robert Shiller/Yale monthly data
CAPE_YIELD_SPREAD,1992-02-01,-2.233526,Calculated from Shiller CAPE and 10Y Treasury
CAPE,1992-03-01,19.283561861298555,Robert Shiller/Yale monthly data
CAPE_YIELD_SPREAD,1992-03-01,-2.354236,Calculated from Shiller CAPE and 10Y Treasury
CAPE,1992-04-01,19.301229507881043,Robert Shiller/Yale monthly data
CAPE_YIELD_SPREAD,1992-04-01,-2.298983,Calculated from Shiller CAPE and 10Y Treasury
CAPE,1992-05-01,19.662279795641687,Robert Shiller/Yale monthly data
CAPE_YIELD_SPREAD,1992-05-01,-2.304120,Calculated from Shiller CAPE and 10Y Treasury
CAPE,1992-06-01,19.315365967644595,Robert Shiller/Yale monthly data
CAPE_YIELD_SPREAD,1992-06-01,-2.082775,Calculated from Shiller CAPE and 10Y Treasury
CAPE,1992-07-01,19.620740694824406,Robert Shiller/Yale monthly data
CAPE_YIELD_SPREAD,1992-07-01,-1.743352,Calculated from Shiller CAPE and 10Y Treasury
CAPE,1992-08-01,19.72213749835153,Robert Shiller/Yale monthly data
CAPE_YIELD_SPREAD,1992-08-01,-1.519556,Calculated from Shiller CAPE and 10Y Treasury
CAPE,1992-09-01,19.708766424745306,Robert Shiller/Yale monthly data
CAPE_YIELD_SPREAD,1992-09-01,-1.346116,Calculated from Shiller CAPE and 10Y Treasury
CAPE,1992-10-01,19.370271076906974,Robert Shiller/Yale monthly data
CAPE_YIELD_SPREAD,1992-10-01,-1.427450,Calculated from Shiller CAPE and 10Y Treasury
CAPE,1992-11-01,19.833656038801234,Robert Shiller/Yale monthly data
CAPE_YIELD_SPREAD,1992-11-01,-1.828065,Calculated from Shiller CAPE and 10Y Treasury
CAPE,1992-12-01,20.44860672124296,Robert Shiller/Yale monthly data
CAPE_YIELD_SPREAD,1992-12-01,-1.879691,Calculated from Shiller CAPE and 10Y Treasury
CAPE,1993-01-01,20.323410802995706,Robert Shiller/Yale monthly data
CAPE_YIELD_SPREAD,1993-01-01,-1.679566,Calculated from Shiller CAPE and 10Y Treasury
CAPE,1993-02-01,20.545336792900454,Robert Shiller/Yale monthly data
CAPE_YIELD_SPREAD,1993-02-01,-1.392715,Calculated from Shiller CAPE and 10Y Treasury
CAPE,1993-03-01,20.855200148690916,Robert Shiller/Yale monthly data
CAPE_YIELD_SPREAD,1993-03-01,-1.185033,Calculated from Shiller CAPE and 10Y Treasury
CAPE,1993-04-01,20.457362016642186,Robert Shiller/Yale monthly data
CAPE_YIELD_SPREAD,1993-04-01,-1.081784,Calculated from Shiller CAPE and 10Y Treasury
CAPE,1993-05-01,20.51760563376487,Robert Shiller/Yale monthly data
CAPE_YIELD_SPREAD,1993-05-01,-1.166137,Calculated from Shiller CAPE and 10Y Treasury
CAPE,1993-06-01,20.6083570129602,Robert Shiller/Yale monthly data
CAPE_YIELD_SPREAD,1993-06-01,-1.107600,Calculated from Shiller CAPE and 10Y Treasury
CAPE,1993-07-01,20.564596413297146,Robert Shiller/Yale monthly data
CAPE_YIELD_SPREAD,1993-07-01,-0.947274,Calculated from Shiller CAPE and 10Y Treasury
CAPE,1993-08-01,20.812227546627394,Robert Shiller/Yale monthly data
CAPE_YIELD_SPREAD,1993-08-01,-0.875132,Calculated from Shiller CAPE and 10Y Treasury
CAPE,1993-09-01,20.993501005229135,Robert Shiller/Yale monthly data
CAPE_YIELD_SPREAD,1993-09-01,-0.596621,Calculated from Shiller CAPE and 10Y Treasury
CAPE,1993-10-01,21.109178247475118,Robert Shiller/Yale monthly data
CAPE_YIELD_SPREAD,1993-10-01,-0.592724,Calculated from Shiller CAPE and 10Y Treasury
CAPE,1993-11-01,21.03790118960638,Robert Shiller/Yale monthly data
CAPE_YIELD_SPREAD,1993-11-01,-0.966674,Calculated from Shiller CAPE and 10Y Treasury
CAPE,1993-12-01,21.164732079814655,Robert Shiller/Yale monthly data
CAPE_YIELD_SPREAD,1993-12-01,-1.045159,Calculated from Shiller CAPE and 10Y Treasury
CAPE,1994-01-01,21.41197491382654,Robert Shiller/Yale monthly data
CAPE_YIELD_SPREAD,1994-01-01,-1.079716,Calculated from Shiller CAPE and 10Y Treasury
CAPE,1994-02-01,21.263840187313026,Robert Shiller/Yale monthly data
CAPE_YIELD_SPREAD,1994-02-01,-1.267181,Calculated from Shiller CAPE and 10Y Treasury
CAPE,1994-03-01,20.833375889460417,Robert Shiller/Yale monthly data
CAPE_YIELD_SPREAD,1994-03-01,-1.680010,Calculated from Shiller CAPE and 10Y Treasury
CAPE,1994-04-01,20.055250085063847,Robert Shiller/Yale monthly data
CAPE_YIELD_SPREAD,1994-04-01,-1.983774,Calculated from Shiller CAPE and 10Y Treasury
CAPE,1994-05-01,20.196492421281448,Robert Shiller/Yale monthly data
CAPE_YIELD_SPREAD,1994-05-01,-2.228645,Calculated from Shiller CAPE and 10Y Treasury
CAPE,1994-06-01,20.290763690670314,Robert Shiller/Yale monthly data
CAPE_YIELD_SPREAD,1994-06-01,-2.171649,Calculated from Shiller CAPE and 10Y Treasury
CAPE,1994-07-01,20.067951816142145,Robert Shiller/Yale monthly data
CAPE_YIELD_SPREAD,1994-07-01,-2.316930,Calculated from Shiller CAPE and 10Y Treasury
CAPE,1994-08-01,20.53554940475564,Robert Shiller/Yale monthly data
CAPE_YIELD_SPREAD,1994-08-01,-2.370396,Calculated from Shiller CAPE and 10Y Treasury
CAPE,1994-09-01,20.57645010081887,Robert Shiller/Yale monthly data
CAPE_YIELD_SPREAD,1994-09-01,-2.600075,Calculated from Shiller CAPE and 10Y Treasury
CAPE,1994-10-01,20.39575928241026,Robert Shiller/Yale monthly data
CAPE_YIELD_SPREAD,1994-10-01,-2.837020,Calculated from Shiller CAPE and 10Y Treasury
CAPE,1994-11-01,20.20947302039405,Robert Shiller/Yale monthly data
CAPE_YIELD_SPREAD,1994-11-01,-3.011825,Calculated from Shiller CAPE and 10Y Treasury
CAPE,1994-12-01,19.911484108090335,Robert Shiller/Yale monthly data
CAPE_YIELD_SPREAD,1994-12-01,-2.787773,Calculated from Shiller CAPE and 10Y Treasury
CAPE,1995-01-01,20.21911942245731,Robert Shiller/Yale monthly data
CAPE_YIELD_SPREAD,1995-01-01,-2.834186,Calculated from Shiller CAPE and 10Y Treasury
CAPE,1995-02-01,20.802571764332683,Robert Shiller/Yale monthly data
CAPE_YIELD_SPREAD,1995-02-01,-2.662902,Calculated from Shiller CAPE and 10Y Treasury
CAPE,1995-03-01,21.152737302037,Robert Shiller/Yale monthly data
CAPE_YIELD_SPREAD,1995-03-01,-2.472479,Calculated from Shiller CAPE and 10Y Treasury
CAPE,1995-04-01,21.64273926187966,Robert Shiller/Yale monthly data
CAPE_YIELD_SPREAD,1995-04-01,-2.439513,Calculated from Shiller CAPE and 10Y Treasury
CAPE,1995-05-01,22.19542669801996,Robert Shiller/Yale monthly data
CAPE_YIELD_SPREAD,1995-05-01,-2.124567,Calculated from Shiller CAPE and 10Y Treasury
CAPE,1995-06-01,22.718356759520617,Robert Shiller/Yale monthly data
CAPE_YIELD_SPREAD,1995-06-01,-1.768273,Calculated from Shiller CAPE and 10Y Treasury
CAPE,1995-07-01,23.376412691512137,Robert Shiller/Yale monthly data
CAPE_YIELD_SPREAD,1995-07-01,-2.002184,Calculated from Shiller CAPE and 10Y Treasury
CAPE,1995-08-01,23.28407025623054,Robert Shiller/Yale monthly data
CAPE_YIELD_SPREAD,1995-08-01,-2.195218,Calculated from Shiller CAPE and 10Y Treasury
CAPE,1995-09-01,23.946007075299875,Robert Shiller/Yale monthly data
CAPE_YIELD_SPREAD,1995-09-01,-2.023938,Calculated from Shiller CAPE and 10Y Treasury
CAPE,1995-10-01,23.92676276408328,Robert Shiller/Yale monthly data
CAPE_YIELD_SPREAD,1995-10-01,-1.860580,Calculated from Shiller CAPE and 10Y Treasury
CAPE,1995-11-01,24.347586881114825,Robert Shiller/Yale monthly data
CAPE_YIELD_SPREAD,1995-11-01,-1.822817,Calculated from Shiller CAPE and 10Y Treasury
CAPE,1995-12-01,25.027380664939116,Robert Shiller/Yale monthly data
CAPE_YIELD_SPREAD,1995-12-01,-1.714376,Calculated from Shiller CAPE and 10Y Treasury
CAPE,1996-01-01,24.762465194644037,Robert Shiller/Yale monthly data
CAPE_YIELD_SPREAD,1996-01-01,-1.611630,Calculated from Shiller CAPE and 10Y Treasury
CAPE,1996-02-01,25.97606555059339,Robert Shiller/Yale monthly data
CAPE_YIELD_SPREAD,1996-02-01,-1.960302,Calculated from Shiller CAPE and 10Y Treasury
CAPE,1996-03-01,25.629930395216114,Robert Shiller/Yale monthly data
CAPE_YIELD_SPREAD,1996-03-01,-2.368312,Calculated from Shiller CAPE and 10Y Treasury
CAPE,1996-04-01,25.424203848381538,Robert Shiller/Yale monthly data
CAPE_YIELD_SPREAD,1996-04-01,-2.576740,Calculated from Shiller CAPE and 10Y Treasury
CAPE,1996-05-01,25.814043827699034,Robert Shiller/Yale monthly data
CAPE_YIELD_SPREAD,1996-05-01,-2.866140,Calculated from Shiller CAPE and 10Y Treasury
CAPE,1996-06-01,25.966673558333863,Robert Shiller/Yale monthly data
CAPE_YIELD_SPREAD,1996-06-01,-3.058910,Calculated from Shiller CAPE and 10Y Treasury
CAPE,1996-07-01,24.8584113323484,Robert Shiller/Yale monthly data
CAPE_YIELD_SPREAD,1996-07-01,-2.847217,Calculated from Shiller CAPE and 10Y Treasury
CAPE,1996-08-01,25.412529121454963,Robert Shiller/Yale monthly data
CAPE_YIELD_SPREAD,1996-08-01,-2.704933,Calculated from Shiller CAPE and 10Y Treasury
CAPE,1996-09-01,25.680115512876775,Robert Shiller/Yale monthly data
CAPE_YIELD_SPREAD,1996-09-01,-2.935937,Calculated from Shiller CAPE and 10Y Treasury
CAPE,1996-10-01,26.483467720897217,Robert Shiller/Yale monthly data
CAPE_YIELD_SPREAD,1996-10-01,-2.754059,Calculated from Shiller CAPE and 10Y Treasury
CAPE,1996-11-01,27.58561204901281,Robert Shiller/Yale monthly data
CAPE_YIELD_SPREAD,1996-11-01,-2.574922,Calculated from Shiller CAPE and 10Y Treasury
CAPE,1996-12-01,27.723946163893974,Robert Shiller/Yale monthly data
CAPE_YIELD_SPREAD,1996-12-01,-2.693010,Calculated from Shiller CAPE and 10Y Treasury
CAPE,1997-01-01,28.33287012995038,Robert Shiller/Yale monthly data
CAPE_YIELD_SPREAD,1997-01-01,-3.050531,Calculated from Shiller CAPE and 10Y Treasury
CAPE,1997-02-01,29.265634883575963,Robert Shiller/Yale monthly data
CAPE_YIELD_SPREAD,1997-02-01,-3.003023,Calculated from Shiller CAPE and 10Y Treasury
CAPE,1997-03-01,28.802458591871666,Robert Shiller/Yale monthly data
CAPE_YIELD_SPREAD,1997-03-01,-3.218074,Calculated from Shiller CAPE and 10Y Treasury
CAPE,1997-04-01,27.585160338136554,Robert Shiller/Yale monthly data
CAPE_YIELD_SPREAD,1997-04-01,-3.264862,Calculated from Shiller CAPE and 10Y Treasury
CAPE,1997-05-01,29.928362224688794,Robert Shiller/Yale monthly data
CAPE_YIELD_SPREAD,1997-05-01,-3.368688,Calculated from Shiller CAPE and 10Y Treasury
CAPE,1997-06-01,31.25656061638128,Robert Shiller/Yale monthly data
CAPE_YIELD_SPREAD,1997-06-01,-3.290672,Calculated from Shiller CAPE and 10Y Treasury
CAPE,1997-07-01,32.76663768966994,Robert Shiller/Yale monthly data
CAPE_YIELD_SPREAD,1997-07-01,-3.168115,Calculated from Shiller CAPE and 10Y Treasury
CAPE,1997-08-01,32.586283486713185,Robert Shiller/Yale monthly data
CAPE_YIELD_SPREAD,1997-08-01,-3.231224,Calculated from Shiller CAPE and 10Y Treasury
CAPE,1997-09-01,32.666581341708635,Robert Shiller/Yale monthly data
CAPE_YIELD_SPREAD,1997-09-01,-3.148768,Calculated from Shiller CAPE and 10Y Treasury
CAPE,1997-10-01,32.901498179798125,Robert Shiller/Yale monthly data
CAPE_YIELD_SPREAD,1997-10-01,-2.990625,Calculated from Shiller CAPE and 10Y Treasury
CAPE,1997-11-01,32.33660053281269,Robert Shiller/Yale monthly data
CAPE_YIELD_SPREAD,1997-11-01,-2.787529,Calculated from Shiller CAPE and 10Y Treasury
CAPE,1997-12-01,33.03078904290543,Robert Shiller/Yale monthly data
CAPE_YIELD_SPREAD,1997-12-01,-2.782522,Calculated from Shiller CAPE and 10Y Treasury
CAPE,1998-01-01,32.859968415052236,Robert Shiller/Yale monthly data
CAPE_YIELD_SPREAD,1998-01-01,-2.496783,Calculated from Shiller CAPE and 10Y Treasury
CAPE,1998-02-01,34.709677782269985,Robert Shiller/Yale monthly data
CAPE_YIELD_SPREAD,1998-02-01,-2.688959,Calculated from Shiller CAPE and 10Y Treasury
CAPE,1998-03-01,36.296927736425104,Robert Shiller/Yale monthly data
CAPE_YIELD_SPREAD,1998-03-01,-2.894946,Calculated from Shiller CAPE and 10Y Treasury
CAPE,1998-04-01,37.27693404302877,Robert Shiller/Yale monthly data
CAPE_YIELD_SPREAD,1998-04-01,-2.957376,Calculated from Shiller CAPE and 10Y Treasury
CAPE,1998-05-01,36.95659851896901,Robert Shiller/Yale monthly data
CAPE_YIELD_SPREAD,1998-05-01,-2.944123,Calculated from Shiller CAPE and 10Y Treasury
CAPE,1998-06-01,36.802293460092024,Robert Shiller/Yale monthly data
CAPE_YIELD_SPREAD,1998-06-01,-2.782778,Calculated from Shiller CAPE and 10Y Treasury
CAPE,1998-07-01,38.259645085248565,Robert Shiller/Yale monthly data
CAPE_YIELD_SPREAD,1998-07-01,-2.846280,Calculated from Shiller CAPE and 10Y Treasury
CAPE,1998-08-01,35.42340102487833,Robert Shiller/Yale monthly data
CAPE_YIELD_SPREAD,1998-08-01,-2.517007,Calculated from Shiller CAPE and 10Y Treasury
CAPE,1998-09-01,33.532356980834905,Robert Shiller/Yale monthly data
CAPE_YIELD_SPREAD,1998-09-01,-1.827806,Calculated from Shiller CAPE and 10Y Treasury
CAPE,1998-10-01,33.77310287904815,Robert Shiller/Yale monthly data
CAPE_YIELD_SPREAD,1998-10-01,-1.569064,Calculated from Shiller CAPE and 10Y Treasury
CAPE,1998-11-01,37.36939188392096,Robert Shiller/Yale monthly data
CAPE_YIELD_SPREAD,1998-11-01,-2.154013,Calculated from Shiller CAPE and 10Y Treasury
CAPE,1998-12-01,38.82027478009816,Robert Shiller/Yale monthly data
CAPE_YIELD_SPREAD,1998-12-01,-2.074026,Calculated from Shiller CAPE and 10Y Treasury
CAPE,1999-01-01,40.57695767720813,Robert Shiller/Yale monthly data
CAPE_YIELD_SPREAD,1999-01-01,-2.255547,Calculated from Shiller CAPE and 10Y Treasury
CAPE,1999-02-01,40.40015922925994,Robert Shiller/Yale monthly data
CAPE_YIELD_SPREAD,1999-02-01,-2.524762,Calculated from Shiller CAPE and 10Y Treasury
CAPE,1999-03-01,41.35610363271301,Robert Shiller/Yale monthly data
CAPE_YIELD_SPREAD,1999-03-01,-2.811977,Calculated from Shiller CAPE and 10Y Treasury
CAPE,1999-04-01,42.704509516892166,Robert Shiller/Yale monthly data
CAPE_YIELD_SPREAD,1999-04-01,-2.838327,Calculated from Shiller CAPE and 10Y Treasury
CAPE,1999-05-01,42.556676709518044,Robert Shiller/Yale monthly data
CAPE_YIELD_SPREAD,1999-05-01,-3.190192,Calculated from Shiller CAPE and 10Y Treasury
CAPE,1999-06-01,42.18067591174694,Robert Shiller/Yale monthly data
CAPE_YIELD_SPREAD,1999-06-01,-3.529246,Calculated from Shiller CAPE and 10Y Treasury
CAPE,1999-07-01,43.82803599280542,Robert Shiller/Yale monthly data
CAPE_YIELD_SPREAD,1999-07-01,-3.508355,Calculated from Shiller CAPE and 10Y Treasury
CAPE,1999-08-01,41.93071215994045,Robert Shiller/Yale monthly data
CAPE_YIELD_SPREAD,1999-08-01,-3.555113,Calculated from Shiller CAPE and 10Y Treasury
CAPE,1999-09-01,41.32345133471502,Robert Shiller/Yale monthly data
CAPE_YIELD_SPREAD,1999-09-01,-3.500067,Calculated from Shiller CAPE and 10Y Treasury
CAPE,1999-10-01,40.55285439953986,Robert Shiller/Yale monthly data
CAPE_YIELD_SPREAD,1999-10-01,-3.644082,Calculated from Shiller CAPE and 10Y Treasury
CAPE,1999-11-01,43.20829071461391,Robert Shiller/Yale monthly data
CAPE_YIELD_SPREAD,1999-11-01,-3.715629,Calculated from Shiller CAPE and 10Y Treasury
CAPE,1999-12-01,44.19793976104055,Robert Shiller/Yale monthly data
CAPE_YIELD_SPREAD,1999-12-01,-4.017451,Calculated from Shiller CAPE and 10Y Treasury
CAPE,2000-01-01,43.772578146938,Robert Shiller/Yale monthly data
CAPE_YIELD_SPREAD,2000-01-01,-4.375465,Calculated from Shiller CAPE and 10Y Treasury
CAPE,2000-02-01,42.18563588791732,Robert Shiller/Yale monthly data
CAPE_YIELD_SPREAD,2000-02-01,-4.149525,Calculated from Shiller CAPE and 10Y Treasury
CAPE,2000-03-01,43.22074843996588,Robert Shiller/Yale monthly data
CAPE_YIELD_SPREAD,2000-03-01,-3.946296,Calculated from Shiller CAPE and 10Y Treasury
CAPE,2000-04-01,43.52857428850774,Robert Shiller/Yale monthly data
CAPE_YIELD_SPREAD,2000-04-01,-3.692659,Calculated from Shiller CAPE and 10Y Treasury
CAPE,2000-05-01,41.966050503324325,Robert Shiller/Yale monthly data
CAPE_YIELD_SPREAD,2000-05-01,-4.057121,Calculated from Shiller CAPE and 10Y Treasury
CAPE,2000-06-01,42.781971567071466,Robert Shiller/Yale monthly data
CAPE_YIELD_SPREAD,2000-06-01,-3.762567,Calculated from Shiller CAPE and 10Y Treasury
CAPE,2000-07-01,42.7580936182696,Robert Shiller/Yale monthly data
CAPE_YIELD_SPREAD,2000-07-01,-3.711261,Calculated from Shiller CAPE and 10Y Treasury
CAPE,2000-08-01,42.8695654944195,Robert Shiller/Yale monthly data
CAPE_YIELD_SPREAD,2000-08-01,-3.497343,Calculated from Shiller CAPE and 10Y Treasury
CAPE,2000-09-01,41.89800792488476,Robert Shiller/Yale monthly data
CAPE_YIELD_SPREAD,2000-09-01,-3.413252,Calculated from Shiller CAPE and 10Y Treasury
CAPE,2000-10-01,39.36969904420139,Robert Shiller/Yale monthly data
CAPE_YIELD_SPREAD,2000-10-01,-3.199976,Calculated from Shiller CAPE and 10Y Treasury
CAPE,2000-11-01,38.78214245678478,Robert Shiller/Yale monthly data
CAPE_YIELD_SPREAD,2000-11-01,-3.141494,Calculated from Shiller CAPE and 10Y Treasury
CAPE,2000-12-01,37.274238004497214,Robert Shiller/Yale monthly data
CAPE_YIELD_SPREAD,2000-12-01,-2.557182,Calculated from Shiller CAPE and 10Y Treasury
CAPE,2001-01-01,36.97886799702984,Robert Shiller/Yale monthly data
CAPE_YIELD_SPREAD,2001-01-01,-2.455753,Calculated from Shiller CAPE and 10Y Treasury
CAPE,2001-02-01,35.834662651431294,Robert Shiller/Yale monthly data
CAPE_YIELD_SPREAD,2001-02-01,-2.309406,Calculated from Shiller CAPE and 10Y Treasury
CAPE,2001-03-01,32.325837236178764,Robert Shiller/Yale monthly data
CAPE_YIELD_SPREAD,2001-03-01,-1.796499,Calculated from Shiller CAPE and 10Y Treasury
CAPE,2001-04-01,32.17390116836069,Robert Shiller/Yale monthly data
CAPE_YIELD_SPREAD,2001-04-01,-2.031891,Calculated from Shiller CAPE and 10Y Treasury
CAPE,2001-05-01,34.07464321714004,Robert Shiller/Yale monthly data
CAPE_YIELD_SPREAD,2001-05-01,-2.455266,Calculated from Shiller CAPE and 10Y Treasury
CAPE,2001-06-01,33.06853441111277,Robert Shiller/Yale monthly data
CAPE_YIELD_SPREAD,2001-06-01,-2.255977,Calculated from Shiller CAPE and 10Y Treasury
CAPE,2001-07-01,32.16303868744436,Robert Shiller/Yale monthly data
CAPE_YIELD_SPREAD,2001-07-01,-2.130841,Calculated from Shiller CAPE and 10Y Treasury
CAPE,2001-08-01,31.40431876078014,Robert Shiller/Yale monthly data
CAPE_YIELD_SPREAD,2001-08-01,-1.785725,Calculated from Shiller CAPE and 10Y Treasury
CAPE,2001-09-01,27.667392586862498,Robert Shiller/Yale monthly data
CAPE_YIELD_SPREAD,2001-09-01,-1.115637,Calculated from Shiller CAPE and 10Y Treasury
CAPE,2001-10-01,28.57737311336011,Robert Shiller/Yale monthly data
CAPE_YIELD_SPREAD,2001-10-01,-1.070728,Calculated from Shiller CAPE and 10Y Treasury
CAPE,2001-11-01,30.005103811056827,Robert Shiller/Yale monthly data
CAPE_YIELD_SPREAD,2001-11-01,-1.317234,Calculated from Shiller CAPE and 10Y Treasury
CAPE,2001-12-01,30.499953255020465,Robert Shiller/Yale monthly data
CAPE_YIELD_SPREAD,2001-12-01,-1.811306,Calculated from Shiller CAPE and 10Y Treasury
CAPE,2002-01-01,30.277204433096006,Robert Shiller/Yale monthly data
CAPE_YIELD_SPREAD,2002-01-01,-1.737185,Calculated from Shiller CAPE and 10Y Treasury
CAPE,2002-02-01,29.085704152008425,Robert Shiller/Yale monthly data
CAPE_YIELD_SPREAD,2002-02-01,-1.471885,Calculated from Shiller CAPE and 10Y Treasury
CAPE,2002-03-01,30.292130640918682,Robert Shiller/Yale monthly data
CAPE_YIELD_SPREAD,2002-03-01,-1.978813,Calculated from Shiller CAPE and 10Y Treasury
CAPE,2002-04-01,29.005883253118686,Robert Shiller/Yale monthly data
CAPE_YIELD_SPREAD,2002-04-01,-1.762424,Calculated from Shiller CAPE and 10Y Treasury
CAPE,2002-05-01,28.128107508688345,Robert Shiller/Yale monthly data
CAPE_YIELD_SPREAD,2002-05-01,-1.604837,Calculated from Shiller CAPE and 10Y Treasury
CAPE,2002-06-01,26.387672541183363,Robert Shiller/Yale monthly data
CAPE_YIELD_SPREAD,2002-06-01,-1.140352,Calculated from Shiller CAPE and 10Y Treasury
CAPE,2002-07-01,23.46312046743145,Robert Shiller/Yale monthly data
CAPE_YIELD_SPREAD,2002-07-01,-0.387992,Calculated from Shiller CAPE and 10Y Treasury
CAPE,2002-08-01,23.588713528842383,Robert Shiller/Yale monthly data
CAPE_YIELD_SPREAD,2002-08-01,-0.020684,Calculated from Shiller CAPE and 10Y Treasury
CAPE,2002-09-01,22.36503680122434,Robert Shiller/Yale monthly data
CAPE_YIELD_SPREAD,2002-09-01,0.601265,Calculated from Shiller CAPE and 10Y Treasury
CAPE,2002-10-01,21.95623386365909,Robert Shiller/Yale monthly data
CAPE_YIELD_SPREAD,2002-10-01,0.614515,Calculated from Shiller CAPE and 10Y Treasury
CAPE,2002-11-01,23.348396502725127,Robert Shiller/Yale monthly data
CAPE_YIELD_SPREAD,2002-11-01,0.232949,Calculated from Shiller CAPE and 10Y Treasury
CAPE,2002-12-01,23.101442537685635,Robert Shiller/Yale monthly data
CAPE_YIELD_SPREAD,2002-12-01,0.298734,Calculated from Shiller CAPE and 10Y Treasury
CAPE,2003-01-01,22.898348576613216,Robert Shiller/Yale monthly data
CAPE_YIELD_SPREAD,2003-01-01,0.317127,Calculated from Shiller CAPE and 10Y Treasury
CAPE,2003-02-01,21.214102123415284,Robert Shiller/Yale monthly data
CAPE_YIELD_SPREAD,2003-02-01,0.813846,Calculated from Shiller CAPE and 10Y Treasury
CAPE,2003-03-01,21.30971902699099,Robert Shiller/Yale monthly data
CAPE_YIELD_SPREAD,2003-03-01,0.882694,Calculated from Shiller CAPE and 10Y Treasury
CAPE,2003-04-01,22.427939577730893,Robert Shiller/Yale monthly data
CAPE_YIELD_SPREAD,2003-04-01,0.498724,Calculated from Shiller CAPE and 10Y Treasury
CAPE,2003-05-01,23.591080453481478,Robert Shiller/Yale monthly data
CAPE_YIELD_SPREAD,2003-05-01,0.668890,Calculated from Shiller CAPE and 10Y Treasury
CAPE,2003-06-01,24.832223259531048,Robert Shiller/Yale monthly data
CAPE_YIELD_SPREAD,2003-06-01,0.697026,Calculated from Shiller CAPE and 10Y Treasury
CAPE,2003-07-01,24.867329101268766,Robert Shiller/Yale monthly data
CAPE_YIELD_SPREAD,2003-07-01,0.041341,Calculated from Shiller CAPE and 10Y Treasury
CAPE,2003-08-01,24.642251409932154,Robert Shiller/Yale monthly data
CAPE_YIELD_SPREAD,2003-08-01,-0.391929,Calculated from Shiller CAPE and 10Y Treasury
CAPE,2003-09-01,25.243686752606248,Robert Shiller/Yale monthly data
CAPE_YIELD_SPREAD,2003-09-01,-0.308613,Calculated from Shiller CAPE and 10Y Treasury
CAPE,2003-10-01,25.68275607057968,Robert Shiller/Yale monthly data
CAPE_YIELD_SPREAD,2003-10-01,-0.396337,Calculated from Shiller CAPE and 10Y Treasury
CAPE,2003-11-01,25.946798218420103,Robert Shiller/Yale monthly data
CAPE_YIELD_SPREAD,2003-11-01,-0.445960,Calculated from Shiller CAPE and 10Y Treasury
CAPE,2003-12-01,26.63517051108153,Robert Shiller/Yale monthly data
CAPE_YIELD_SPREAD,2003-12-01,-0.515566,Calculated from Shiller CAPE and 10Y Treasury
CAPE,2004-01-01,27.65854035573656,Robert Shiller/Yale monthly data
CAPE_YIELD_SPREAD,2004-01-01,-0.534480,Calculated from Shiller CAPE and 10Y Treasury
CAPE,2004-02-01,27.650862036740207,Robert Shiller/Yale monthly data
CAPE_YIELD_SPREAD,2004-02-01,-0.463476,Calculated from Shiller CAPE and 10Y Treasury
CAPE,2004-03-01,26.88653038403585,Robert Shiller/Yale monthly data
CAPE_YIELD_SPREAD,2004-03-01,-0.110666,Calculated from Shiller CAPE and 10Y Treasury
CAPE,2004-04-01,26.90057750844487,Robert Shiller/Yale monthly data
CAPE_YIELD_SPREAD,2004-04-01,-0.632608,Calculated from Shiller CAPE and 10Y Treasury
CAPE,2004-05-01,25.90281429294375,Robert Shiller/Yale monthly data
CAPE_YIELD_SPREAD,2004-05-01,-0.859416,Calculated from Shiller CAPE and 10Y Treasury
CAPE,2004-06-01,26.4012853664749,Robert Shiller/Yale monthly data
CAPE_YIELD_SPREAD,2004-06-01,-0.942306,Calculated from Shiller CAPE and 10Y Treasury
CAPE,2004-07-01,25.695888646268546,Robert Shiller/Yale monthly data
CAPE_YIELD_SPREAD,2004-07-01,-0.608327,Calculated from Shiller CAPE and 10Y Treasury
CAPE,2004-08-01,25.17446222647776,Robert Shiller/Yale monthly data
CAPE_YIELD_SPREAD,2004-08-01,-0.307721,Calculated from Shiller CAPE and 10Y Treasury
CAPE,2004-09-01,25.66840677635768,Robert Shiller/Yale monthly data
CAPE_YIELD_SPREAD,2004-09-01,-0.234160,Calculated from Shiller CAPE and 10Y Treasury
CAPE,2004-10-01,25.411655665489313,Robert Shiller/Yale monthly data
CAPE_YIELD_SPREAD,2004-10-01,-0.164798,Calculated from Shiller CAPE and 10Y Treasury
CAPE,2004-11-01,26.465310814818032,Robert Shiller/Yale monthly data
CAPE_YIELD_SPREAD,2004-11-01,-0.411469,Calculated from Shiller CAPE and 10Y Treasury
CAPE,2004-12-01,27.14480869474122,Robert Shiller/Yale monthly data
CAPE_YIELD_SPREAD,2004-12-01,-0.546054,Calculated from Shiller CAPE and 10Y Treasury
CAPE,2005-01-01,26.587250697970365,Robert Shiller/Yale monthly data
CAPE_YIELD_SPREAD,2005-01-01,-0.458799,Calculated from Shiller CAPE and 10Y Treasury
CAPE,2005-02-01,26.74486312810117,Robert Shiller/Yale monthly data
CAPE_YIELD_SPREAD,2005-02-01,-0.430964,Calculated from Shiller CAPE and 10Y Treasury
CAPE,2005-03-01,26.339142131057912,Robert Shiller/Yale monthly data
CAPE_YIELD_SPREAD,2005-03-01,-0.703369,Calculated from Shiller CAPE and 10Y Treasury
CAPE,2005-04-01,25.40892256911445,Robert Shiller/Yale monthly data
CAPE_YIELD_SPREAD,2005-04-01,-0.404375,Calculated from Shiller CAPE and 10Y Treasury
CAPE,2005-05-01,25.65023018718296,Robert Shiller/Yale monthly data
CAPE_YIELD_SPREAD,2005-05-01,-0.241400,Calculated from Shiller CAPE and 10Y Treasury
CAPE,2005-06-01,26.068394871883985,Robert Shiller/Yale monthly data
CAPE_YIELD_SPREAD,2005-06-01,-0.163937,Calculated from Shiller CAPE and 10Y Treasury
CAPE,2005-07-01,26.287871091254736,Robert Shiller/Yale monthly data
CAPE_YIELD_SPREAD,2005-07-01,-0.375964,Calculated from Shiller CAPE and 10Y Treasury
CAPE,2005-08-01,26.104381410936142,Robert Shiller/Yale monthly data
CAPE_YIELD_SPREAD,2005-08-01,-0.429225,Calculated from Shiller CAPE and 10Y Treasury
CAPE,2005-09-01,25.730122990164467,Robert Shiller/Yale monthly data
CAPE_YIELD_SPREAD,2005-09-01,-0.313505,Calculated from Shiller CAPE and 10Y Treasury
CAPE,2005-10-01,24.87653872364795,Robert Shiller/Yale monthly data
CAPE_YIELD_SPREAD,2005-10-01,-0.440148,Calculated from Shiller CAPE and 10Y Treasury
CAPE,2005-11-01,25.93178330906902,Robert Shiller/Yale monthly data
CAPE_YIELD_SPREAD,2005-11-01,-0.683728,Calculated from Shiller CAPE and 10Y Treasury
CAPE,2005-12-01,26.443803114292404,Robert Shiller/Yale monthly data
CAPE_YIELD_SPREAD,2005-12-01,-0.688396,Calculated from Shiller CAPE and 10Y Treasury
CAPE,2006-01-01,26.46870262668572,Robert Shiller/Yale monthly data
CAPE_YIELD_SPREAD,2006-01-01,-0.641953,Calculated from Shiller CAPE and 10Y Treasury
CAPE,2006-02-01,26.249624763583295,Robert Shiller/Yale monthly data
CAPE_YIELD_SPREAD,2006-02-01,-0.760422,Calculated from Shiller CAPE and 10Y Treasury
CAPE,2006-03-01,26.32783777866768,Robert Shiller/Yale monthly data
CAPE_YIELD_SPREAD,2006-03-01,-0.921739,Calculated from Shiller CAPE and 10Y Treasury
CAPE,2006-04-01,26.147280943874517,Robert Shiller/Yale monthly data
CAPE_YIELD_SPREAD,2006-04-01,-1.165511,Calculated from Shiller CAPE and 10Y Treasury
CAPE,2006-05-01,25.650640708757333,Robert Shiller/Yale monthly data
CAPE_YIELD_SPREAD,2006-05-01,-1.211462,Calculated from Shiller CAPE and 10Y Treasury
CAPE,2006-06-01,24.749582241646365,Robert Shiller/Yale monthly data
CAPE_YIELD_SPREAD,2006-06-01,-1.069528,Calculated from Shiller CAPE and 10Y Treasury
CAPE,2006-07-01,24.6967867668533,Robert Shiller/Yale monthly data
CAPE_YIELD_SPREAD,2006-07-01,-1.040890,Calculated from Shiller CAPE and 10Y Treasury
CAPE,2006-08-01,25.051393562010958,Robert Shiller/Yale monthly data
CAPE_YIELD_SPREAD,2006-08-01,-0.888206,Calculated from Shiller CAPE and 10Y Treasury
CAPE,2006-09-01,25.64415644079739,Robert Shiller/Yale monthly data
CAPE_YIELD_SPREAD,2006-09-01,-0.820476,Calculated from Shiller CAPE and 10Y Treasury
CAPE,2006-10-01,26.53804028210171,Robert Shiller/Yale monthly data
CAPE_YIELD_SPREAD,2006-10-01,-0.961824,Calculated from Shiller CAPE and 10Y Treasury
CAPE,2006-11-01,26.92802027085648,Robert Shiller/Yale monthly data
CAPE_YIELD_SPREAD,2006-11-01,-0.886396,Calculated from Shiller CAPE and 10Y Treasury
CAPE,2006-12-01,27.282689787571687,Robert Shiller/Yale monthly data
CAPE_YIELD_SPREAD,2006-12-01,-0.894672,Calculated from Shiller CAPE and 10Y Treasury
CAPE,2007-01-01,27.20753665680713,Robert Shiller/Yale monthly data
CAPE_YIELD_SPREAD,2007-01-01,-1.084548,Calculated from Shiller CAPE and 10Y Treasury
CAPE,2007-02-01,27.315181413516605,Robert Shiller/Yale monthly data
CAPE_YIELD_SPREAD,2007-02-01,-1.059032,Calculated from Shiller CAPE and 10Y Treasury
CAPE,2007-03-01,26.227605554650896,Robert Shiller/Yale monthly data
CAPE_YIELD_SPREAD,2007-03-01,-0.747223,Calculated from Shiller CAPE and 10Y Treasury
CAPE,2007-04-01,26.97626831418908,Robert Shiller/Yale monthly data
CAPE_YIELD_SPREAD,2007-04-01,-0.983038,Calculated from Shiller CAPE and 10Y Treasury
CAPE,2007-05-01,27.548490451851247,Robert Shiller/Yale monthly data
CAPE_YIELD_SPREAD,2007-05-01,-1.120037,Calculated from Shiller CAPE and 10Y Treasury
CAPE,2007-06-01,27.418262740410594,Robert Shiller/Yale monthly data
CAPE_YIELD_SPREAD,2007-06-01,-1.452796,Calculated from Shiller CAPE and 10Y Treasury
CAPE,2007-07-01,27.410088167204318,Robert Shiller/Yale monthly data
CAPE_YIELD_SPREAD,2007-07-01,-1.351708,Calculated from Shiller CAPE and 10Y Treasury
CAPE,2007-08-01,26.14860718931232,Robert Shiller/Yale monthly data
CAPE_YIELD_SPREAD,2007-08-01,-0.845705,Calculated from Shiller CAPE and 10Y Treasury
CAPE,2007-09-01,26.725743047696916,Robert Shiller/Yale monthly data
CAPE_YIELD_SPREAD,2007-09-01,-0.778289,Calculated from Shiller CAPE and 10Y Treasury
CAPE,2007-10-01,27.32064813046202,Robert Shiller/Yale monthly data
CAPE_YIELD_SPREAD,2007-10-01,-0.869765,Calculated from Shiller CAPE and 10Y Treasury
CAPE,2007-11-01,25.729053579498366,Robert Shiller/Yale monthly data
CAPE_YIELD_SPREAD,2007-11-01,-0.263343,Calculated from Shiller CAPE and 10Y Treasury
CAPE,2007-12-01,25.955510105240222,Robert Shiller/Yale monthly data
CAPE_YIELD_SPREAD,2007-12-01,-0.247254,Calculated from Shiller CAPE and 10Y Treasury
CAPE,2008-01-01,24.02231776083681,Robert Shiller/Yale monthly data
CAPE_YIELD_SPREAD,2008-01-01,0.422796,Calculated from Shiller CAPE and 10Y Treasury
CAPE,2008-02-01,23.495263401811776,Robert Shiller/Yale monthly data
CAPE_YIELD_SPREAD,2008-02-01,0.516177,Calculated from Shiller CAPE and 10Y Treasury
CAPE,2008-03-01,22.60681084224933,Robert Shiller/Yale monthly data
CAPE_YIELD_SPREAD,2008-03-01,0.913446,Calculated from Shiller CAPE and 10Y Treasury
CAPE,2008-04-01,23.356040643201602,Robert Shiller/Yale monthly data
CAPE_YIELD_SPREAD,2008-04-01,0.601548,Calculated from Shiller CAPE and 10Y Treasury
CAPE,2008-05-01,23.696432116623175,Robert Shiller/Yale monthly data
CAPE_YIELD_SPREAD,2008-05-01,0.340045,Calculated from Shiller CAPE and 10Y Treasury
CAPE,2008-06-01,22.416812802281935,Robert Shiller/Yale monthly data
CAPE_YIELD_SPREAD,2008-06-01,0.360937,Calculated from Shiller CAPE and 10Y Treasury
CAPE,2008-07-01,20.907206462661577,Robert Shiller/Yale monthly data
CAPE_YIELD_SPREAD,2008-07-01,0.773040,Calculated from Shiller CAPE and 10Y Treasury
CAPE,2008-08-01,21.401617360047926,Robert Shiller/Yale monthly data
CAPE_YIELD_SPREAD,2008-08-01,0.782544,Calculated from Shiller CAPE and 10Y Treasury
CAPE,2008-09-01,20.36273394609752,Robert Shiller/Yale monthly data
CAPE_YIELD_SPREAD,2008-09-01,1.220932,Calculated from Shiller CAPE and 10Y Treasury
CAPE,2008-10-01,16.387356548789832,Robert Shiller/Yale monthly data
CAPE_YIELD_SPREAD,2008-10-01,2.292265,Calculated from Shiller CAPE and 10Y Treasury
CAPE,2008-11-01,15.259659405704577,Robert Shiller/Yale monthly data
CAPE_YIELD_SPREAD,2008-11-01,3.023226,Calculated from Shiller CAPE and 10Y Treasury
CAPE,2008-12-01,15.376080747423762,Robert Shiller/Yale monthly data
CAPE_YIELD_SPREAD,2008-12-01,4.083608,Calculated from Shiller CAPE and 10Y Treasury
CAPE,2009-01-01,15.174651936879666,Robert Shiller/Yale monthly data
CAPE_YIELD_SPREAD,2009-01-01,4.069937,Calculated from Shiller CAPE and 10Y Treasury
CAPE,2009-02-01,14.122181801918893,Robert Shiller/Yale monthly data
CAPE_YIELD_SPREAD,2009-02-01,4.211059,Calculated from Shiller CAPE and 10Y Treasury
CAPE,2009-03-01,13.323667656863929,Robert Shiller/Yale monthly data
CAPE_YIELD_SPREAD,2009-03-01,4.685441,Calculated from Shiller CAPE and 10Y Treasury
CAPE,2009-04-01,14.981866453039249,Robert Shiller/Yale monthly data
CAPE_YIELD_SPREAD,2009-04-01,3.744736,Calculated from Shiller CAPE and 10Y Treasury
CAPE,2009-05-01,15.996355755263156,Robert Shiller/Yale monthly data
CAPE_YIELD_SPREAD,2009-05-01,2.961424,Calculated from Shiller CAPE and 10Y Treasury
CAPE,2009-06-01,16.38418281621534,Robert Shiller/Yale monthly data
CAPE_YIELD_SPREAD,2009-06-01,2.383448,Calculated from Shiller CAPE and 10Y Treasury
CAPE,2009-07-01,16.694620816995613,Robert Shiller/Yale monthly data
CAPE_YIELD_SPREAD,2009-07-01,2.429953,Calculated from Shiller CAPE and 10Y Treasury
CAPE,2009-08-01,18.094069801576076,Robert Shiller/Yale monthly data
CAPE_YIELD_SPREAD,2009-08-01,1.936673,Calculated from Shiller CAPE and 10Y Treasury
CAPE,2009-09-01,18.83190226484007,Robert Shiller/Yale monthly data
CAPE_YIELD_SPREAD,2009-09-01,1.910138,Calculated from Shiller CAPE and 10Y Treasury
CAPE,2009-10-01,19.358008443486835,Robert Shiller/Yale monthly data
CAPE_YIELD_SPREAD,2009-10-01,1.775821,Calculated from Shiller CAPE and 10Y Treasury
CAPE,2009-11-01,19.812761079966048,Robert Shiller/Yale monthly data
CAPE_YIELD_SPREAD,2009-11-01,1.647252,Calculated from Shiller CAPE and 10Y Treasury
CAPE,2009-12-01,20.322376500216524,Robert Shiller/Yale monthly data
CAPE_YIELD_SPREAD,2009-12-01,1.330684,Calculated from Shiller CAPE and 10Y Treasury
CAPE,2010-01-01,20.5278598014544,Robert Shiller/Yale monthly data
CAPE_YIELD_SPREAD,2010-01-01,1.141428,Calculated from Shiller CAPE and 10Y Treasury
CAPE,2010-02-01,19.92053930660044,Robert Shiller/Yale monthly data
CAPE_YIELD_SPREAD,2010-02-01,1.329944,Calculated from Shiller CAPE and 10Y Treasury
CAPE,2010-03-01,21.004601209715354,Robert Shiller/Yale monthly data
CAPE_YIELD_SPREAD,2010-03-01,1.030862,Calculated from Shiller CAPE and 10Y Treasury
CAPE,2010-04-01,21.80484559962515,Robert Shiller/Yale monthly data
CAPE_YIELD_SPREAD,2010-04-01,0.736137,Calculated from Shiller CAPE and 10Y Treasury
CAPE,2010-05-01,20.4800686384234,Robert Shiller/Yale monthly data
CAPE_YIELD_SPREAD,2010-05-01,1.462796,Calculated from Shiller CAPE and 10Y Treasury
CAPE,2010-06-01,19.74203985373945,Robert Shiller/Yale monthly data
CAPE_YIELD_SPREAD,2010-06-01,1.865333,Calculated from Shiller CAPE and 10Y Treasury
CAPE,2010-07-01,19.6686604707177,Robert Shiller/Yale monthly data
CAPE_YIELD_SPREAD,2010-07-01,2.074230,Calculated from Shiller CAPE and 10Y Treasury
CAPE,2010-08-01,19.770299174358563,Robert Shiller/Yale monthly data
CAPE_YIELD_SPREAD,2010-08-01,2.358092,Calculated from Shiller CAPE and 10Y Treasury
CAPE,2010-09-01,20.381395233204017,Robert Shiller/Yale monthly data
CAPE_YIELD_SPREAD,2010-09-01,2.256435,Calculated from Shiller CAPE and 10Y Treasury
CAPE,2010-10-01,21.240127651759412,Robert Shiller/Yale monthly data
CAPE_YIELD_SPREAD,2010-10-01,2.168070,Calculated from Shiller CAPE and 10Y Treasury
CAPE,2010-11-01,21.7007238277606,Robert Shiller/Yale monthly data
CAPE_YIELD_SPREAD,2010-11-01,1.848141,Calculated from Shiller CAPE and 10Y Treasury
CAPE,2010-12-01,22.3963797730442,Robert Shiller/Yale monthly data
CAPE_YIELD_SPREAD,2010-12-01,1.175007,Calculated from Shiller CAPE and 10Y Treasury
CAPE,2011-01-01,22.97829943055497,Robert Shiller/Yale monthly data
CAPE_YIELD_SPREAD,2011-01-01,0.961932,Calculated from Shiller CAPE and 10Y Treasury
CAPE,2011-02-01,23.489828703298514,Robert Shiller/Yale monthly data
CAPE_YIELD_SPREAD,2011-02-01,0.677162,Calculated from Shiller CAPE and 10Y Treasury
CAPE,2011-03-01,22.89933643014363,Robert Shiller/Yale monthly data
CAPE_YIELD_SPREAD,2011-03-01,0.956939,Calculated from Shiller CAPE and 10Y Treasury
CAPE,2011-04-01,23.14392944728594,Robert Shiller/Yale monthly data
CAPE_YIELD_SPREAD,2011-04-01,0.860787,Calculated from Shiller CAPE and 10Y Treasury
CAPE,2011-05-01,23.05949150609534,Robert Shiller/Yale monthly data
CAPE_YIELD_SPREAD,2011-05-01,1.166609,Calculated from Shiller CAPE and 10Y Treasury
CAPE,2011-06-01,22.100831286610997,Robert Shiller/Yale monthly data
CAPE_YIELD_SPREAD,2011-06-01,1.524717,Calculated from Shiller CAPE and 10Y Treasury
CAPE,2011-07-01,22.61098170115662,Robert Shiller/Yale monthly data
CAPE_YIELD_SPREAD,2011-07-01,1.422630,Calculated from Shiller CAPE and 10Y Treasury
CAPE,2011-08-01,20.049852721660493,Robert Shiller/Yale monthly data
CAPE_YIELD_SPREAD,2011-08-01,2.687568,Calculated from Shiller CAPE and 10Y Treasury
CAPE,2011-09-01,19.69811456887771,Robert Shiller/Yale monthly data
CAPE_YIELD_SPREAD,2011-09-01,3.096628,Calculated from Shiller CAPE and 10Y Treasury
CAPE,2011-10-01,20.155824786688754,Robert Shiller/Yale monthly data
CAPE_YIELD_SPREAD,2011-10-01,2.811345,Calculated from Shiller CAPE and 10Y Treasury
CAPE,2011-11-01,20.34524679764582,Robert Shiller/Yale monthly data
CAPE_YIELD_SPREAD,2011-11-01,2.905153,Calculated from Shiller CAPE and 10Y Treasury
CAPE,2011-12-01,20.523575499431697,Robert Shiller/Yale monthly data
CAPE_YIELD_SPREAD,2011-12-01,2.892445,Calculated from Shiller CAPE and 10Y Treasury
CAPE,2012-01-01,21.213008091803452,Robert Shiller/Yale monthly data
CAPE_YIELD_SPREAD,2012-01-01,2.744089,Calculated from Shiller CAPE and 10Y Treasury
CAPE,2012-02-01,21.797435963717536,Robert Shiller/Yale monthly data
CAPE_YIELD_SPREAD,2012-02-01,2.617696,Calculated from Shiller CAPE and 10Y Treasury
CAPE,2012-03-01,22.053943972904705,Robert Shiller/Yale monthly data
CAPE_YIELD_SPREAD,2012-03-01,2.364336,Calculated from Shiller CAPE and 10Y Treasury
CAPE,2012-04-01,21.779246906824888,Robert Shiller/Yale monthly data
CAPE_YIELD_SPREAD,2012-04-01,2.541527,Calculated from Shiller CAPE and 10Y Treasury
CAPE,2012-05-01,20.941467419743475,Robert Shiller/Yale monthly data
CAPE_YIELD_SPREAD,2012-05-01,2.975215,Calculated from Shiller CAPE and 10Y Treasury
CAPE,2012-06-01,20.547504086856087,Robert Shiller/Yale monthly data
CAPE_YIELD_SPREAD,2012-06-01,3.246771,Calculated from Shiller CAPE and 10Y Treasury
CAPE,2012-07-01,20.99934129338056,Robert Shiller/Yale monthly data
CAPE_YIELD_SPREAD,2012-07-01,3.232054,Calculated from Shiller CAPE and 10Y Treasury
CAPE,2012-08-01,21.410428453442933,Robert Shiller/Yale monthly data
CAPE_YIELD_SPREAD,2012-08-01,2.990621,Calculated from Shiller CAPE and 10Y Treasury
CAPE,2012-09-01,21.783690301727678,Robert Shiller/Yale monthly data
CAPE_YIELD_SPREAD,2012-09-01,2.870590,Calculated from Shiller CAPE and 10Y Treasury
CAPE,2012-10-01,21.577109654528787,Robert Shiller/Yale monthly data
CAPE_YIELD_SPREAD,2012-10-01,2.884541,Calculated from Shiller CAPE and 10Y Treasury
CAPE,2012-11-01,20.898162059573696,Robert Shiller/Yale monthly data
CAPE_YIELD_SPREAD,2012-11-01,3.135110,Calculated from Shiller CAPE and 10Y Treasury
CAPE,2012-12-01,21.238261139845612,Robert Shiller/Yale monthly data
CAPE_YIELD_SPREAD,2012-12-01,2.988483,Calculated from Shiller CAPE and 10Y Treasury
CAPE,2013-01-01,21.900475413821805,Robert Shiller/Yale monthly data
CAPE_YIELD_SPREAD,2013-01-01,2.656111,Calculated from Shiller CAPE and 10Y Treasury
CAPE,2013-02-01,22.05272433686194,Robert Shiller/Yale monthly data
CAPE_YIELD_SPREAD,2013-02-01,2.554587,Calculated from Shiller CAPE and 10Y Treasury
CAPE,2013-03-01,22.41920711460257,Robert Shiller/Yale monthly data
CAPE_YIELD_SPREAD,2013-03-01,2.500461,Calculated from Shiller CAPE and 10Y Treasury
CAPE,2013-04-01,22.59565539610559,Robert Shiller/Yale monthly data
CAPE_YIELD_SPREAD,2013-04-01,2.665630,Calculated from Shiller CAPE and 10Y Treasury
CAPE,2013-05-01,23.4118417818424,Robert Shiller/Yale monthly data
CAPE_YIELD_SPREAD,2013-05-01,2.341343,Calculated from Shiller CAPE and 10Y Treasury
CAPE,2013-06-01,22.925333173915327,Robert Shiller/Yale monthly data
CAPE_YIELD_SPREAD,2013-06-01,2.061987,Calculated from Shiller CAPE and 10Y Treasury
CAPE,2013-07-01,23.492460177159636,Robert Shiller/Yale monthly data
CAPE_YIELD_SPREAD,2013-07-01,1.676685,Calculated from Shiller CAPE and 10Y Treasury
CAPE,2013-08-01,23.356649094916087,Robert Shiller/Yale monthly data
CAPE_YIELD_SPREAD,2013-08-01,1.541436,Calculated from Shiller CAPE and 10Y Treasury
CAPE,2013-09-01,23.442287167960593,Robert Shiller/Yale monthly data
CAPE_YIELD_SPREAD,2013-09-01,1.455795,Calculated from Shiller CAPE and 10Y Treasury
CAPE,2013-10-01,23.83473788763143,Robert Shiller/Yale monthly data
CAPE_YIELD_SPREAD,2013-10-01,1.575557,Calculated from Shiller CAPE and 10Y Treasury
CAPE,2013-11-01,24.642077092412055,Robert Shiller/Yale monthly data
CAPE_YIELD_SPREAD,2013-11-01,1.338099,Calculated from Shiller CAPE and 10Y Treasury
CAPE,2013-12-01,24.86186929646193,Robert Shiller/Yale monthly data
CAPE_YIELD_SPREAD,2013-12-01,1.122224,Calculated from Shiller CAPE and 10Y Treasury
CAPE,2014-01-01,24.859609093632702,Robert Shiller/Yale monthly data
CAPE_YIELD_SPREAD,2014-01-01,1.162589,Calculated from Shiller CAPE and 10Y Treasury
CAPE,2014-02-01,24.59093087789413,Robert Shiller/Yale monthly data
CAPE_YIELD_SPREAD,2014-02-01,1.356540,Calculated from Shiller CAPE and 10Y Treasury
CAPE,2014-03-01,24.956039153965378,Robert Shiller/Yale monthly data
CAPE_YIELD_SPREAD,2014-03-01,1.287046,Calculated from Shiller CAPE and 10Y Treasury
CAPE,2014-04-01,24.78631539696263,Robert Shiller/Yale monthly data
CAPE_YIELD_SPREAD,2014-04-01,1.324484,Calculated from Shiller CAPE and 10Y Treasury
CAPE,2014-05-01,24.94327410990259,Robert Shiller/Yale monthly data
CAPE_YIELD_SPREAD,2014-05-01,1.449097,Calculated from Shiller CAPE and 10Y Treasury
CAPE,2014-06-01,25.558007623511294,Robert Shiller/Yale monthly data
CAPE_YIELD_SPREAD,2014-06-01,1.312668,Calculated from Shiller CAPE and 10Y Treasury
CAPE,2014-07-01,25.817545976158737,Robert Shiller/Yale monthly data
CAPE_YIELD_SPREAD,2014-07-01,1.333335,Calculated from Shiller CAPE and 10Y Treasury
CAPE,2014-08-01,25.617606421799394,Robert Shiller/Yale monthly data
CAPE_YIELD_SPREAD,2014-08-01,1.483565,Calculated from Shiller CAPE and 10Y Treasury
CAPE,2014-09-01,25.918436892606188,Robert Shiller/Yale monthly data
CAPE_YIELD_SPREAD,2014-09-01,1.328257,Calculated from Shiller CAPE and 10Y Treasury
CAPE,2014-10-01,25.162748283083243,Robert Shiller/Yale monthly data
CAPE_YIELD_SPREAD,2014-10-01,1.674129,Calculated from Shiller CAPE and 10Y Treasury
CAPE,2014-11-01,26.606817147143417,Robert Shiller/Yale monthly data
CAPE_YIELD_SPREAD,2014-11-01,1.428435,Calculated from Shiller CAPE and 10Y Treasury
CAPE,2014-12-01,26.794085482572548,Robert Shiller/Yale monthly data
CAPE_YIELD_SPREAD,2014-12-01,1.522167,Calculated from Shiller CAPE and 10Y Treasury
CAPE,2015-01-01,26.49229542038312,Robert Shiller/Yale monthly data
CAPE_YIELD_SPREAD,2015-01-01,1.894682,Calculated from Shiller CAPE and 10Y Treasury
CAPE,2015-02-01,26.995513699383235,Robert Shiller/Yale monthly data
CAPE_YIELD_SPREAD,2015-02-01,1.724319,Calculated from Shiller CAPE and 10Y Treasury
CAPE,2015-03-01,26.72860545292847,Robert Shiller/Yale monthly data
CAPE_YIELD_SPREAD,2015-03-01,1.701310,Calculated from Shiller CAPE and 10Y Treasury
CAPE,2015-04-01,26.79137168019232,Robert Shiller/Yale monthly data
CAPE_YIELD_SPREAD,2015-04-01,1.792545,Calculated from Shiller CAPE and 10Y Treasury
CAPE,2015-05-01,26.806111379650822,Robert Shiller/Yale monthly data
CAPE_YIELD_SPREAD,2015-05-01,1.530493,Calculated from Shiller CAPE and 10Y Treasury
CAPE,2015-06-01,26.495895292784837,Robert Shiller/Yale monthly data
CAPE_YIELD_SPREAD,2015-06-01,1.414170,Calculated from Shiller CAPE and 10Y Treasury
CAPE,2015-07-01,26.38113633639969,Robert Shiller/Yale monthly data
CAPE_YIELD_SPREAD,2015-07-01,1.470587,Calculated from Shiller CAPE and 10Y Treasury
CAPE,2015-08-01,25.693658417057705,Robert Shiller/Yale monthly data
CAPE_YIELD_SPREAD,2015-08-01,1.722011,Calculated from Shiller CAPE and 10Y Treasury
CAPE,2015-09-01,24.496752170486435,Robert Shiller/Yale monthly data
CAPE_YIELD_SPREAD,2015-09-01,1.912174,Calculated from Shiller CAPE and 10Y Treasury
CAPE,2015-10-01,25.49144104606675,Robert Shiller/Yale monthly data
CAPE_YIELD_SPREAD,2015-10-01,1.852885,Calculated from Shiller CAPE and 10Y Treasury
CAPE,2015-11-01,26.225851890971935,Robert Shiller/Yale monthly data
CAPE_YIELD_SPREAD,2015-11-01,1.553032,Calculated from Shiller CAPE and 10Y Treasury
CAPE,2015-12-01,25.96542403712418,Robert Shiller/Yale monthly data
CAPE_YIELD_SPREAD,2015-12-01,1.611275,Calculated from Shiller CAPE and 10Y Treasury
CAPE,2016-01-01,24.206167203878476,Robert Shiller/Yale monthly data
CAPE_YIELD_SPREAD,2016-01-01,2.041179,Calculated from Shiller CAPE and 10Y Treasury
CAPE,2016-02-01,24.00260677728976,Robert Shiller/Yale monthly data
CAPE_YIELD_SPREAD,2016-02-01,2.386214,Calculated from Shiller CAPE and 10Y Treasury
CAPE,2016-03-01,25.37229862018791,Robert Shiller/Yale monthly data
CAPE_YIELD_SPREAD,2016-03-01,2.051306,Calculated from Shiller CAPE and 10Y Treasury
CAPE,2016-04-01,25.922337543673883,Robert Shiller/Yale monthly data
CAPE_YIELD_SPREAD,2016-04-01,2.047677,Calculated from Shiller CAPE and 10Y Treasury
CAPE,2016-05-01,25.694709923449974,Robert Shiller/Yale monthly data
CAPE_YIELD_SPREAD,2016-05-01,2.081852,Calculated from Shiller CAPE and 10Y Treasury
CAPE,2016-06-01,25.84037292767052,Robert Shiller/Yale monthly data
CAPE_YIELD_SPREAD,2016-06-01,2.229913,Calculated from Shiller CAPE and 10Y Treasury
CAPE,2016-07-01,26.694003256096302,Robert Shiller/Yale monthly data
CAPE_YIELD_SPREAD,2016-07-01,2.246160,Calculated from Shiller CAPE and 10Y Treasury
CAPE,2016-08-01,26.948872433723867,Robert Shiller/Yale monthly data
CAPE_YIELD_SPREAD,2016-08-01,2.150730,Calculated from Shiller CAPE and 10Y Treasury
CAPE,2016-09-01,26.72787334647854,Robert Shiller/Yale monthly data
CAPE_YIELD_SPREAD,2016-09-01,2.111413,Calculated from Shiller CAPE and 10Y Treasury
CAPE,2016-10-01,26.5251430850706,Robert Shiller/Yale monthly data
CAPE_YIELD_SPREAD,2016-10-01,2.010008,Calculated from Shiller CAPE and 10Y Treasury
CAPE,2016-11-01,26.850953531056263,Robert Shiller/Yale monthly data
CAPE_YIELD_SPREAD,2016-11-01,1.584263,Calculated from Shiller CAPE and 10Y Treasury
CAPE,2016-12-01,27.865098223923532,Robert Shiller/Yale monthly data
CAPE_YIELD_SPREAD,2016-12-01,1.098719,Calculated from Shiller CAPE and 10Y Treasury
CAPE,2017-01-01,28.063573742124465,Robert Shiller/Yale monthly data
CAPE_YIELD_SPREAD,2017-01-01,1.133338,Calculated from Shiller CAPE and 10Y Treasury
CAPE,2017-02-01,28.65510652518413,Robert Shiller/Yale monthly data
CAPE_YIELD_SPREAD,2017-02-01,1.069779,Calculated from Shiller CAPE and 10Y Treasury
CAPE,2017-03-01,29.086921742464646,Robert Shiller/Yale monthly data
CAPE_YIELD_SPREAD,2017-03-01,0.957971,Calculated from Shiller CAPE and 10Y Treasury
CAPE,2017-04-01,28.90424595627515,Robert Shiller/Yale monthly data
CAPE_YIELD_SPREAD,2017-04-01,1.159699,Calculated from Shiller CAPE and 10Y Treasury
CAPE,2017-05-01,29.31334498027143,Robert Shiller/Yale monthly data
CAPE_YIELD_SPREAD,2017-05-01,1.111416,Calculated from Shiller CAPE and 10Y Treasury
CAPE,2017-06-01,29.74850324063275,Robert Shiller/Yale monthly data
CAPE_YIELD_SPREAD,2017-06-01,1.171514,Calculated from Shiller CAPE and 10Y Treasury
CAPE,2017-07-01,30.00222074401856,Robert Shiller/Yale monthly data
CAPE_YIELD_SPREAD,2017-07-01,1.013087,Calculated from Shiller CAPE and 10Y Treasury
CAPE,2017-08-01,29.91495939749749,Robert Shiller/Yale monthly data
CAPE_YIELD_SPREAD,2017-08-01,1.132809,Calculated from Shiller CAPE and 10Y Treasury
CAPE,2017-09-01,30.16811441067891,Robert Shiller/Yale monthly data
CAPE_YIELD_SPREAD,2017-09-01,1.114758,Calculated from Shiller CAPE and 10Y Treasury
CAPE,2017-10-01,30.92039329033385,Robert Shiller/Yale monthly data
CAPE_YIELD_SPREAD,2017-10-01,0.874112,Calculated from Shiller CAPE and 10Y Treasury
CAPE,2017-11-01,31.29891333388028,Robert Shiller/Yale monthly data
CAPE_YIELD_SPREAD,2017-11-01,0.844999,Calculated from Shiller CAPE and 10Y Treasury
CAPE,2017-12-01,32.08613200770601,Robert Shiller/Yale monthly data
CAPE_YIELD_SPREAD,2017-12-01,0.716611,Calculated from Shiller CAPE and 10Y Treasury
CAPE,2018-01-01,33.307343828030675,Robert Shiller/Yale monthly data
CAPE_YIELD_SPREAD,2018-01-01,0.422341,Calculated from Shiller CAPE and 10Y Treasury
CAPE,2018-02-01,32.035382339250305,Robert Shiller/Yale monthly data
CAPE_YIELD_SPREAD,2018-02-01,0.261549,Calculated from Shiller CAPE and 10Y Treasury
CAPE,2018-03-01,31.80840905764313,Robert Shiller/Yale monthly data
CAPE_YIELD_SPREAD,2018-03-01,0.303823,Calculated from Shiller CAPE and 10Y Treasury
CAPE,2018-04-01,30.97017929332524,Robert Shiller/Yale monthly data
CAPE_YIELD_SPREAD,2018-04-01,0.358913,Calculated from Shiller CAPE and 10Y Treasury
CAPE,2018-05-01,31.243615074864618,Robert Shiller/Yale monthly data
CAPE_YIELD_SPREAD,2018-05-01,0.224654,Calculated from Shiller CAPE and 10Y Treasury
CAPE,2018-06-01,31.63055649645462,Robert Shiller/Yale monthly data
CAPE_YIELD_SPREAD,2018-06-01,0.251500,Calculated from Shiller CAPE and 10Y Treasury
CAPE,2018-07-01,31.886366962159006,Robert Shiller/Yale monthly data
CAPE_YIELD_SPREAD,2018-07-01,0.246137,Calculated from Shiller CAPE and 10Y Treasury
CAPE,2018-08-01,32.39027688030114,Robert Shiller/Yale monthly data
CAPE_YIELD_SPREAD,2018-08-01,0.197346,Calculated from Shiller CAPE and 10Y Treasury
CAPE,2018-09-01,32.62289112050021,Robert Shiller/Yale monthly data
CAPE_YIELD_SPREAD,2018-09-01,0.065332,Calculated from Shiller CAPE and 10Y Treasury
CAPE,2018-10-01,31.03796107800653,Robert Shiller/Yale monthly data
CAPE_YIELD_SPREAD,2018-10-01,0.071861,Calculated from Shiller CAPE and 10Y Treasury
CAPE,2018-11-01,30.19558340670526,Robert Shiller/Yale monthly data
CAPE_YIELD_SPREAD,2018-11-01,0.191743,Calculated from Shiller CAPE and 10Y Treasury
CAPE,2018-12-01,28.291857012072892,Robert Shiller/Yale monthly data
CAPE_YIELD_SPREAD,2018-12-01,0.704586,Calculated from Shiller CAPE and 10Y Treasury
CAPE,2019-01-01,28.3801644635476,Robert Shiller/Yale monthly data
CAPE_YIELD_SPREAD,2019-01-01,0.813588,Calculated from Shiller CAPE and 10Y Treasury
CAPE,2019-02-01,29.541548965131234,Robert Shiller/Yale monthly data
CAPE_YIELD_SPREAD,2019-02-01,0.705063,Calculated from Shiller CAPE and 10Y Treasury
CAPE,2019-03-01,29.576196014784845,Robert Shiller/Yale monthly data
CAPE_YIELD_SPREAD,2019-03-01,0.811097,Calculated from Shiller CAPE and 10Y Treasury
CAPE,2019-04-01,30.133517171387542,Robert Shiller/Yale monthly data
CAPE_YIELD_SPREAD,2019-04-01,0.788564,Calculated from Shiller CAPE and 10Y Treasury
CAPE,2019-05-01,29.242030936939866,Robert Shiller/Yale monthly data
CAPE_YIELD_SPREAD,2019-05-01,1.019735,Calculated from Shiller CAPE and 10Y Treasury
CAPE,2019-06-01,29.28379627530628,Robert Shiller/Yale monthly data
CAPE_YIELD_SPREAD,2019-06-01,1.354858,Calculated from Shiller CAPE and 10Y Treasury
CAPE,2019-07-01,29.986685335042544,Robert Shiller/Yale monthly data
CAPE_YIELD_SPREAD,2019-07-01,1.704813,Calculated from Shiller CAPE and 10Y Treasury
CAPE,2019-08-01,28.705397371833097,Robert Shiller/Yale monthly data
CAPE_YIELD_SPREAD,2019-08-01,1.853665,Calculated from Shiller CAPE and 10Y Treasury
CAPE,2019-09-01,29.229520233035295,Robert Shiller/Yale monthly data
CAPE_YIELD_SPREAD,2019-09-01,1.721199,Calculated from Shiller CAPE and 10Y Treasury
CAPE,2019-10-01,28.84112288195343,Robert Shiller/Yale monthly data
CAPE_YIELD_SPREAD,2019-10-01,1.757271,Calculated from Shiller CAPE and 10Y Treasury
CAPE,2019-11-01,29.836867659083456,Robert Shiller/Yale monthly data
CAPE_YIELD_SPREAD,2019-11-01,1.541558,Calculated from Shiller CAPE and 10Y Treasury
CAPE,2019-12-01,30.331822322243323,Robert Shiller/Yale monthly data
CAPE_YIELD_SPREAD,2019-12-01,1.436868,Calculated from Shiller CAPE and 10Y Treasury
CAPE,2020-01-01,30.98522030023073,Robert Shiller/Yale monthly data
CAPE_YIELD_SPREAD,2020-01-01,1.467345,Calculated from Shiller CAPE and 10Y Treasury
CAPE,2020-02-01,30.729689264735764,Robert Shiller/Yale monthly data
CAPE_YIELD_SPREAD,2020-02-01,1.754182,Calculated from Shiller CAPE and 10Y Treasury
CAPE,2020-03-01,24.81716862909943,Robert Shiller/Yale monthly data
CAPE_YIELD_SPREAD,2020-03-01,3.159469,Calculated from Shiller CAPE and 10Y Treasury
CAPE,2020-04-01,25.927358825280177,Robert Shiller/Yale monthly data
CAPE_YIELD_SPREAD,2020-04-01,3.196930,Calculated from Shiller CAPE and 10Y Treasury
CAPE,2020-05-01,27.32848099769847,Robert Shiller/Yale monthly data
CAPE_YIELD_SPREAD,2020-05-01,2.989186,Calculated from Shiller CAPE and 10Y Treasury
CAPE,2020-06-01,28.838315955122855,Robert Shiller/Yale monthly data
CAPE_YIELD_SPREAD,2020-06-01,2.737609,Calculated from Shiller CAPE and 10Y Treasury
CAPE,2020-07-01,29.599194927667014,Robert Shiller/Yale monthly data
CAPE_YIELD_SPREAD,2020-07-01,2.758470,Calculated from Shiller CAPE and 10Y Treasury
CAPE,2020-08-01,31.15820896535524,Robert Shiller/Yale monthly data
CAPE_YIELD_SPREAD,2020-08-01,2.559427,Calculated from Shiller CAPE and 10Y Treasury
CAPE,2020-09-01,30.83942604381126,Robert Shiller/Yale monthly data
CAPE_YIELD_SPREAD,2020-09-01,2.562603,Calculated from Shiller CAPE and 10Y Treasury
CAPE,2020-10-01,31.283694032592862,Robert Shiller/Yale monthly data
CAPE_YIELD_SPREAD,2020-10-01,2.406553,Calculated from Shiller CAPE and 10Y Treasury
CAPE,2020-11-01,32.473204096612584,Robert Shiller/Yale monthly data
CAPE_YIELD_SPREAD,2020-11-01,2.209462,Calculated from Shiller CAPE and 10Y Treasury
CAPE,2020-12-01,33.76559141811712,Robert Shiller/Yale monthly data
CAPE_YIELD_SPREAD,2020-12-01,2.031595,Calculated from Shiller CAPE and 10Y Treasury
CAPE,2021-01-01,34.512432294106915,Robert Shiller/Yale monthly data
CAPE_YIELD_SPREAD,2021-01-01,1.817507,Calculated from Shiller CAPE and 10Y Treasury
CAPE,2021-02-01,35.103907171969844,Robert Shiller/Yale monthly data
CAPE_YIELD_SPREAD,2021-02-01,1.588686,Calculated from Shiller CAPE and 10Y Treasury
CAPE,2021-03-01,35.0425451121921,Robert Shiller/Yale monthly data
CAPE_YIELD_SPREAD,2021-03-01,1.243674,Calculated from Shiller CAPE and 10Y Treasury
CAPE,2021-04-01,36.71981410913302,Robert Shiller/Yale monthly data
CAPE_YIELD_SPREAD,2021-04-01,1.083325,Calculated from Shiller CAPE and 10Y Treasury
CAPE,2021-05-01,36.55213398979909,Robert Shiller/Yale monthly data
CAPE_YIELD_SPREAD,2021-05-01,1.115818,Calculated from Shiller CAPE and 10Y Treasury
CAPE,2021-06-01,36.696258013088375,Robert Shiller/Yale monthly data
CAPE_YIELD_SPREAD,2021-06-01,1.205073,Calculated from Shiller CAPE and 10Y Treasury
CAPE,2021-07-01,37.4433831846154,Robert Shiller/Yale monthly data
CAPE_YIELD_SPREAD,2021-07-01,1.350699,Calculated from Shiller CAPE and 10Y Treasury
CAPE,2021-08-01,37.973500614070495,Robert Shiller/Yale monthly data
CAPE_YIELD_SPREAD,2021-08-01,1.353415,Calculated from Shiller CAPE and 10Y Treasury
CAPE,2021-09-01,37.620346686651196,Robert Shiller/Yale monthly data
CAPE_YIELD_SPREAD,2021-09-01,1.288136,Calculated from Shiller CAPE and 10Y Treasury
CAPE,2021-10-01,37.25302500032533,Robert Shiller/Yale monthly data
CAPE_YIELD_SPREAD,2021-10-01,1.104346,Calculated from Shiller CAPE and 10Y Treasury
CAPE,2021-11-01,38.582627497719216,Robert Shiller/Yale monthly data
CAPE_YIELD_SPREAD,2021-11-01,1.031840,Calculated from Shiller CAPE and 10Y Treasury
CAPE,2021-12-01,38.304849873467454,Robert Shiller/Yale monthly data
CAPE_YIELD_SPREAD,2021-12-01,1.140635,Calculated from Shiller CAPE and 10Y Treasury
CAPE,2022-01-01,36.93675807029746,Robert Shiller/Yale monthly data
CAPE_YIELD_SPREAD,2022-01-01,0.947330,Calculated from Shiller CAPE and 10Y Treasury
CAPE,2022-02-01,35.287149225694876,Robert Shiller/Yale monthly data
CAPE_YIELD_SPREAD,2022-02-01,0.903893,Calculated from Shiller CAPE and 10Y Treasury
CAPE,2022-03-01,34.27079869329174,Robert Shiller/Yale monthly data
CAPE_YIELD_SPREAD,2022-03-01,0.787936,Calculated from Shiller CAPE and 10Y Treasury
CAPE,2022-04-01,33.88916475591385,Robert Shiller/Yale monthly data
CAPE_YIELD_SPREAD,2022-04-01,0.200796,Calculated from Shiller CAPE and 10Y Treasury
CAPE,2022-05-01,30.673155079545143,Robert Shiller/Yale monthly data
CAPE_YIELD_SPREAD,2022-05-01,0.360180,Calculated from Shiller CAPE and 10Y Treasury
CAPE,2022-06-01,29.047721395103842,Robert Shiller/Yale monthly data
CAPE_YIELD_SPREAD,2022-06-01,0.302611,Calculated from Shiller CAPE and 10Y Treasury
CAPE,2022-07-01,29.004618317208944,Robert Shiller/Yale monthly data
CAPE_YIELD_SPREAD,2022-07-01,0.547727,Calculated from Shiller CAPE and 10Y Treasury
CAPE,2022-08-01,30.698763365175296,Robert Shiller/Yale monthly data
CAPE_YIELD_SPREAD,2022-08-01,0.357460,Calculated from Shiller CAPE and 10Y Treasury
CAPE,2022-09-01,28.22988465582197,Robert Shiller/Yale monthly data
CAPE_YIELD_SPREAD,2022-09-01,0.022345,Calculated from Shiller CAPE and 10Y Treasury
CAPE,2022-10-01,27.0807669254007,Robert Shiller/Yale monthly data
CAPE_YIELD_SPREAD,2022-10-01,-0.287342,Calculated from Shiller CAPE and 10Y Treasury
CAPE,2022-11-01,28.378949016273324,Robert Shiller/Yale monthly data
CAPE_YIELD_SPREAD,2022-11-01,-0.366261,Calculated from Shiller CAPE and 10Y Treasury
CAPE,2022-12-01,28.31690128452729,Robert Shiller/Yale monthly data
CAPE_YIELD_SPREAD,2022-12-01,-0.088540,Calculated from Shiller CAPE and 10Y Treasury
CAPE,2023-01-01,28.33481342375569,Robert Shiller/Yale monthly data
CAPE_YIELD_SPREAD,2023-01-01,-0.000773,Calculated from Shiller CAPE and 10Y Treasury
CAPE,2023-02-01,28.919762943866637,Robert Shiller/Yale monthly data
CAPE_YIELD_SPREAD,2023-02-01,-0.292157,Calculated from Shiller CAPE and 10Y Treasury
CAPE,2023-03-01,27.9381312539979,Robert Shiller/Yale monthly data
CAPE_YIELD_SPREAD,2023-03-01,-0.080663,Calculated from Shiller CAPE and 10Y Treasury
CAPE,2023-04-01,28.764841267615374,Robert Shiller/Yale monthly data
CAPE_YIELD_SPREAD,2023-04-01,0.016466,Calculated from Shiller CAPE and 10Y Treasury
CAPE,2023-05-01,28.762051343131233,Robert Shiller/Yale monthly data
CAPE_YIELD_SPREAD,2023-05-01,-0.093197,Calculated from Shiller CAPE and 10Y Treasury
CAPE,2023-06-01,29.94003164598749,Robert Shiller/Yale monthly data
CAPE_YIELD_SPREAD,2023-06-01,-0.409990,Calculated from Shiller CAPE and 10Y Treasury
CAPE,2023-07-01,30.891659813659928,Robert Shiller/Yale monthly data
CAPE_YIELD_SPREAD,2023-07-01,-0.662880,Calculated from Shiller CAPE and 10Y Treasury
CAPE,2023-08-01,30.304748245365207,Robert Shiller/Yale monthly data
CAPE_YIELD_SPREAD,2023-08-01,-0.870187,Calculated from Shiller CAPE and 10Y Treasury
CAPE,2023-09-01,29.799681861350244,Robert Shiller/Yale monthly data
CAPE_YIELD_SPREAD,2023-09-01,-1.024259,Calculated from Shiller CAPE and 10Y Treasury
CAPE,2023-10-01,28.769054954983975,Robert Shiller/Yale monthly data
CAPE_YIELD_SPREAD,2023-10-01,-1.324043,Calculated from Shiller CAPE and 10Y Treasury
CAPE,2023-11-01,30.013224817381488,Robert Shiller/Yale monthly data
CAPE_YIELD_SPREAD,2023-11-01,-1.168135,Calculated from Shiller CAPE and 10Y Treasury
CAPE,2023-12-01,31.452310923844575,Robert Shiller/Yale monthly data
CAPE_YIELD_SPREAD,2023-12-01,-0.840583,Calculated from Shiller CAPE and 10Y Treasury
CAPE,2024-01-01,32.04512301259601,Robert Shiller/Yale monthly data
CAPE_YIELD_SPREAD,2024-01-01,-0.939400,Calculated from Shiller CAPE and 10Y Treasury
CAPE,2024-02-01,33.03719268559903,Robert Shiller/Yale monthly data
CAPE_YIELD_SPREAD,2024-02-01,-1.183108,Calculated from Shiller CAPE and 10Y Treasury
CAPE,2024-03-01,33.754920176405996,Robert Shiller/Yale monthly data
CAPE_YIELD_SPREAD,2024-03-01,-1.247469,Calculated from Shiller CAPE and 10Y Treasury
CAPE,2024-04-01,33.14159303076979,Robert Shiller/Yale monthly data
CAPE_YIELD_SPREAD,2024-04-01,-1.522644,Calculated from Shiller CAPE and 10Y Treasury
CAPE,2024-05-01,33.773634540111956,Robert Shiller/Yale monthly data
CAPE_YIELD_SPREAD,2024-05-01,-1.519110,Calculated from Shiller CAPE and 10Y Treasury
CAPE,2024-06-01,34.810548780042964,Robert Shiller/Yale monthly data
CAPE_YIELD_SPREAD,2024-06-01,-1.437308,Calculated from Shiller CAPE and 10Y Treasury
CAPE,2024-07-01,35.44355307890722,Robert Shiller/Yale monthly data
CAPE_YIELD_SPREAD,2024-07-01,-1.428612,Calculated from Shiller CAPE and 10Y Treasury
CAPE,2024-08-01,34.91963134861476,Robert Shiller/Yale monthly data
CAPE_YIELD_SPREAD,2024-08-01,-1.006281,Calculated from Shiller CAPE and 10Y Treasury
CAPE,2024-09-01,35.660183635152116,Robert Shiller/Yale monthly data
CAPE_YIELD_SPREAD,2024-09-01,-0.915752,Calculated from Shiller CAPE and 10Y Treasury
CAPE,2024-10-01,36.58721052793015,Robert Shiller/Yale monthly data
CAPE_YIELD_SPREAD,2024-10-01,-1.366804,Calculated from Shiller CAPE and 10Y Treasury
CAPE,2024-11-01,37.350195655078785,Robert Shiller/Yale monthly data
CAPE_YIELD_SPREAD,2024-11-01,-1.682638,Calculated from Shiller CAPE and 10Y Treasury
CAPE,2024-12-01,37.711191696434625,Robert Shiller/Yale monthly data
CAPE_YIELD_SPREAD,2024-12-01,-1.738267,Calculated from Shiller CAPE and 10Y Treasury
CAPE,2025-01-01,37.12921985219889,Robert Shiller/Yale monthly data
CAPE_YIELD_SPREAD,2025-01-01,-1.936703,Calculated from Shiller CAPE and 10Y Treasury
CAPE,2025-02-01,37.18717559369687,Robert Shiller/Yale monthly data
CAPE_YIELD_SPREAD,2025-02-01,-1.760901,Calculated from Shiller CAPE and 10Y Treasury
CAPE,2025-03-01,34.784750339850724,Robert Shiller/Yale monthly data
CAPE_YIELD_SPREAD,2025-03-01,-1.405177,Calculated from Shiller CAPE and 10Y Treasury
CAPE,2025-04-01,32.62127034111351,Robert Shiller/Yale monthly data
CAPE_YIELD_SPREAD,2025-04-01,-1.214515,Calculated from Shiller CAPE and 10Y Treasury
CAPE,2025-05-01,35.07669704372761,Robert Shiller/Yale monthly data
CAPE_YIELD_SPREAD,2025-05-01,-1.569104,Calculated from Shiller CAPE and 10Y Treasury
CAPE,2025-06-01,36.1110921336969,Robert Shiller/Yale monthly data
CAPE_YIELD_SPREAD,2025-06-01,-1.610768,Calculated from Shiller CAPE and 10Y Treasury
CAPE,2025-07-01,37.47424619164655,Robert Shiller/Yale monthly data
CAPE_YIELD_SPREAD,2025-07-01,-1.721501,Calculated from Shiller CAPE and 10Y Treasury
CAPE,2025-08-01,37.84614504488176,Robert Shiller/Yale monthly data
CAPE_YIELD_SPREAD,2025-08-01,-1.617723,Calculated from Shiller CAPE and 10Y Treasury
CAPE,2025-09-01,38.58038732538843,Robert Shiller/Yale monthly data
CAPE_YIELD_SPREAD,2025-09-01,-1.528009,Calculated from Shiller CAPE and 10Y Treasury
CAPE,2025-10-01,39.205692171126486,Robert Shiller/Yale monthly data
CAPE_YIELD_SPREAD,2025-10-01,-1.509350,Calculated from Shiller CAPE and 10Y Treasury
CAPE,2025-11-01,39.115958246357344,Robert Shiller/Yale monthly data
CAPE_YIELD_SPREAD,2025-11-01,-1.533499,Calculated from Shiller CAPE and 10Y Treasury
CAPE,2025-12-01,39.41935320301406,Robert Shiller/Yale monthly data
CAPE_YIELD_SPREAD,2025-12-01,-1.483175,Calculated from Shiller CAPE and 10Y Treasury
BUFFETT,1975-01-01,41.770926,World Bank annual data
BUFFETT,1976-01-01,47.138590,World Bank annual data
BUFFETT,1977-01-01,40.072417,World Bank annual data
BUFFETT,1978-01-01,36.654251,World Bank annual data
BUFFETT,1979-01-01,37.817471,World Bank annual data
BUFFETT,1980-01-01,47.590189,World Bank annual data
BUFFETT,1981-01-01,39.399580,World Bank annual data
BUFFETT,1982-01-01,43.569292,World Bank annual data
BUFFETT,1983-01-01,49.780283,World Bank annual data
BUFFETT,1984-01-01,39.680863,World Bank annual data
BUFFETT,1985-01-01,53.027634,World Bank annual data
BUFFETT,1986-01-01,55.418050,World Bank annual data
BUFFETT,1987-01-01,52.145326,World Bank annual data
BUFFETT,1988-01-01,53.088391,World Bank annual data
BUFFETT,1989-01-01,59.951886,World Bank annual data
BUFFETT,1990-01-01,51.876133,World Bank annual data
BUFFETT,1991-01-01,67.546412,World Bank annual data
BUFFETT,1992-01-01,69.718037,World Bank annual data
BUFFETT,1993-01-01,76.562433,World Bank annual data
BUFFETT,1994-01-01,70.503273,World Bank annual data
BUFFETT,1995-01-01,90.998094,World Bank annual data
BUFFETT,1996-01-01,105.046065,World Bank annual data
BUFFETT,1997-01-01,125.561931,World Bank annual data
BUFFETT,1998-01-01,142.588980,World Bank annual data
BUFFETT,1999-01-01,153.432870,World Bank annual data
BUFFETT,2000-01-01,147.379062,World Bank annual data
BUFFETT,2001-01-01,132.146653,World Bank annual data
BUFFETT,2002-01-01,101.146635,World Bank annual data
BUFFETT,2003-01-01,124.526145,World Bank annual data
BUFFETT,2004-01-01,133.612738,World Bank annual data
BUFFETT,2005-01-01,130.382735,World Bank annual data
BUFFETT,2006-01-01,141.644163,World Bank annual data
BUFFETT,2007-01-01,137.639682,World Bank annual data
BUFFETT,2008-01-01,78.472507,World Bank annual data
BUFFETT,2009-01-01,104.138818,World Bank annual data
BUFFETT,2010-01-01,114.848113,World Bank annual data
BUFFETT,2011-01-01,100.262690,World Bank annual data
BUFFETT,2012-01-01,114.853975,World Bank annual data
BUFFETT,2013-01-01,142.697744,World Bank annual data
BUFFETT,2014-01-01,150.026033,World Bank annual data
BUFFETT,2015-01-01,137.688185,World Bank annual data
BUFFETT,2016-01-01,146.306705,World Bank annual data
BUFFETT,2017-01-01,164.913219,World Bank annual data
BUFFETT,2018-01-01,148.230790,World Bank annual data
BUFFETT,2019-01-01,159.420820,World Bank annual data
BUFFETT,2020-01-01,197.383319,World Bank annual data
BUFFETT,2021-01-01,208.228052,World Bank annual data
BUFFETT,2022-01-01,157.384175,World Bank annual data
BUFFETT,2023-01-01,179.463180,World Bank annual data
BUFFETT,2024-01-01,216.290843,World Bank annual data
