symbol,name,category,date,adj_close,source
SPY,S&P 500 ETF,Broad market,1995-01-01,27.272024,Yahoo Finance monthly adjusted close
SPY,S&P 500 ETF,Broad market,1995-02-01,28.384981,Yahoo Finance monthly adjusted close
SPY,S&P 500 ETF,Broad market,1995-03-01,29.018360,Yahoo Finance monthly adjusted close
SPY,S&P 500 ETF,Broad market,1995-04-01,30.039703,Yahoo Finance monthly adjusted close
SPY,S&P 500 ETF,Broad market,1995-05-01,31.231453,Yahoo Finance monthly adjusted close
SPY,S&P 500 ETF,Broad market,1995-06-01,31.677233,Yahoo Finance monthly adjusted close
SPY,S&P 500 ETF,Broad market,1995-07-01,32.888165,Yahoo Finance monthly adjusted close
SPY,S&P 500 ETF,Broad market,1995-08-01,33.034550,Yahoo Finance monthly adjusted close
SPY,S&P 500 ETF,Broad market,1995-09-01,34.251621,Yahoo Finance monthly adjusted close
SPY,S&P 500 ETF,Broad market,1995-10-01,34.333241,Yahoo Finance monthly adjusted close
SPY,S&P 500 ETF,Broad market,1995-11-01,35.860382,Yahoo Finance monthly adjusted close
SPY,S&P 500 ETF,Broad market,1995-12-01,36.200787,Yahoo Finance monthly adjusted close
SPY,S&P 500 ETF,Broad market,1996-01-01,37.720516,Yahoo Finance monthly adjusted close
SPY,S&P 500 ETF,Broad market,1996-02-01,37.840832,Yahoo Finance monthly adjusted close
SPY,S&P 500 ETF,Broad market,1996-03-01,38.322189,Yahoo Finance monthly adjusted close
SPY,S&P 500 ETF,Broad market,1996-04-01,38.910793,Yahoo Finance monthly adjusted close
SPY,S&P 500 ETF,Broad market,1996-05-01,39.794079,Yahoo Finance monthly adjusted close
SPY,S&P 500 ETF,Broad market,1996-06-01,39.933514,Yahoo Finance monthly adjusted close
SPY,S&P 500 ETF,Broad market,1996-07-01,38.341171,Yahoo Finance monthly adjusted close
SPY,S&P 500 ETF,Broad market,1996-08-01,39.079582,Yahoo Finance monthly adjusted close
SPY,S&P 500 ETF,Broad market,1996-09-01,41.051788,Yahoo Finance monthly adjusted close
SPY,S&P 500 ETF,Broad market,1996-10-01,42.597137,Yahoo Finance monthly adjusted close
SPY,S&P 500 ETF,Broad market,1996-11-01,45.706917,Yahoo Finance monthly adjusted close
SPY,S&P 500 ETF,Broad market,1996-12-01,44.400993,Yahoo Finance monthly adjusted close
SPY,S&P 500 ETF,Broad market,1997-01-01,47.376060,Yahoo Finance monthly adjusted close
SPY,S&P 500 ETF,Broad market,1997-02-01,47.829212,Yahoo Finance monthly adjusted close
SPY,S&P 500 ETF,Broad market,1997-03-01,45.544449,Yahoo Finance monthly adjusted close
SPY,S&P 500 ETF,Broad market,1997-04-01,48.581001,Yahoo Finance monthly adjusted close
SPY,S&P 500 ETF,Broad market,1997-05-01,51.651676,Yahoo Finance monthly adjusted close
SPY,S&P 500 ETF,Broad market,1997-06-01,53.566154,Yahoo Finance monthly adjusted close
SPY,S&P 500 ETF,Broad market,1997-07-01,58.037109,Yahoo Finance monthly adjusted close
SPY,S&P 500 ETF,Broad market,1997-08-01,55.030575,Yahoo Finance monthly adjusted close
SPY,S&P 500 ETF,Broad market,1997-09-01,57.466259,Yahoo Finance monthly adjusted close
SPY,S&P 500 ETF,Broad market,1997-10-01,56.263725,Yahoo Finance monthly adjusted close
SPY,S&P 500 ETF,Broad market,1997-11-01,58.440960,Yahoo Finance monthly adjusted close
SPY,S&P 500 ETF,Broad market,1997-12-01,59.319511,Yahoo Finance monthly adjusted close
SPY,S&P 500 ETF,Broad market,1998-01-01,60.322521,Yahoo Finance monthly adjusted close
SPY,S&P 500 ETF,Broad market,1998-02-01,64.502510,Yahoo Finance monthly adjusted close
SPY,S&P 500 ETF,Broad market,1998-03-01,67.455383,Yahoo Finance monthly adjusted close
SPY,S&P 500 ETF,Broad market,1998-04-01,68.514503,Yahoo Finance monthly adjusted close
SPY,S&P 500 ETF,Broad market,1998-05-01,67.091537,Yahoo Finance monthly adjusted close
SPY,S&P 500 ETF,Broad market,1998-06-01,69.725952,Yahoo Finance monthly adjusted close
SPY,S&P 500 ETF,Broad market,1998-07-01,69.002617,Yahoo Finance monthly adjusted close
SPY,S&P 500 ETF,Broad market,1998-08-01,59.260818,Yahoo Finance monthly adjusted close
SPY,S&P 500 ETF,Broad market,1998-09-01,62.810280,Yahoo Finance monthly adjusted close
SPY,S&P 500 ETF,Broad market,1998-10-01,68.142883,Yahoo Finance monthly adjusted close
SPY,S&P 500 ETF,Broad market,1998-11-01,71.937210,Yahoo Finance monthly adjusted close
SPY,S&P 500 ETF,Broad market,1998-12-01,76.389717,Yahoo Finance monthly adjusted close
SPY,S&P 500 ETF,Broad market,1999-01-01,79.343292,Yahoo Finance monthly adjusted close
SPY,S&P 500 ETF,Broad market,1999-02-01,76.798859,Yahoo Finance monthly adjusted close
SPY,S&P 500 ETF,Broad market,1999-03-01,79.790024,Yahoo Finance monthly adjusted close
SPY,S&P 500 ETF,Broad market,1999-04-01,83.020905,Yahoo Finance monthly adjusted close
SPY,S&P 500 ETF,Broad market,1999-05-01,81.122581,Yahoo Finance monthly adjusted close
SPY,S&P 500 ETF,Broad market,1999-06-01,85.357323,Yahoo Finance monthly adjusted close
SPY,S&P 500 ETF,Broad market,1999-07-01,82.959061,Yahoo Finance monthly adjusted close
SPY,S&P 500 ETF,Broad market,1999-08-01,82.529427,Yahoo Finance monthly adjusted close
SPY,S&P 500 ETF,Broad market,1999-09-01,80.459358,Yahoo Finance monthly adjusted close
SPY,S&P 500 ETF,Broad market,1999-10-01,85.856125,Yahoo Finance monthly adjusted close
SPY,S&P 500 ETF,Broad market,1999-11-01,87.285744,Yahoo Finance monthly adjusted close
SPY,S&P 500 ETF,Broad market,1999-12-01,92.044685,Yahoo Finance monthly adjusted close
SPY,S&P 500 ETF,Broad market,2000-01-01,87.676682,Yahoo Finance monthly adjusted close
SPY,S&P 500 ETF,Broad market,2000-02-01,86.341721,Yahoo Finance monthly adjusted close
SPY,S&P 500 ETF,Broad market,2000-03-01,94.469452,Yahoo Finance monthly adjusted close
SPY,S&P 500 ETF,Broad market,2000-04-01,91.383247,Yahoo Finance monthly adjusted close
SPY,S&P 500 ETF,Broad market,2000-05-01,89.946495,Yahoo Finance monthly adjusted close
SPY,S&P 500 ETF,Broad market,2000-06-01,91.501350,Yahoo Finance monthly adjusted close
SPY,S&P 500 ETF,Broad market,2000-07-01,90.276604,Yahoo Finance monthly adjusted close
SPY,S&P 500 ETF,Broad market,2000-08-01,96.175369,Yahoo Finance monthly adjusted close
SPY,S&P 500 ETF,Broad market,2000-09-01,90.671104,Yahoo Finance monthly adjusted close
SPY,S&P 500 ETF,Broad market,2000-10-01,90.473717,Yahoo Finance monthly adjusted close
SPY,S&P 500 ETF,Broad market,2000-11-01,83.719612,Yahoo Finance monthly adjusted close
SPY,S&P 500 ETF,Broad market,2000-12-01,83.027405,Yahoo Finance monthly adjusted close
SPY,S&P 500 ETF,Broad market,2001-01-01,86.984711,Yahoo Finance monthly adjusted close
SPY,S&P 500 ETF,Broad market,2001-02-01,78.687462,Yahoo Finance monthly adjusted close
SPY,S&P 500 ETF,Broad market,2001-03-01,74.078583,Yahoo Finance monthly adjusted close
SPY,S&P 500 ETF,Broad market,2001-04-01,80.624344,Yahoo Finance monthly adjusted close
SPY,S&P 500 ETF,Broad market,2001-05-01,80.172394,Yahoo Finance monthly adjusted close
SPY,S&P 500 ETF,Broad market,2001-06-01,78.040016,Yahoo Finance monthly adjusted close
SPY,S&P 500 ETF,Broad market,2001-07-01,77.463951,Yahoo Finance monthly adjusted close
SPY,S&P 500 ETF,Broad market,2001-08-01,72.867851,Yahoo Finance monthly adjusted close
SPY,S&P 500 ETF,Broad market,2001-09-01,66.669479,Yahoo Finance monthly adjusted close
SPY,S&P 500 ETF,Broad market,2001-10-01,67.791077,Yahoo Finance monthly adjusted close
SPY,S&P 500 ETF,Broad market,2001-11-01,73.077209,Yahoo Finance monthly adjusted close
SPY,S&P 500 ETF,Broad market,2001-12-01,73.237396,Yahoo Finance monthly adjusted close
SPY,S&P 500 ETF,Broad market,2002-01-01,72.769180,Yahoo Finance monthly adjusted close
SPY,S&P 500 ETF,Broad market,2002-02-01,71.464005,Yahoo Finance monthly adjusted close
SPY,S&P 500 ETF,Broad market,2002-03-01,73.630745,Yahoo Finance monthly adjusted close
SPY,S&P 500 ETF,Broad market,2002-04-01,69.547340,Yahoo Finance monthly adjusted close
SPY,S&P 500 ETF,Broad market,2002-05-01,69.134674,Yahoo Finance monthly adjusted close
SPY,S&P 500 ETF,Broad market,2002-06-01,63.808701,Yahoo Finance monthly adjusted close
SPY,S&P 500 ETF,Broad market,2002-07-01,58.985050,Yahoo Finance monthly adjusted close
SPY,S&P 500 ETF,Broad market,2002-08-01,59.386204,Yahoo Finance monthly adjusted close
SPY,S&P 500 ETF,Broad market,2002-09-01,52.922188,Yahoo Finance monthly adjusted close
SPY,S&P 500 ETF,Broad market,2002-10-01,57.533592,Yahoo Finance monthly adjusted close
SPY,S&P 500 ETF,Broad market,2002-11-01,61.082302,Yahoo Finance monthly adjusted close
SPY,S&P 500 ETF,Broad market,2002-12-01,57.345135,Yahoo Finance monthly adjusted close
SPY,S&P 500 ETF,Broad market,2003-01-01,56.209576,Yahoo Finance monthly adjusted close
SPY,S&P 500 ETF,Broad market,2003-02-01,55.451946,Yahoo Finance monthly adjusted close
SPY,S&P 500 ETF,Broad market,2003-03-01,55.347431,Yahoo Finance monthly adjusted close
SPY,S&P 500 ETF,Broad market,2003-04-01,60.272537,Yahoo Finance monthly adjusted close
SPY,S&P 500 ETF,Broad market,2003-05-01,63.577641,Yahoo Finance monthly adjusted close
SPY,S&P 500 ETF,Broad market,2003-06-01,64.023560,Yahoo Finance monthly adjusted close
SPY,S&P 500 ETF,Broad market,2003-07-01,65.413200,Yahoo Finance monthly adjusted close
SPY,S&P 500 ETF,Broad market,2003-08-01,66.762352,Yahoo Finance monthly adjusted close
SPY,S&P 500 ETF,Broad market,2003-09-01,65.781731,Yahoo Finance monthly adjusted close
SPY,S&P 500 ETF,Broad market,2003-10-01,69.568871,Yahoo Finance monthly adjusted close
SPY,S&P 500 ETF,Broad market,2003-11-01,70.328651,Yahoo Finance monthly adjusted close
SPY,S&P 500 ETF,Broad market,2003-12-01,73.519707,Yahoo Finance monthly adjusted close
SPY,S&P 500 ETF,Broad market,2004-01-01,75.327454,Yahoo Finance monthly adjusted close
SPY,S&P 500 ETF,Broad market,2004-02-01,76.349678,Yahoo Finance monthly adjusted close
SPY,S&P 500 ETF,Broad market,2004-03-01,75.075188,Yahoo Finance monthly adjusted close
SPY,S&P 500 ETF,Broad market,2004-04-01,73.912865,Yahoo Finance monthly adjusted close
SPY,S&P 500 ETF,Broad market,2004-05-01,75.178520,Yahoo Finance monthly adjusted close
SPY,S&P 500 ETF,Broad market,2004-06-01,76.290932,Yahoo Finance monthly adjusted close
SPY,S&P 500 ETF,Broad market,2004-07-01,74.102448,Yahoo Finance monthly adjusted close
SPY,S&P 500 ETF,Broad market,2004-08-01,74.282936,Yahoo Finance monthly adjusted close
SPY,S&P 500 ETF,Broad market,2004-09-01,74.717506,Yahoo Finance monthly adjusted close
SPY,S&P 500 ETF,Broad market,2004-10-01,75.995277,Yahoo Finance monthly adjusted close
SPY,S&P 500 ETF,Broad market,2004-11-01,79.143822,Yahoo Finance monthly adjusted close
SPY,S&P 500 ETF,Broad market,2004-12-01,81.384865,Yahoo Finance monthly adjusted close
SPY,S&P 500 ETF,Broad market,2005-01-01,79.936005,Yahoo Finance monthly adjusted close
SPY,S&P 500 ETF,Broad market,2005-02-01,81.606972,Yahoo Finance monthly adjusted close
SPY,S&P 500 ETF,Broad market,2005-03-01,79.800705,Yahoo Finance monthly adjusted close
SPY,S&P 500 ETF,Broad market,2005-04-01,78.613220,Yahoo Finance monthly adjusted close
SPY,S&P 500 ETF,Broad market,2005-05-01,81.146469,Yahoo Finance monthly adjusted close
SPY,S&P 500 ETF,Broad market,2005-06-01,80.942688,Yahoo Finance monthly adjusted close
SPY,S&P 500 ETF,Broad market,2005-07-01,84.378922,Yahoo Finance monthly adjusted close
SPY,S&P 500 ETF,Broad market,2005-08-01,83.587868,Yahoo Finance monthly adjusted close
SPY,S&P 500 ETF,Broad market,2005-09-01,83.901566,Yahoo Finance monthly adjusted close
SPY,S&P 500 ETF,Broad market,2005-10-01,82.265938,Yahoo Finance monthly adjusted close
SPY,S&P 500 ETF,Broad market,2005-11-01,85.881737,Yahoo Finance monthly adjusted close
SPY,S&P 500 ETF,Broad market,2005-12-01,85.265388,Yahoo Finance monthly adjusted close
SPY,S&P 500 ETF,Broad market,2006-01-01,87.775795,Yahoo Finance monthly adjusted close
SPY,S&P 500 ETF,Broad market,2006-02-01,88.278358,Yahoo Finance monthly adjusted close
SPY,S&P 500 ETF,Broad market,2006-03-01,89.379898,Yahoo Finance monthly adjusted close
SPY,S&P 500 ETF,Broad market,2006-04-01,90.868813,Yahoo Finance monthly adjusted close
SPY,S&P 500 ETF,Broad market,2006-05-01,88.131775,Yahoo Finance monthly adjusted close
SPY,S&P 500 ETF,Broad market,2006-06-01,87.972809,Yahoo Finance monthly adjusted close
SPY,S&P 500 ETF,Broad market,2006-07-01,88.757370,Yahoo Finance monthly adjusted close
SPY,S&P 500 ETF,Broad market,2006-08-01,90.694221,Yahoo Finance monthly adjusted close
SPY,S&P 500 ETF,Broad market,2006-09-01,92.735291,Yahoo Finance monthly adjusted close
SPY,S&P 500 ETF,Broad market,2006-10-01,96.078690,Yahoo Finance monthly adjusted close
SPY,S&P 500 ETF,Broad market,2006-11-01,97.989281,Yahoo Finance monthly adjusted close
SPY,S&P 500 ETF,Broad market,2006-12-01,98.749260,Yahoo Finance monthly adjusted close
SPY,S&P 500 ETF,Broad market,2007-01-01,100.793015,Yahoo Finance monthly adjusted close
SPY,S&P 500 ETF,Broad market,2007-02-01,98.815681,Yahoo Finance monthly adjusted close
SPY,S&P 500 ETF,Broad market,2007-03-01,99.565910,Yahoo Finance monthly adjusted close
SPY,S&P 500 ETF,Broad market,2007-04-01,104.388687,Yahoo Finance monthly adjusted close
SPY,S&P 500 ETF,Broad market,2007-05-01,107.929596,Yahoo Finance monthly adjusted close
SPY,S&P 500 ETF,Broad market,2007-06-01,105.895164,Yahoo Finance monthly adjusted close
SPY,S&P 500 ETF,Broad market,2007-07-01,103.021690,Yahoo Finance monthly adjusted close
SPY,S&P 500 ETF,Broad market,2007-08-01,104.343735,Yahoo Finance monthly adjusted close
SPY,S&P 500 ETF,Broad market,2007-09-01,107.871544,Yahoo Finance monthly adjusted close
SPY,S&P 500 ETF,Broad market,2007-10-01,109.853729,Yahoo Finance monthly adjusted close
SPY,S&P 500 ETF,Broad market,2007-11-01,105.598755,Yahoo Finance monthly adjusted close
SPY,S&P 500 ETF,Broad market,2007-12-01,103.858459,Yahoo Finance monthly adjusted close
SPY,S&P 500 ETF,Broad market,2008-01-01,98.096947,Yahoo Finance monthly adjusted close
SPY,S&P 500 ETF,Broad market,2008-02-01,95.561882,Yahoo Finance monthly adjusted close
SPY,S&P 500 ETF,Broad market,2008-03-01,94.240761,Yahoo Finance monthly adjusted close
SPY,S&P 500 ETF,Broad market,2008-04-01,99.221329,Yahoo Finance monthly adjusted close
SPY,S&P 500 ETF,Broad market,2008-05-01,100.721207,Yahoo Finance monthly adjusted close
SPY,S&P 500 ETF,Broad market,2008-06-01,91.843948,Yahoo Finance monthly adjusted close
SPY,S&P 500 ETF,Broad market,2008-07-01,91.473907,Yahoo Finance monthly adjusted close
SPY,S&P 500 ETF,Broad market,2008-08-01,92.887550,Yahoo Finance monthly adjusted close
SPY,S&P 500 ETF,Broad market,2008-09-01,83.655754,Yahoo Finance monthly adjusted close
SPY,S&P 500 ETF,Broad market,2008-10-01,70.241188,Yahoo Finance monthly adjusted close
SPY,S&P 500 ETF,Broad market,2008-11-01,65.351959,Yahoo Finance monthly adjusted close
SPY,S&P 500 ETF,Broad market,2008-12-01,65.460754,Yahoo Finance monthly adjusted close
SPY,S&P 500 ETF,Broad market,2009-01-01,60.573235,Yahoo Finance monthly adjusted close
SPY,S&P 500 ETF,Broad market,2009-02-01,54.064709,Yahoo Finance monthly adjusted close
SPY,S&P 500 ETF,Broad market,2009-03-01,58.152637,Yahoo Finance monthly adjusted close
SPY,S&P 500 ETF,Broad market,2009-04-01,64.387436,Yahoo Finance monthly adjusted close
SPY,S&P 500 ETF,Broad market,2009-05-01,68.151146,Yahoo Finance monthly adjusted close
SPY,S&P 500 ETF,Broad market,2009-06-01,67.723953,Yahoo Finance monthly adjusted close
SPY,S&P 500 ETF,Broad market,2009-07-01,73.187645,Yahoo Finance monthly adjusted close
SPY,S&P 500 ETF,Broad market,2009-08-01,75.891151,Yahoo Finance monthly adjusted close
SPY,S&P 500 ETF,Broad market,2009-09-01,78.209496,Yahoo Finance monthly adjusted close
SPY,S&P 500 ETF,Broad market,2009-10-01,77.071259,Yahoo Finance monthly adjusted close
SPY,S&P 500 ETF,Broad market,2009-11-01,81.819389,Yahoo Finance monthly adjusted close
SPY,S&P 500 ETF,Broad market,2009-12-01,82.935745,Yahoo Finance monthly adjusted close
SPY,S&P 500 ETF,Broad market,2010-01-01,80.351929,Yahoo Finance monthly adjusted close
SPY,S&P 500 ETF,Broad market,2010-02-01,82.858482,Yahoo Finance monthly adjusted close
SPY,S&P 500 ETF,Broad market,2010-03-01,87.542351,Yahoo Finance monthly adjusted close
SPY,S&P 500 ETF,Broad market,2010-04-01,89.262756,Yahoo Finance monthly adjusted close
SPY,S&P 500 ETF,Broad market,2010-05-01,82.170410,Yahoo Finance monthly adjusted close
SPY,S&P 500 ETF,Broad market,2010-06-01,77.549866,Yahoo Finance monthly adjusted close
SPY,S&P 500 ETF,Broad market,2010-07-01,83.240730,Yahoo Finance monthly adjusted close
SPY,S&P 500 ETF,Broad market,2010-08-01,79.496544,Yahoo Finance monthly adjusted close
SPY,S&P 500 ETF,Broad market,2010-09-01,86.154564,Yahoo Finance monthly adjusted close
SPY,S&P 500 ETF,Broad market,2010-10-01,89.924690,Yahoo Finance monthly adjusted close
SPY,S&P 500 ETF,Broad market,2010-11-01,89.924690,Yahoo Finance monthly adjusted close
SPY,S&P 500 ETF,Broad market,2010-12-01,95.434494,Yahoo Finance monthly adjusted close
SPY,S&P 500 ETF,Broad market,2011-01-01,98.171730,Yahoo Finance monthly adjusted close
SPY,S&P 500 ETF,Broad market,2011-02-01,101.581932,Yahoo Finance monthly adjusted close
SPY,S&P 500 ETF,Broad market,2011-03-01,101.154701,Yahoo Finance monthly adjusted close
SPY,S&P 500 ETF,Broad market,2011-04-01,104.536446,Yahoo Finance monthly adjusted close
SPY,S&P 500 ETF,Broad market,2011-05-01,103.364143,Yahoo Finance monthly adjusted close
SPY,S&P 500 ETF,Broad market,2011-06-01,101.119080,Yahoo Finance monthly adjusted close
SPY,S&P 500 ETF,Broad market,2011-07-01,99.587540,Yahoo Finance monthly adjusted close
SPY,S&P 500 ETF,Broad market,2011-08-01,94.112663,Yahoo Finance monthly adjusted close
SPY,S&P 500 ETF,Broad market,2011-09-01,87.128494,Yahoo Finance monthly adjusted close
SPY,S&P 500 ETF,Broad market,2011-10-01,97.138290,Yahoo Finance monthly adjusted close
SPY,S&P 500 ETF,Broad market,2011-11-01,96.743561,Yahoo Finance monthly adjusted close
SPY,S&P 500 ETF,Broad market,2011-12-01,97.138290,Yahoo Finance monthly adjusted close
SPY,S&P 500 ETF,Broad market,2012-01-01,102.287712,Yahoo Finance monthly adjusted close
SPY,S&P 500 ETF,Broad market,2012-02-01,106.727516,Yahoo Finance monthly adjusted close
SPY,S&P 500 ETF,Broad market,2012-03-01,109.679611,Yahoo Finance monthly adjusted close
SPY,S&P 500 ETF,Broad market,2012-04-01,109.424904,Yahoo Finance monthly adjusted close
SPY,S&P 500 ETF,Broad market,2012-05-01,102.853271,Yahoo Finance monthly adjusted close
SPY,S&P 500 ETF,Broad market,2012-06-01,106.475487,Yahoo Finance monthly adjusted close
SPY,S&P 500 ETF,Broad market,2012-07-01,108.293274,Yahoo Finance monthly adjusted close
SPY,S&P 500 ETF,Broad market,2012-08-01,111.006332,Yahoo Finance monthly adjusted close
SPY,S&P 500 ETF,Broad market,2012-09-01,113.216019,Yahoo Finance monthly adjusted close
SPY,S&P 500 ETF,Broad market,2012-10-01,111.749069,Yahoo Finance monthly adjusted close
SPY,S&P 500 ETF,Broad market,2012-11-01,112.381546,Yahoo Finance monthly adjusted close
SPY,S&P 500 ETF,Broad market,2012-12-01,112.587120,Yahoo Finance monthly adjusted close
SPY,S&P 500 ETF,Broad market,2013-01-01,119.189827,Yahoo Finance monthly adjusted close
SPY,S&P 500 ETF,Broad market,2013-02-01,120.710556,Yahoo Finance monthly adjusted close
SPY,S&P 500 ETF,Broad market,2013-03-01,124.739334,Yahoo Finance monthly adjusted close
SPY,S&P 500 ETF,Broad market,2013-04-01,127.701309,Yahoo Finance monthly adjusted close
SPY,S&P 500 ETF,Broad market,2013-05-01,130.716293,Yahoo Finance monthly adjusted close
SPY,S&P 500 ETF,Broad market,2013-06-01,128.293091,Yahoo Finance monthly adjusted close
SPY,S&P 500 ETF,Broad market,2013-07-01,135.636856,Yahoo Finance monthly adjusted close
SPY,S&P 500 ETF,Broad market,2013-08-01,131.568741,Yahoo Finance monthly adjusted close
SPY,S&P 500 ETF,Broad market,2013-09-01,135.074020,Yahoo Finance monthly adjusted close
SPY,S&P 500 ETF,Broad market,2013-10-01,142.017746,Yahoo Finance monthly adjusted close
SPY,S&P 500 ETF,Broad market,2013-11-01,146.226822,Yahoo Finance monthly adjusted close
SPY,S&P 500 ETF,Broad market,2013-12-01,149.207916,Yahoo Finance monthly adjusted close
SPY,S&P 500 ETF,Broad market,2014-01-01,144.730133,Yahoo Finance monthly adjusted close
SPY,S&P 500 ETF,Broad market,2014-02-01,151.317612,Yahoo Finance monthly adjusted close
SPY,S&P 500 ETF,Broad market,2014-03-01,151.902451,Yahoo Finance monthly adjusted close
SPY,S&P 500 ETF,Broad market,2014-04-01,153.633438,Yahoo Finance monthly adjusted close
SPY,S&P 500 ETF,Broad market,2014-05-01,157.198761,Yahoo Finance monthly adjusted close
SPY,S&P 500 ETF,Broad market,2014-06-01,159.678955,Yahoo Finance monthly adjusted close
SPY,S&P 500 ETF,Broad market,2014-07-01,158.288116,Yahoo Finance monthly adjusted close
SPY,S&P 500 ETF,Broad market,2014-08-01,164.534760,Yahoo Finance monthly adjusted close
SPY,S&P 500 ETF,Broad market,2014-09-01,161.509811,Yahoo Finance monthly adjusted close
SPY,S&P 500 ETF,Broad market,2014-10-01,166.086258,Yahoo Finance monthly adjusted close
SPY,S&P 500 ETF,Broad market,2014-11-01,170.648956,Yahoo Finance monthly adjusted close
SPY,S&P 500 ETF,Broad market,2014-12-01,169.281799,Yahoo Finance monthly adjusted close
SPY,S&P 500 ETF,Broad market,2015-01-01,165.172745,Yahoo Finance monthly adjusted close
SPY,S&P 500 ETF,Broad market,2015-02-01,174.456253,Yahoo Finance monthly adjusted close
SPY,S&P 500 ETF,Broad market,2015-03-01,170.953171,Yahoo Finance monthly adjusted close
SPY,S&P 500 ETF,Broad market,2015-04-01,173.404877,Yahoo Finance monthly adjusted close
SPY,S&P 500 ETF,Broad market,2015-05-01,175.634186,Yahoo Finance monthly adjusted close
SPY,S&P 500 ETF,Broad market,2015-06-01,171.233810,Yahoo Finance monthly adjusted close
SPY,S&P 500 ETF,Broad market,2015-07-01,175.953552,Yahoo Finance monthly adjusted close
SPY,S&P 500 ETF,Broad market,2015-08-01,165.229218,Yahoo Finance monthly adjusted close
SPY,S&P 500 ETF,Broad market,2015-09-01,160.180450,Yahoo Finance monthly adjusted close
SPY,S&P 500 ETF,Broad market,2015-10-01,174.708939,Yahoo Finance monthly adjusted close
SPY,S&P 500 ETF,Broad market,2015-11-01,175.347565,Yahoo Finance monthly adjusted close
SPY,S&P 500 ETF,Broad market,2015-12-01,171.297577,Yahoo Finance monthly adjusted close
SPY,S&P 500 ETF,Broad market,2016-01-01,163.737946,Yahoo Finance monthly adjusted close
SPY,S&P 500 ETF,Broad market,2016-02-01,163.602737,Yahoo Finance monthly adjusted close
SPY,S&P 500 ETF,Broad market,2016-03-01,173.711716,Yahoo Finance monthly adjusted close
SPY,S&P 500 ETF,Broad market,2016-04-01,175.295822,Yahoo Finance monthly adjusted close
SPY,S&P 500 ETF,Broad market,2016-05-01,178.277878,Yahoo Finance monthly adjusted close
SPY,S&P 500 ETF,Broad market,2016-06-01,177.972000,Yahoo Finance monthly adjusted close
SPY,S&P 500 ETF,Broad market,2016-07-01,185.422150,Yahoo Finance monthly adjusted close
SPY,S&P 500 ETF,Broad market,2016-08-01,185.644226,Yahoo Finance monthly adjusted close
SPY,S&P 500 ETF,Broad market,2016-09-01,184.721878,Yahoo Finance monthly adjusted close
SPY,S&P 500 ETF,Broad market,2016-10-01,182.436234,Yahoo Finance monthly adjusted close
SPY,S&P 500 ETF,Broad market,2016-11-01,189.156906,Yahoo Finance monthly adjusted close
SPY,S&P 500 ETF,Broad market,2016-12-01,191.860626,Yahoo Finance monthly adjusted close
SPY,S&P 500 ETF,Broad market,2017-01-01,196.444992,Yahoo Finance monthly adjusted close
SPY,S&P 500 ETF,Broad market,2017-02-01,204.163605,Yahoo Finance monthly adjusted close
SPY,S&P 500 ETF,Broad market,2017-03-01,203.533325,Yahoo Finance monthly adjusted close
SPY,S&P 500 ETF,Broad market,2017-04-01,206.447937,Yahoo Finance monthly adjusted close
SPY,S&P 500 ETF,Broad market,2017-05-01,209.361496,Yahoo Finance monthly adjusted close
SPY,S&P 500 ETF,Broad market,2017-06-01,209.673660,Yahoo Finance monthly adjusted close
SPY,S&P 500 ETF,Broad market,2017-07-01,215.026855,Yahoo Finance monthly adjusted close
SPY,S&P 500 ETF,Broad market,2017-08-01,215.654236,Yahoo Finance monthly adjusted close
SPY,S&P 500 ETF,Broad market,2017-09-01,218.913116,Yahoo Finance monthly adjusted close
SPY,S&P 500 ETF,Broad market,2017-10-01,225.183594,Yahoo Finance monthly adjusted close
SPY,S&P 500 ETF,Broad market,2017-11-01,232.066544,Yahoo Finance monthly adjusted close
SPY,S&P 500 ETF,Broad market,2017-12-01,233.686554,Yahoo Finance monthly adjusted close
SPY,S&P 500 ETF,Broad market,2018-01-01,248.118774,Yahoo Finance monthly adjusted close
SPY,S&P 500 ETF,Broad market,2018-02-01,239.097031,Yahoo Finance monthly adjusted close
SPY,S&P 500 ETF,Broad market,2018-03-01,231.615646,Yahoo Finance monthly adjusted close
SPY,S&P 500 ETF,Broad market,2018-04-01,233.745056,Yahoo Finance monthly adjusted close
SPY,S&P 500 ETF,Broad market,2018-05-01,239.427216,Yahoo Finance monthly adjusted close
SPY,S&P 500 ETF,Broad market,2018-06-01,239.727692,Yahoo Finance monthly adjusted close
SPY,S&P 500 ETF,Broad market,2018-07-01,249.725082,Yahoo Finance monthly adjusted close
SPY,S&P 500 ETF,Broad market,2018-08-01,257.696259,Yahoo Finance monthly adjusted close
SPY,S&P 500 ETF,Broad market,2018-09-01,258.060242,Yahoo Finance monthly adjusted close
SPY,S&P 500 ETF,Broad market,2018-10-01,241.314682,Yahoo Finance monthly adjusted close
SPY,S&P 500 ETF,Broad market,2018-11-01,245.790817,Yahoo Finance monthly adjusted close
SPY,S&P 500 ETF,Broad market,2018-12-01,222.847992,Yahoo Finance monthly adjusted close
SPY,S&P 500 ETF,Broad market,2019-01-01,242.096024,Yahoo Finance monthly adjusted close
SPY,S&P 500 ETF,Broad market,2019-02-01,249.943787,Yahoo Finance monthly adjusted close
SPY,S&P 500 ETF,Broad market,2019-03-01,253.351913,Yahoo Finance monthly adjusted close
SPY,S&P 500 ETF,Broad market,2019-04-01,264.863464,Yahoo Finance monthly adjusted close
SPY,S&P 500 ETF,Broad market,2019-05-01,247.972824,Yahoo Finance monthly adjusted close
SPY,S&P 500 ETF,Broad market,2019-06-01,263.944580,Yahoo Finance monthly adjusted close
SPY,S&P 500 ETF,Broad market,2019-07-01,269.238495,Yahoo Finance monthly adjusted close
SPY,S&P 500 ETF,Broad market,2019-08-01,264.730560,Yahoo Finance monthly adjusted close
SPY,S&P 500 ETF,Broad market,2019-09-01,268.641052,Yahoo Finance monthly adjusted close
SPY,S&P 500 ETF,Broad market,2019-10-01,275.847260,Yahoo Finance monthly adjusted close
SPY,S&P 500 ETF,Broad market,2019-11-01,285.832428,Yahoo Finance monthly adjusted close
SPY,S&P 500 ETF,Broad market,2019-12-01,292.698273,Yahoo Finance monthly adjusted close
SPY,S&P 500 ETF,Broad market,2020-01-01,294.018738,Yahoo Finance monthly adjusted close
SPY,S&P 500 ETF,Broad market,2020-02-01,270.742462,Yahoo Finance monthly adjusted close
SPY,S&P 500 ETF,Broad market,2020-03-01,235.549316,Yahoo Finance monthly adjusted close
SPY,S&P 500 ETF,Broad market,2020-04-01,267.021271,Yahoo Finance monthly adjusted close
SPY,S&P 500 ETF,Broad market,2020-05-01,279.743561,Yahoo Finance monthly adjusted close
SPY,S&P 500 ETF,Broad market,2020-06-01,283.457275,Yahoo Finance monthly adjusted close
SPY,S&P 500 ETF,Broad market,2020-07-01,301.471527,Yahoo Finance monthly adjusted close
SPY,S&P 500 ETF,Broad market,2020-08-01,322.513214,Yahoo Finance monthly adjusted close
SPY,S&P 500 ETF,Broad market,2020-09-01,309.199463,Yahoo Finance monthly adjusted close
SPY,S&P 500 ETF,Broad market,2020-10-01,302.696838,Yahoo Finance monthly adjusted close
SPY,S&P 500 ETF,Broad market,2020-11-01,335.623260,Yahoo Finance monthly adjusted close
SPY,S&P 500 ETF,Broad market,2020-12-01,346.580231,Yahoo Finance monthly adjusted close
SPY,S&P 500 ETF,Broad market,2021-01-01,344.510712,Yahoo Finance monthly adjusted close
SPY,S&P 500 ETF,Broad market,2021-02-01,354.090027,Yahoo Finance monthly adjusted close
SPY,S&P 500 ETF,Broad market,2021-03-01,368.957031,Yahoo Finance monthly adjusted close
SPY,S&P 500 ETF,Broad market,2021-04-01,389.751038,Yahoo Finance monthly adjusted close
SPY,S&P 500 ETF,Broad market,2021-05-01,392.310242,Yahoo Finance monthly adjusted close
SPY,S&P 500 ETF,Broad market,2021-06-01,399.800842,Yahoo Finance monthly adjusted close
SPY,S&P 500 ETF,Broad market,2021-07-01,410.900818,Yahoo Finance monthly adjusted close
SPY,S&P 500 ETF,Broad market,2021-08-01,423.129028,Yahoo Finance monthly adjusted close
SPY,S&P 500 ETF,Broad market,2021-09-01,402.120789,Yahoo Finance monthly adjusted close
SPY,S&P 500 ETF,Broad market,2021-10-01,431.713593,Yahoo Finance monthly adjusted close
SPY,S&P 500 ETF,Broad market,2021-11-01,428.244873,Yahoo Finance monthly adjusted close
SPY,S&P 500 ETF,Broad market,2021-12-01,446.481628,Yahoo Finance monthly adjusted close
SPY,S&P 500 ETF,Broad market,2022-01-01,424.419434,Yahoo Finance monthly adjusted close
SPY,S&P 500 ETF,Broad market,2022-02-01,411.891907,Yahoo Finance monthly adjusted close
SPY,S&P 500 ETF,Broad market,2022-03-01,426.051514,Yahoo Finance monthly adjusted close
SPY,S&P 500 ETF,Broad market,2022-04-01,389.864716,Yahoo Finance monthly adjusted close
SPY,S&P 500 ETF,Broad market,2022-05-01,390.744843,Yahoo Finance monthly adjusted close
SPY,S&P 500 ETF,Broad market,2022-06-01,356.981750,Yahoo Finance monthly adjusted close
SPY,S&P 500 ETF,Broad market,2022-07-01,391.539398,Yahoo Finance monthly adjusted close
SPY,S&P 500 ETF,Broad market,2022-08-01,375.563843,Yahoo Finance monthly adjusted close
SPY,S&P 500 ETF,Broad market,2022-09-01,339.450073,Yahoo Finance monthly adjusted close
SPY,S&P 500 ETF,Broad market,2022-10-01,368.546844,Yahoo Finance monthly adjusted close
SPY,S&P 500 ETF,Broad market,2022-11-01,389.034821,Yahoo Finance monthly adjusted close
SPY,S&P 500 ETF,Broad market,2022-12-01,364.939636,Yahoo Finance monthly adjusted close
SPY,S&P 500 ETF,Broad market,2023-01-01,389.670990,Yahoo Finance monthly adjusted close
SPY,S&P 500 ETF,Broad market,2023-02-01,379.873566,Yahoo Finance monthly adjusted close
SPY,S&P 500 ETF,Broad market,2023-03-01,392.460571,Yahoo Finance monthly adjusted close
SPY,S&P 500 ETF,Broad market,2023-04-01,400.251892,Yahoo Finance monthly adjusted close
SPY,S&P 500 ETF,Broad market,2023-05-01,402.099548,Yahoo Finance monthly adjusted close
SPY,S&P 500 ETF,Broad market,2023-06-01,426.570984,Yahoo Finance monthly adjusted close
SPY,S&P 500 ETF,Broad market,2023-07-01,442.170441,Yahoo Finance monthly adjusted close
SPY,S&P 500 ETF,Broad market,2023-08-01,434.984314,Yahoo Finance monthly adjusted close
SPY,S&P 500 ETF,Broad market,2023-09-01,412.894684,Yahoo Finance monthly adjusted close
SPY,S&P 500 ETF,Broad market,2023-10-01,405.356049,Yahoo Finance monthly adjusted close
SPY,S&P 500 ETF,Broad market,2023-11-01,442.382843,Yahoo Finance monthly adjusted close
SPY,S&P 500 ETF,Broad market,2023-12-01,460.712036,Yahoo Finance monthly adjusted close
SPY,S&P 500 ETF,Broad market,2024-01-01,469.947235,Yahoo Finance monthly adjusted close
SPY,S&P 500 ETF,Broad market,2024-02-01,494.472260,Yahoo Finance monthly adjusted close
SPY,S&P 500 ETF,Broad market,2024-03-01,509.060883,Yahoo Finance monthly adjusted close
SPY,S&P 500 ETF,Broad market,2024-04-01,490.053558,Yahoo Finance monthly adjusted close
SPY,S&P 500 ETF,Broad market,2024-05-01,514.840454,Yahoo Finance monthly adjusted close
SPY,S&P 500 ETF,Broad market,2024-06-01,531.289978,Yahoo Finance monthly adjusted close
SPY,S&P 500 ETF,Broad market,2024-07-01,539.458191,Yahoo Finance monthly adjusted close
SPY,S&P 500 ETF,Broad market,2024-08-01,552.062866,Yahoo Finance monthly adjusted close
SPY,S&P 500 ETF,Broad market,2024-09-01,561.935120,Yahoo Finance monthly adjusted close
SPY,S&P 500 ETF,Broad market,2024-10-01,558.628967,Yahoo Finance monthly adjusted close
SPY,S&P 500 ETF,Broad market,2024-11-01,591.942078,Yahoo Finance monthly adjusted close
SPY,S&P 500 ETF,Broad market,2024-12-01,575.761963,Yahoo Finance monthly adjusted close
SPY,S&P 500 ETF,Broad market,2025-01-01,593.214722,Yahoo Finance monthly adjusted close
SPY,S&P 500 ETF,Broad market,2025-02-01,585.683960,Yahoo Finance monthly adjusted close
SPY,S&P 500 ETF,Broad market,2025-03-01,551.391357,Yahoo Finance monthly adjusted close
SPY,S&P 500 ETF,Broad market,2025-04-01,548.255005,Yahoo Finance monthly adjusted close
SPY,S&P 500 ETF,Broad market,2025-05-01,582.710144,Yahoo Finance monthly adjusted close
SPY,S&P 500 ETF,Broad market,2025-06-01,610.847473,Yahoo Finance monthly adjusted close
SPY,S&P 500 ETF,Broad market,2025-07-01,626.763672,Yahoo Finance monthly adjusted close
SPY,S&P 500 ETF,Broad market,2025-08-01,639.624573,Yahoo Finance monthly adjusted close
SPY,S&P 500 ETF,Broad market,2025-09-01,660.576843,Yahoo Finance monthly adjusted close
SPY,S&P 500 ETF,Broad market,2025-10-01,678.198364,Yahoo Finance monthly adjusted close
SPY,S&P 500 ETF,Broad market,2025-11-01,679.520813,Yahoo Finance monthly adjusted close
SPY,S&P 500 ETF,Broad market,2025-12-01,678.059082,Yahoo Finance monthly adjusted close
SPY,S&P 500 ETF,Broad market,2026-01-01,690.085327,Yahoo Finance monthly adjusted close
SPY,S&P 500 ETF,Broad market,2026-02-01,684.121643,Yahoo Finance monthly adjusted close
SPY,S&P 500 ETF,Broad market,2026-03-01,648.568787,Yahoo Finance monthly adjusted close
SPY,S&P 500 ETF,Broad market,2026-04-01,718.659973,Yahoo Finance monthly adjusted close
SPY,S&P 500 ETF,Broad market,2026-05-01,745.640015,Yahoo Finance monthly adjusted close
SPY,S&P 500 ETF,Broad market,2026-05-01,745.640015,Yahoo Finance monthly adjusted close
VTI,Total US Market ETF,Broad market,2001-06-01,36.453880,Yahoo Finance monthly adjusted close
VTI,Total US Market ETF,Broad market,2001-07-01,35.846451,Yahoo Finance monthly adjusted close
VTI,Total US Market ETF,Broad market,2001-08-01,33.747543,Yahoo Finance monthly adjusted close
VTI,Total US Market ETF,Broad market,2001-09-01,30.707523,Yahoo Finance monthly adjusted close
VTI,Total US Market ETF,Broad market,2001-10-01,31.450041,Yahoo Finance monthly adjusted close
VTI,Total US Market ETF,Broad market,2001-11-01,33.845306,Yahoo Finance monthly adjusted close
VTI,Total US Market ETF,Broad market,2001-12-01,34.205574,Yahoo Finance monthly adjusted close
VTI,Total US Market ETF,Broad market,2002-01-01,34.033703,Yahoo Finance monthly adjusted close
VTI,Total US Market ETF,Broad market,2002-02-01,33.437508,Yahoo Finance monthly adjusted close
VTI,Total US Market ETF,Broad market,2002-03-01,34.567959,Yahoo Finance monthly adjusted close
VTI,Total US Market ETF,Broad market,2002-04-01,33.120079,Yahoo Finance monthly adjusted close
VTI,Total US Market ETF,Broad market,2002-05-01,32.652897,Yahoo Finance monthly adjusted close
VTI,Total US Market ETF,Broad market,2002-06-01,30.317053,Yahoo Finance monthly adjusted close
VTI,Total US Market ETF,Broad market,2002-07-01,27.866358,Yahoo Finance monthly adjusted close
VTI,Total US Market ETF,Broad market,2002-08-01,28.079302,Yahoo Finance monthly adjusted close
VTI,Total US Market ETF,Broad market,2002-09-01,25.143925,Yahoo Finance monthly adjusted close
VTI,Total US Market ETF,Broad market,2002-10-01,27.132013,Yahoo Finance monthly adjusted close
VTI,Total US Market ETF,Broad market,2002-11-01,28.759939,Yahoo Finance monthly adjusted close
VTI,Total US Market ETF,Broad market,2002-12-01,27.174774,Yahoo Finance monthly adjusted close
VTI,Total US Market ETF,Broad market,2003-01-01,26.545420,Yahoo Finance monthly adjusted close
VTI,Total US Market ETF,Broad market,2003-02-01,26.135708,Yahoo Finance monthly adjusted close
VTI,Total US Market ETF,Broad market,2003-03-01,26.234848,Yahoo Finance monthly adjusted close
VTI,Total US Market ETF,Broad market,2003-04-01,28.600569,Yahoo Finance monthly adjusted close
VTI,Total US Market ETF,Broad market,2003-05-01,30.268728,Yahoo Finance monthly adjusted close
VTI,Total US Market ETF,Broad market,2003-06-01,30.660067,Yahoo Finance monthly adjusted close
VTI,Total US Market ETF,Broad market,2003-07-01,31.473209,Yahoo Finance monthly adjusted close
VTI,Total US Market ETF,Broad market,2003-08-01,32.225124,Yahoo Finance monthly adjusted close
VTI,Total US Market ETF,Broad market,2003-09-01,31.772638,Yahoo Finance monthly adjusted close
VTI,Total US Market ETF,Broad market,2003-10-01,33.815563,Yahoo Finance monthly adjusted close
VTI,Total US Market ETF,Broad market,2003-11-01,34.323101,Yahoo Finance monthly adjusted close
VTI,Total US Market ETF,Broad market,2003-12-01,35.545097,Yahoo Finance monthly adjusted close
VTI,Total US Market ETF,Broad market,2004-01-01,36.627705,Yahoo Finance monthly adjusted close
VTI,Total US Market ETF,Broad market,2004-02-01,37.140682,Yahoo Finance monthly adjusted close
VTI,Total US Market ETF,Broad market,2004-03-01,36.641102,Yahoo Finance monthly adjusted close
VTI,Total US Market ETF,Broad market,2004-04-01,35.943069,Yahoo Finance monthly adjusted close
VTI,Total US Market ETF,Broad market,2004-05-01,36.464478,Yahoo Finance monthly adjusted close
VTI,Total US Market ETF,Broad market,2004-06-01,37.076687,Yahoo Finance monthly adjusted close
VTI,Total US Market ETF,Broad market,2004-07-01,35.881710,Yahoo Finance monthly adjusted close
VTI,Total US Market ETF,Broad market,2004-08-01,35.901962,Yahoo Finance monthly adjusted close
VTI,Total US Market ETF,Broad market,2004-09-01,36.374527,Yahoo Finance monthly adjusted close
VTI,Total US Market ETF,Broad market,2004-10-01,37.162930,Yahoo Finance monthly adjusted close
VTI,Total US Market ETF,Broad market,2004-11-01,38.924538,Yahoo Finance monthly adjusted close
VTI,Total US Market ETF,Broad market,2004-12-01,39.991653,Yahoo Finance monthly adjusted close
VTI,Total US Market ETF,Broad market,2005-01-01,39.251972,Yahoo Finance monthly adjusted close
VTI,Total US Market ETF,Broad market,2005-02-01,40.070438,Yahoo Finance monthly adjusted close
VTI,Total US Market ETF,Broad market,2005-03-01,39.170120,Yahoo Finance monthly adjusted close
VTI,Total US Market ETF,Broad market,2005-04-01,38.454239,Yahoo Finance monthly adjusted close
VTI,Total US Market ETF,Broad market,2005-05-01,39.946800,Yahoo Finance monthly adjusted close
VTI,Total US Market ETF,Broad market,2005-06-01,40.111134,Yahoo Finance monthly adjusted close
VTI,Total US Market ETF,Broad market,2005-07-01,42.011948,Yahoo Finance monthly adjusted close
VTI,Total US Market ETF,Broad market,2005-08-01,41.555050,Yahoo Finance monthly adjusted close
VTI,Total US Market ETF,Broad market,2005-09-01,41.685600,Yahoo Finance monthly adjusted close
VTI,Total US Market ETF,Broad market,2005-10-01,40.900356,Yahoo Finance monthly adjusted close
VTI,Total US Market ETF,Broad market,2005-11-01,42.788342,Yahoo Finance monthly adjusted close
VTI,Total US Market ETF,Broad market,2005-12-01,42.567432,Yahoo Finance monthly adjusted close
VTI,Total US Market ETF,Broad market,2006-01-01,44.173466,Yahoo Finance monthly adjusted close
VTI,Total US Market ETF,Broad market,2006-02-01,44.270630,Yahoo Finance monthly adjusted close
VTI,Total US Market ETF,Broad market,2006-03-01,44.995903,Yahoo Finance monthly adjusted close
VTI,Total US Market ETF,Broad market,2006-04-01,45.610420,Yahoo Finance monthly adjusted close
VTI,Total US Market ETF,Broad market,2006-05-01,44.140133,Yahoo Finance monthly adjusted close
VTI,Total US Market ETF,Broad market,2006-06-01,44.007736,Yahoo Finance monthly adjusted close
VTI,Total US Market ETF,Broad market,2006-07-01,44.146088,Yahoo Finance monthly adjusted close
VTI,Total US Market ETF,Broad market,2006-08-01,45.160847,Yahoo Finance monthly adjusted close
VTI,Total US Market ETF,Broad market,2006-09-01,45.993660,Yahoo Finance monthly adjusted close
VTI,Total US Market ETF,Broad market,2006-10-01,47.811768,Yahoo Finance monthly adjusted close
VTI,Total US Market ETF,Broad market,2006-11-01,48.925537,Yahoo Finance monthly adjusted close
VTI,Total US Market ETF,Broad market,2006-12-01,49.262852,Yahoo Finance monthly adjusted close
VTI,Total US Market ETF,Broad market,2007-01-01,50.435078,Yahoo Finance monthly adjusted close
VTI,Total US Market ETF,Broad market,2007-02-01,49.615780,Yahoo Finance monthly adjusted close
VTI,Total US Market ETF,Broad market,2007-03-01,49.958324,Yahoo Finance monthly adjusted close
VTI,Total US Market ETF,Broad market,2007-04-01,52.189899,Yahoo Finance monthly adjusted close
VTI,Total US Market ETF,Broad market,2007-05-01,54.133373,Yahoo Finance monthly adjusted close
VTI,Total US Market ETF,Broad market,2007-06-01,52.977196,Yahoo Finance monthly adjusted close
VTI,Total US Market ETF,Broad market,2007-07-01,51.299427,Yahoo Finance monthly adjusted close
VTI,Total US Market ETF,Broad market,2007-08-01,52.054157,Yahoo Finance monthly adjusted close
VTI,Total US Market ETF,Broad market,2007-09-01,53.827034,Yahoo Finance monthly adjusted close
VTI,Total US Market ETF,Broad market,2007-10-01,55.025375,Yahoo Finance monthly adjusted close
VTI,Total US Market ETF,Broad market,2007-11-01,52.537056,Yahoo Finance monthly adjusted close
VTI,Total US Market ETF,Broad market,2007-12-01,51.893532,Yahoo Finance monthly adjusted close
VTI,Total US Market ETF,Broad market,2008-01-01,48.955250,Yahoo Finance monthly adjusted close
VTI,Total US Market ETF,Broad market,2008-02-01,47.733170,Yahoo Finance monthly adjusted close
VTI,Total US Market ETF,Broad market,2008-03-01,47.086182,Yahoo Finance monthly adjusted close
VTI,Total US Market ETF,Broad market,2008-04-01,49.617264,Yahoo Finance monthly adjusted close
VTI,Total US Market ETF,Broad market,2008-05-01,50.617535,Yahoo Finance monthly adjusted close
VTI,Total US Market ETF,Broad market,2008-06-01,46.287766,Yahoo Finance monthly adjusted close
VTI,Total US Market ETF,Broad market,2008-07-01,46.216736,Yahoo Finance monthly adjusted close
VTI,Total US Market ETF,Broad market,2008-08-01,46.891598,Yahoo Finance monthly adjusted close
VTI,Total US Market ETF,Broad market,2008-09-01,42.349022,Yahoo Finance monthly adjusted close
VTI,Total US Market ETF,Broad market,2008-10-01,35.120075,Yahoo Finance monthly adjusted close
VTI,Total US Market ETF,Broad market,2008-11-01,32.305214,Yahoo Finance monthly adjusted close
VTI,Total US Market ETF,Broad market,2008-12-01,32.626087,Yahoo Finance monthly adjusted close
VTI,Total US Market ETF,Broad market,2009-01-01,30.230425,Yahoo Finance monthly adjusted close
VTI,Total US Market ETF,Broad market,2009-02-01,27.048674,Yahoo Finance monthly adjusted close
VTI,Total US Market ETF,Broad market,2009-03-01,29.084108,Yahoo Finance monthly adjusted close
VTI,Total US Market ETF,Broad market,2009-04-01,32.504845,Yahoo Finance monthly adjusted close
VTI,Total US Market ETF,Broad market,2009-05-01,34.280663,Yahoo Finance monthly adjusted close
VTI,Total US Market ETF,Broad market,2009-06-01,34.236263,Yahoo Finance monthly adjusted close
VTI,Total US Market ETF,Broad market,2009-07-01,37.068680,Yahoo Finance monthly adjusted close
VTI,Total US Market ETF,Broad market,2009-08-01,38.444363,Yahoo Finance monthly adjusted close
VTI,Total US Market ETF,Broad market,2009-09-01,39.849781,Yahoo Finance monthly adjusted close
VTI,Total US Market ETF,Broad market,2009-10-01,38.980141,Yahoo Finance monthly adjusted close
VTI,Total US Market ETF,Broad market,2009-11-01,41.198830,Yahoo Finance monthly adjusted close
VTI,Total US Market ETF,Broad market,2009-12-01,42.110210,Yahoo Finance monthly adjusted close
VTI,Total US Market ETF,Broad market,2010-01-01,40.867298,Yahoo Finance monthly adjusted close
VTI,Total US Market ETF,Broad market,2010-02-01,42.273155,Yahoo Finance monthly adjusted close
VTI,Total US Market ETF,Broad market,2010-03-01,44.799156,Yahoo Finance monthly adjusted close
VTI,Total US Market ETF,Broad market,2010-04-01,45.958046,Yahoo Finance monthly adjusted close
VTI,Total US Market ETF,Broad market,2010-05-01,42.335140,Yahoo Finance monthly adjusted close
VTI,Total US Market ETF,Broad market,2010-06-01,39.670803,Yahoo Finance monthly adjusted close
VTI,Total US Market ETF,Broad market,2010-07-01,42.661133,Yahoo Finance monthly adjusted close
VTI,Total US Market ETF,Broad market,2010-08-01,40.651302,Yahoo Finance monthly adjusted close
VTI,Total US Market ETF,Broad market,2010-09-01,44.268963,Yahoo Finance monthly adjusted close
VTI,Total US Market ETF,Broad market,2010-10-01,46.289944,Yahoo Finance monthly adjusted close
VTI,Total US Market ETF,Broad market,2010-11-01,46.526276,Yahoo Finance monthly adjusted close
VTI,Total US Market ETF,Broad market,2010-12-01,49.499451,Yahoo Finance monthly adjusted close
VTI,Total US Market ETF,Broad market,2011-01-01,50.783573,Yahoo Finance monthly adjusted close
VTI,Total US Market ETF,Broad market,2011-02-01,52.661312,Yahoo Finance monthly adjusted close
VTI,Total US Market ETF,Broad market,2011-03-01,52.661312,Yahoo Finance monthly adjusted close
VTI,Total US Market ETF,Broad market,2011-04-01,54.413292,Yahoo Finance monthly adjusted close
VTI,Total US Market ETF,Broad market,2011-05-01,53.836079,Yahoo Finance monthly adjusted close
VTI,Total US Market ETF,Broad market,2011-06-01,52.643150,Yahoo Finance monthly adjusted close
VTI,Total US Market ETF,Broad market,2011-07-01,51.669216,Yahoo Finance monthly adjusted close
VTI,Total US Market ETF,Broad market,2011-08-01,48.523460,Yahoo Finance monthly adjusted close
VTI,Total US Market ETF,Broad market,2011-09-01,44.612530,Yahoo Finance monthly adjusted close
VTI,Total US Market ETF,Broad market,2011-10-01,49.946495,Yahoo Finance monthly adjusted close
VTI,Total US Market ETF,Broad market,2011-11-01,49.759995,Yahoo Finance monthly adjusted close
VTI,Total US Market ETF,Broad market,2011-12-01,49.962036,Yahoo Finance monthly adjusted close
VTI,Total US Market ETF,Broad market,2012-01-01,52.793686,Yahoo Finance monthly adjusted close
VTI,Total US Market ETF,Broad market,2012-02-01,55.020767,Yahoo Finance monthly adjusted close
VTI,Total US Market ETF,Broad market,2012-03-01,56.466412,Yahoo Finance monthly adjusted close
VTI,Total US Market ETF,Broad market,2012-04-01,56.347626,Yahoo Finance monthly adjusted close
VTI,Total US Market ETF,Broad market,2012-05-01,52.839653,Yahoo Finance monthly adjusted close
VTI,Total US Market ETF,Broad market,2012-06-01,54.699589,Yahoo Finance monthly adjusted close
VTI,Total US Market ETF,Broad market,2012-07-01,55.458229,Yahoo Finance monthly adjusted close
VTI,Total US Market ETF,Broad market,2012-08-01,56.956867,Yahoo Finance monthly adjusted close
VTI,Total US Market ETF,Broad market,2012-09-01,58.092728,Yahoo Finance monthly adjusted close
VTI,Total US Market ETF,Broad market,2012-10-01,57.321697,Yahoo Finance monthly adjusted close
VTI,Total US Market ETF,Broad market,2012-11-01,57.765583,Yahoo Finance monthly adjusted close
VTI,Total US Market ETF,Broad market,2012-12-01,58.082592,Yahoo Finance monthly adjusted close
VTI,Total US Market ETF,Broad market,2013-01-01,61.682327,Yahoo Finance monthly adjusted close
VTI,Total US Market ETF,Broad market,2013-02-01,62.472836,Yahoo Finance monthly adjusted close
VTI,Total US Market ETF,Broad market,2013-03-01,64.644684,Yahoo Finance monthly adjusted close
VTI,Total US Market ETF,Broad market,2013-04-01,65.982338,Yahoo Finance monthly adjusted close
VTI,Total US Market ETF,Broad market,2013-05-01,67.594574,Yahoo Finance monthly adjusted close
VTI,Total US Market ETF,Broad market,2013-06-01,66.311188,Yahoo Finance monthly adjusted close
VTI,Total US Market ETF,Broad market,2013-07-01,70.451431,Yahoo Finance monthly adjusted close
VTI,Total US Market ETF,Broad market,2013-08-01,68.315804,Yahoo Finance monthly adjusted close
VTI,Total US Market ETF,Broad market,2013-09-01,70.636803,Yahoo Finance monthly adjusted close
VTI,Total US Market ETF,Broad market,2013-10-01,74.006805,Yahoo Finance monthly adjusted close
VTI,Total US Market ETF,Broad market,2013-11-01,76.006973,Yahoo Finance monthly adjusted close
VTI,Total US Market ETF,Broad market,2013-12-01,77.675133,Yahoo Finance monthly adjusted close
VTI,Total US Market ETF,Broad market,2014-01-01,75.609879,Yahoo Finance monthly adjusted close
VTI,Total US Market ETF,Broad market,2014-02-01,79.289436,Yahoo Finance monthly adjusted close
VTI,Total US Market ETF,Broad market,2014-03-01,79.346420,Yahoo Finance monthly adjusted close
VTI,Total US Market ETF,Broad market,2014-04-01,79.742363,Yahoo Finance monthly adjusted close
VTI,Total US Market ETF,Broad market,2014-05-01,81.418472,Yahoo Finance monthly adjusted close
VTI,Total US Market ETF,Broad market,2014-06-01,83.209061,Yahoo Finance monthly adjusted close
VTI,Total US Market ETF,Broad market,2014-07-01,81.886009,Yahoo Finance monthly adjusted close
VTI,Total US Market ETF,Broad market,2014-08-01,85.284920,Yahoo Finance monthly adjusted close
VTI,Total US Market ETF,Broad market,2014-09-01,83.117523,Yahoo Finance monthly adjusted close
VTI,Total US Market ETF,Broad market,2014-10-01,85.789581,Yahoo Finance monthly adjusted close
VTI,Total US Market ETF,Broad market,2014-11-01,87.917450,Yahoo Finance monthly adjusted close
VTI,Total US Market ETF,Broad market,2014-12-01,87.422562,Yahoo Finance monthly adjusted close
VTI,Total US Market ETF,Broad market,2015-01-01,85.479378,Yahoo Finance monthly adjusted close
VTI,Total US Market ETF,Broad market,2015-02-01,90.387604,Yahoo Finance monthly adjusted close
VTI,Total US Market ETF,Broad market,2015-03-01,88.920113,Yahoo Finance monthly adjusted close
VTI,Total US Market ETF,Broad market,2015-04-01,89.886246,Yahoo Finance monthly adjusted close
VTI,Total US Market ETF,Broad market,2015-05-01,91.052429,Yahoo Finance monthly adjusted close
VTI,Total US Market ETF,Broad market,2015-06-01,89.144905,Yahoo Finance monthly adjusted close
VTI,Total US Market ETF,Broad market,2015-07-01,91.049934,Yahoo Finance monthly adjusted close
VTI,Total US Market ETF,Broad market,2015-08-01,85.503632,Yahoo Finance monthly adjusted close
VTI,Total US Market ETF,Broad market,2015-09-01,82.584061,Yahoo Finance monthly adjusted close
VTI,Total US Market ETF,Broad market,2015-10-01,89.571075,Yahoo Finance monthly adjusted close
VTI,Total US Market ETF,Broad market,2015-11-01,90.109169,Yahoo Finance monthly adjusted close
VTI,Total US Market ETF,Broad market,2015-12-01,87.696091,Yahoo Finance monthly adjusted close
VTI,Total US Market ETF,Broad market,2016-01-01,83.147560,Yahoo Finance monthly adjusted close
VTI,Total US Market ETF,Broad market,2016-02-01,83.139084,Yahoo Finance monthly adjusted close
VTI,Total US Market ETF,Broad market,2016-03-01,88.635475,Yahoo Finance monthly adjusted close
VTI,Total US Market ETF,Broad market,2016-04-01,89.636398,Yahoo Finance monthly adjusted close
VTI,Total US Market ETF,Broad market,2016-05-01,91.191063,Yahoo Finance monthly adjusted close
VTI,Total US Market ETF,Broad market,2016-06-01,91.038170,Yahoo Finance monthly adjusted close
VTI,Total US Market ETF,Broad market,2016-07-01,95.075508,Yahoo Finance monthly adjusted close
VTI,Total US Market ETF,Broad market,2016-08-01,95.271782,Yahoo Finance monthly adjusted close
VTI,Total US Market ETF,Broad market,2016-09-01,94.998718,Yahoo Finance monthly adjusted close
VTI,Total US Market ETF,Broad market,2016-10-01,93.369255,Yahoo Finance monthly adjusted close
VTI,Total US Market ETF,Broad market,2016-11-01,97.562233,Yahoo Finance monthly adjusted close
VTI,Total US Market ETF,Broad market,2016-12-01,98.882736,Yahoo Finance monthly adjusted close
VTI,Total US Market ETF,Broad market,2017-01-01,101.346916,Yahoo Finance monthly adjusted close
VTI,Total US Market ETF,Broad market,2017-02-01,105.091568,Yahoo Finance monthly adjusted close
VTI,Total US Market ETF,Broad market,2017-03-01,104.677414,Yahoo Finance monthly adjusted close
VTI,Total US Market ETF,Broad market,2017-04-01,106.267670,Yahoo Finance monthly adjusted close
VTI,Total US Market ETF,Broad market,2017-05-01,107.342392,Yahoo Finance monthly adjusted close
VTI,Total US Market ETF,Broad market,2017-06-01,107.862411,Yahoo Finance monthly adjusted close
VTI,Total US Market ETF,Broad market,2017-07-01,110.396706,Yahoo Finance monthly adjusted close
VTI,Total US Market ETF,Broad market,2017-08-01,110.562141,Yahoo Finance monthly adjusted close
VTI,Total US Market ETF,Broad market,2017-09-01,112.773727,Yahoo Finance monthly adjusted close
VTI,Total US Market ETF,Broad market,2017-10-01,115.717163,Yahoo Finance monthly adjusted close
VTI,Total US Market ETF,Broad market,2017-11-01,119.223732,Yahoo Finance monthly adjusted close
VTI,Total US Market ETF,Broad market,2017-12-01,120.019485,Yahoo Finance monthly adjusted close
VTI,Total US Market ETF,Broad market,2018-01-01,126.917374,Yahoo Finance monthly adjusted close
VTI,Total US Market ETF,Broad market,2018-02-01,122.145805,Yahoo Finance monthly adjusted close
VTI,Total US Market ETF,Broad market,2018-03-01,119.263504,Yahoo Finance monthly adjusted close
VTI,Total US Market ETF,Broad market,2018-04-01,120.286057,Yahoo Finance monthly adjusted close
VTI,Total US Market ETF,Broad market,2018-05-01,123.559448,Yahoo Finance monthly adjusted close
VTI,Total US Market ETF,Broad market,2018-06-01,123.903549,Yahoo Finance monthly adjusted close
VTI,Total US Market ETF,Broad market,2018-07-01,128.557831,Yahoo Finance monthly adjusted close
VTI,Total US Market ETF,Broad market,2018-08-01,132.970413,Yahoo Finance monthly adjusted close
VTI,Total US Market ETF,Broad market,2018-09-01,132.598190,Yahoo Finance monthly adjusted close
VTI,Total US Market ETF,Broad market,2018-10-01,123.357864,Yahoo Finance monthly adjusted close
VTI,Total US Market ETF,Broad market,2018-11-01,125.841835,Yahoo Finance monthly adjusted close
VTI,Total US Market ETF,Broad market,2018-12-01,113.627075,Yahoo Finance monthly adjusted close
VTI,Total US Market ETF,Broad market,2019-01-01,124.055489,Yahoo Finance monthly adjusted close
VTI,Total US Market ETF,Broad market,2019-02-01,128.470367,Yahoo Finance monthly adjusted close
VTI,Total US Market ETF,Broad market,2019-03-01,129.589752,Yahoo Finance monthly adjusted close
VTI,Total US Market ETF,Broad market,2019-04-01,135.404434,Yahoo Finance monthly adjusted close
VTI,Total US Market ETF,Broad market,2019-05-01,126.670959,Yahoo Finance monthly adjusted close
VTI,Total US Market ETF,Broad market,2019-06-01,135.134308,Yahoo Finance monthly adjusted close
VTI,Total US Market ETF,Broad market,2019-07-01,137.552719,Yahoo Finance monthly adjusted close
VTI,Total US Market ETF,Broad market,2019-08-01,134.687973,Yahoo Finance monthly adjusted close
VTI,Total US Market ETF,Broad market,2019-09-01,136.459213,Yahoo Finance monthly adjusted close
VTI,Total US Market ETF,Broad market,2019-10-01,139.971436,Yahoo Finance monthly adjusted close
VTI,Total US Market ETF,Broad market,2019-11-01,145.273270,Yahoo Finance monthly adjusted close
VTI,Total US Market ETF,Broad market,2019-12-01,148.541473,Yahoo Finance monthly adjusted close
VTI,Total US Market ETF,Broad market,2020-01-01,149.255600,Yahoo Finance monthly adjusted close
VTI,Total US Market ETF,Broad market,2020-02-01,137.316650,Yahoo Finance monthly adjusted close
VTI,Total US Market ETF,Broad market,2020-03-01,117.664764,Yahoo Finance monthly adjusted close
VTI,Total US Market ETF,Broad market,2020-04-01,133.779160,Yahoo Finance monthly adjusted close
VTI,Total US Market ETF,Broad market,2020-05-01,140.998337,Yahoo Finance monthly adjusted close
VTI,Total US Market ETF,Broad market,2020-06-01,143.585114,Yahoo Finance monthly adjusted close
VTI,Total US Market ETF,Broad market,2020-07-01,152.522797,Yahoo Finance monthly adjusted close
VTI,Total US Market ETF,Broad market,2020-08-01,163.359344,Yahoo Finance monthly adjusted close
VTI,Total US Market ETF,Broad market,2020-09-01,156.936630,Yahoo Finance monthly adjusted close
VTI,Total US Market ETF,Broad market,2020-10-01,154.508530,Yahoo Finance monthly adjusted close
VTI,Total US Market ETF,Broad market,2020-11-01,172.745300,Yahoo Finance monthly adjusted close
VTI,Total US Market ETF,Broad market,2020-12-01,180.091873,Yahoo Finance monthly adjusted close
VTI,Total US Market ETF,Broad market,2021-01-01,180.219604,Yahoo Finance monthly adjusted close
VTI,Total US Market ETF,Broad market,2021-02-01,185.877335,Yahoo Finance monthly adjusted close
VTI,Total US Market ETF,Broad market,2021-03-01,192.018127,Yahoo Finance monthly adjusted close
VTI,Total US Market ETF,Broad market,2021-04-01,202.361252,Yahoo Finance monthly adjusted close
VTI,Total US Market ETF,Broad market,2021-05-01,203.283997,Yahoo Finance monthly adjusted close
VTI,Total US Market ETF,Broad market,2021-06-01,207.692947,Yahoo Finance monthly adjusted close
VTI,Total US Market ETF,Broad market,2021-07-01,211.947830,Yahoo Finance monthly adjusted close
VTI,Total US Market ETF,Broad market,2021-08-01,218.006424,Yahoo Finance monthly adjusted close
VTI,Total US Market ETF,Broad market,2021-09-01,207.618973,Yahoo Finance monthly adjusted close
VTI,Total US Market ETF,Broad market,2021-10-01,222.202362,Yahoo Finance monthly adjusted close
VTI,Total US Market ETF,Broad market,2021-11-01,218.957169,Yahoo Finance monthly adjusted close
VTI,Total US Market ETF,Broad market,2021-12-01,226.451157,Yahoo Finance monthly adjusted close
VTI,Total US Market ETF,Broad market,2022-01-01,213.491394,Yahoo Finance monthly adjusted close
VTI,Total US Market ETF,Broad market,2022-02-01,208.182587,Yahoo Finance monthly adjusted close
VTI,Total US Market ETF,Broad market,2022-03-01,214.300888,Yahoo Finance monthly adjusted close
VTI,Total US Market ETF,Broad market,2022-04-01,195.339020,Yahoo Finance monthly adjusted close
VTI,Total US Market ETF,Broad market,2022-05-01,194.847992,Yahoo Finance monthly adjusted close
VTI,Total US Market ETF,Broad market,2022-06-01,178.097656,Yahoo Finance monthly adjusted close
VTI,Total US Market ETF,Broad market,2022-07-01,195.522583,Yahoo Finance monthly adjusted close
VTI,Total US Market ETF,Broad market,2022-08-01,188.232544,Yahoo Finance monthly adjusted close
VTI,Total US Market ETF,Broad market,2022-09-01,170.135452,Yahoo Finance monthly adjusted close
VTI,Total US Market ETF,Broad market,2022-10-01,184.719055,Yahoo Finance monthly adjusted close
VTI,Total US Market ETF,Broad market,2022-11-01,194.267746,Yahoo Finance monthly adjusted close
VTI,Total US Market ETF,Broad market,2022-12-01,182.015366,Yahoo Finance monthly adjusted close
VTI,Total US Market ETF,Broad market,2023-01-01,195.558273,Yahoo Finance monthly adjusted close
VTI,Total US Market ETF,Broad market,2023-02-01,190.861374,Yahoo Finance monthly adjusted close
VTI,Total US Market ETF,Broad market,2023-03-01,195.242630,Yahoo Finance monthly adjusted close
VTI,Total US Market ETF,Broad market,2023-04-01,198.141220,Yahoo Finance monthly adjusted close
VTI,Total US Market ETF,Broad market,2023-05-01,198.986404,Yahoo Finance monthly adjusted close
VTI,Total US Market ETF,Broad market,2023-06-01,211.568314,Yahoo Finance monthly adjusted close
VTI,Total US Market ETF,Broad market,2023-07-01,220.156021,Yahoo Finance monthly adjusted close
VTI,Total US Market ETF,Broad market,2023-08-01,215.904266,Yahoo Finance monthly adjusted close
VTI,Total US Market ETF,Broad market,2023-09-01,204.787994,Yahoo Finance monthly adjusted close
VTI,Total US Market ETF,Broad market,2023-10-01,200.100327,Yahoo Finance monthly adjusted close
VTI,Total US Market ETF,Broad market,2023-11-01,218.940475,Yahoo Finance monthly adjusted close
VTI,Total US Market ETF,Broad market,2023-12-01,229.545914,Yahoo Finance monthly adjusted close
VTI,Total US Market ETF,Broad market,2024-01-01,233.106171,Yahoo Finance monthly adjusted close
VTI,Total US Market ETF,Broad market,2024-02-01,245.457794,Yahoo Finance monthly adjusted close
VTI,Total US Market ETF,Broad market,2024-03-01,252.571350,Yahoo Finance monthly adjusted close
VTI,Total US Market ETF,Broad market,2024-04-01,242.448792,Yahoo Finance monthly adjusted close
VTI,Total US Market ETF,Broad market,2024-05-01,253.985641,Yahoo Finance monthly adjusted close
VTI,Total US Market ETF,Broad market,2024-06-01,260.880402,Yahoo Finance monthly adjusted close
VTI,Total US Market ETF,Broad market,2024-07-01,266.757751,Yahoo Finance monthly adjusted close
VTI,Total US Market ETF,Broad market,2024-08-01,272.443817,Yahoo Finance monthly adjusted close
VTI,Total US Market ETF,Broad market,2024-09-01,277.121918,Yahoo Finance monthly adjusted close
VTI,Total US Market ETF,Broad market,2024-10-01,275.885834,Yahoo Finance monthly adjusted close
VTI,Total US Market ETF,Broad market,2024-11-01,294.371124,Yahoo Finance monthly adjusted close
VTI,Total US Market ETF,Broad market,2024-12-01,284.505127,Yahoo Finance monthly adjusted close
VTI,Total US Market ETF,Broad market,2025-01-01,294.077759,Yahoo Finance monthly adjusted close
VTI,Total US Market ETF,Broad market,2025-02-01,288.523163,Yahoo Finance monthly adjusted close
VTI,Total US Market ETF,Broad market,2025-03-01,270.677582,Yahoo Finance monthly adjusted close
VTI,Total US Market ETF,Broad market,2025-04-01,269.632812,Yahoo Finance monthly adjusted close
VTI,Total US Market ETF,Broad market,2025-05-01,286.493530,Yahoo Finance monthly adjusted close
VTI,Total US Market ETF,Broad market,2025-06-01,300.379364,Yahoo Finance monthly adjusted close
VTI,Total US Market ETF,Broad market,2025-07-01,308.185760,Yahoo Finance monthly adjusted close
VTI,Total US Market ETF,Broad market,2025-08-01,315.432129,Yahoo Finance monthly adjusted close
VTI,Total US Market ETF,Broad market,2025-09-01,325.315430,Yahoo Finance monthly adjusted close
VTI,Total US Market ETF,Broad market,2025-10-01,333.426666,Yahoo Finance monthly adjusted close
VTI,Total US Market ETF,Broad market,2025-11-01,334.311371,Yahoo Finance monthly adjusted close
VTI,Total US Market ETF,Broad market,2025-12-01,333.277557,Yahoo Finance monthly adjusted close
VTI,Total US Market ETF,Broad market,2026-01-01,339.506348,Yahoo Finance monthly adjusted close
VTI,Total US Market ETF,Broad market,2026-02-01,337.711945,Yahoo Finance monthly adjusted close
VTI,Total US Market ETF,Broad market,2026-03-01,319.808044,Yahoo Finance monthly adjusted close
VTI,Total US Market ETF,Broad market,2026-04-01,354.179993,Yahoo Finance monthly adjusted close
VTI,Total US Market ETF,Broad market,2026-05-01,366.790009,Yahoo Finance monthly adjusted close
VTI,Total US Market ETF,Broad market,2026-05-01,366.790009,Yahoo Finance monthly adjusted close
QQQ,Nasdaq 100 ETF,Growth / large-cap tech,1999-03-01,44.260605,Yahoo Finance monthly adjusted close
QQQ,Nasdaq 100 ETF,Growth / large-cap tech,1999-04-01,45.315044,Yahoo Finance monthly adjusted close
QQQ,Nasdaq 100 ETF,Growth / large-cap tech,1999-05-01,43.891537,Yahoo Finance monthly adjusted close
QQQ,Nasdaq 100 ETF,Growth / large-cap tech,1999-06-01,48.610210,Yahoo Finance monthly adjusted close
QQQ,Nasdaq 100 ETF,Growth / large-cap tech,1999-07-01,47.740288,Yahoo Finance monthly adjusted close
QQQ,Nasdaq 100 ETF,Growth / large-cap tech,1999-08-01,50.350040,Yahoo Finance monthly adjusted close
QQQ,Nasdaq 100 ETF,Growth / large-cap tech,1999-09-01,50.771843,Yahoo Finance monthly adjusted close
QQQ,Nasdaq 100 ETF,Growth / large-cap tech,1999-10-01,55.464157,Yahoo Finance monthly adjusted close
QQQ,Nasdaq 100 ETF,Growth / large-cap tech,1999-11-01,62.001759,Yahoo Finance monthly adjusted close
QQQ,Nasdaq 100 ETF,Growth / large-cap tech,1999-12-01,77.080406,Yahoo Finance monthly adjusted close
QQQ,Nasdaq 100 ETF,Growth / large-cap tech,2000-01-01,75.656898,Yahoo Finance monthly adjusted close
QQQ,Nasdaq 100 ETF,Growth / large-cap tech,2000-02-01,90.050163,Yahoo Finance monthly adjusted close
QQQ,Nasdaq 100 ETF,Growth / large-cap tech,2000-03-01,92.369949,Yahoo Finance monthly adjusted close
QQQ,Nasdaq 100 ETF,Growth / large-cap tech,2000-04-01,79.927414,Yahoo Finance monthly adjusted close
QQQ,Nasdaq 100 ETF,Growth / large-cap tech,2000-05-01,70.121056,Yahoo Finance monthly adjusted close
QQQ,Nasdaq 100 ETF,Growth / large-cap tech,2000-06-01,78.820221,Yahoo Finance monthly adjusted close
QQQ,Nasdaq 100 ETF,Growth / large-cap tech,2000-07-01,75.445976,Yahoo Finance monthly adjusted close
QQQ,Nasdaq 100 ETF,Growth / large-cap tech,2000-08-01,85.726921,Yahoo Finance monthly adjusted close
QQQ,Nasdaq 100 ETF,Growth / large-cap tech,2000-09-01,74.866066,Yahoo Finance monthly adjusted close
QQQ,Nasdaq 100 ETF,Growth / large-cap tech,2000-10-01,68.921570,Yahoo Finance monthly adjusted close
QQQ,Nasdaq 100 ETF,Growth / large-cap tech,2000-11-01,53.131161,Yahoo Finance monthly adjusted close
QQQ,Nasdaq 100 ETF,Growth / large-cap tech,2000-12-01,49.242878,Yahoo Finance monthly adjusted close
QQQ,Nasdaq 100 ETF,Growth / large-cap tech,2001-01-01,54.240971,Yahoo Finance monthly adjusted close
QQQ,Nasdaq 100 ETF,Growth / large-cap tech,2001-02-01,40.026981,Yahoo Finance monthly adjusted close
QQQ,Nasdaq 100 ETF,Growth / large-cap tech,2001-03-01,33.025417,Yahoo Finance monthly adjusted close
QQQ,Nasdaq 100 ETF,Growth / large-cap tech,2001-04-01,38.930351,Yahoo Finance monthly adjusted close
QQQ,Nasdaq 100 ETF,Growth / large-cap tech,2001-05-01,37.732494,Yahoo Finance monthly adjusted close
QQQ,Nasdaq 100 ETF,Growth / large-cap tech,2001-06-01,38.550747,Yahoo Finance monthly adjusted close
QQQ,Nasdaq 100 ETF,Growth / large-cap tech,2001-07-01,35.227116,Yahoo Finance monthly adjusted close
QQQ,Nasdaq 100 ETF,Growth / large-cap tech,2001-08-01,30.899637,Yahoo Finance monthly adjusted close
QQQ,Nasdaq 100 ETF,Growth / large-cap tech,2001-09-01,24.446400,Yahoo Finance monthly adjusted close
QQQ,Nasdaq 100 ETF,Growth / large-cap tech,2001-10-01,28.596722,Yahoo Finance monthly adjusted close
QQQ,Nasdaq 100 ETF,Growth / large-cap tech,2001-11-01,33.447220,Yahoo Finance monthly adjusted close
QQQ,Nasdaq 100 ETF,Growth / large-cap tech,2001-12-01,32.822968,Yahoo Finance monthly adjusted close
QQQ,Nasdaq 100 ETF,Growth / large-cap tech,2002-01-01,32.485535,Yahoo Finance monthly adjusted close
QQQ,Nasdaq 100 ETF,Growth / large-cap tech,2002-02-01,28.495491,Yahoo Finance monthly adjusted close
QQQ,Nasdaq 100 ETF,Growth / large-cap tech,2002-03-01,30.418818,Yahoo Finance monthly adjusted close
QQQ,Nasdaq 100 ETF,Growth / large-cap tech,2002-04-01,26.766195,Yahoo Finance monthly adjusted close
QQQ,Nasdaq 100 ETF,Growth / large-cap tech,2002-05-01,25.340580,Yahoo Finance monthly adjusted close
QQQ,Nasdaq 100 ETF,Growth / large-cap tech,2002-06-01,22.016943,Yahoo Finance monthly adjusted close
QQQ,Nasdaq 100 ETF,Growth / large-cap tech,2002-07-01,20.118929,Yahoo Finance monthly adjusted close
QQQ,Nasdaq 100 ETF,Growth / large-cap tech,2002-08-01,19.815250,Yahoo Finance monthly adjusted close
QQQ,Nasdaq 100 ETF,Growth / large-cap tech,2002-09-01,17.478577,Yahoo Finance monthly adjusted close
QQQ,Nasdaq 100 ETF,Growth / large-cap tech,2002-10-01,20.709429,Yahoo Finance monthly adjusted close
QQQ,Nasdaq 100 ETF,Growth / large-cap tech,2002-11-01,23.383511,Yahoo Finance monthly adjusted close
QQQ,Nasdaq 100 ETF,Growth / large-cap tech,2002-12-01,20.557583,Yahoo Finance monthly adjusted close
QQQ,Nasdaq 100 ETF,Growth / large-cap tech,2003-01-01,20.616631,Yahoo Finance monthly adjusted close
QQQ,Nasdaq 100 ETF,Growth / large-cap tech,2003-02-01,21.223993,Yahoo Finance monthly adjusted close
QQQ,Nasdaq 100 ETF,Growth / large-cap tech,2003-03-01,21.299913,Yahoo Finance monthly adjusted close
QQQ,Nasdaq 100 ETF,Growth / large-cap tech,2003-04-01,23.155754,Yahoo Finance monthly adjusted close
QQQ,Nasdaq 100 ETF,Growth / large-cap tech,2003-05-01,25.129686,Yahoo Finance monthly adjusted close
QQQ,Nasdaq 100 ETF,Growth / large-cap tech,2003-06-01,25.264656,Yahoo Finance monthly adjusted close
QQQ,Nasdaq 100 ETF,Growth / large-cap tech,2003-07-01,26.825239,Yahoo Finance monthly adjusted close
QQQ,Nasdaq 100 ETF,Growth / large-cap tech,2003-08-01,28.166510,Yahoo Finance monthly adjusted close
QQQ,Nasdaq 100 ETF,Growth / large-cap tech,2003-09-01,27.348248,Yahoo Finance monthly adjusted close
QQQ,Nasdaq 100 ETF,Growth / large-cap tech,2003-10-01,29.676481,Yahoo Finance monthly adjusted close
QQQ,Nasdaq 100 ETF,Growth / large-cap tech,2003-11-01,29.845196,Yahoo Finance monthly adjusted close
QQQ,Nasdaq 100 ETF,Growth / large-cap tech,2003-12-01,30.756235,Yahoo Finance monthly adjusted close
QQQ,Nasdaq 100 ETF,Growth / large-cap tech,2004-01-01,31.283031,Yahoo Finance monthly adjusted close
QQQ,Nasdaq 100 ETF,Growth / large-cap tech,2004-02-01,30.861086,Yahoo Finance monthly adjusted close
QQQ,Nasdaq 100 ETF,Growth / large-cap tech,2004-03-01,30.245049,Yahoo Finance monthly adjusted close
QQQ,Nasdaq 100 ETF,Growth / large-cap tech,2004-04-01,29.342083,Yahoo Finance monthly adjusted close
QQQ,Nasdaq 100 ETF,Growth / large-cap tech,2004-05-01,30.844212,Yahoo Finance monthly adjusted close
QQQ,Nasdaq 100 ETF,Growth / large-cap tech,2004-06-01,31.848444,Yahoo Finance monthly adjusted close
QQQ,Nasdaq 100 ETF,Growth / large-cap tech,2004-07-01,29.443348,Yahoo Finance monthly adjusted close
QQQ,Nasdaq 100 ETF,Growth / large-cap tech,2004-08-01,28.709158,Yahoo Finance monthly adjusted close
QQQ,Nasdaq 100 ETF,Growth / large-cap tech,2004-09-01,29.654312,Yahoo Finance monthly adjusted close
QQQ,Nasdaq 100 ETF,Growth / large-cap tech,2004-10-01,31.139565,Yahoo Finance monthly adjusted close
QQQ,Nasdaq 100 ETF,Growth / large-cap tech,2004-11-01,33.012997,Yahoo Finance monthly adjusted close
QQQ,Nasdaq 100 ETF,Growth / large-cap tech,2004-12-01,33.688126,Yahoo Finance monthly adjusted close
QQQ,Nasdaq 100 ETF,Growth / large-cap tech,2005-01-01,31.863808,Yahoo Finance monthly adjusted close
QQQ,Nasdaq 100 ETF,Growth / large-cap tech,2005-02-01,31.710459,Yahoo Finance monthly adjusted close
QQQ,Nasdaq 100 ETF,Growth / large-cap tech,2005-03-01,31.156668,Yahoo Finance monthly adjusted close
QQQ,Nasdaq 100 ETF,Growth / large-cap tech,2005-04-01,29.802025,Yahoo Finance monthly adjusted close
QQQ,Nasdaq 100 ETF,Growth / large-cap tech,2005-05-01,32.443138,Yahoo Finance monthly adjusted close
QQQ,Nasdaq 100 ETF,Growth / large-cap tech,2005-06-01,31.335569,Yahoo Finance monthly adjusted close
QQQ,Nasdaq 100 ETF,Growth / large-cap tech,2005-07-01,33.752258,Yahoo Finance monthly adjusted close
QQQ,Nasdaq 100 ETF,Growth / large-cap tech,2005-08-01,33.240612,Yahoo Finance monthly adjusted close
QQQ,Nasdaq 100 ETF,Growth / large-cap tech,2005-09-01,33.649921,Yahoo Finance monthly adjusted close
QQQ,Nasdaq 100 ETF,Growth / large-cap tech,2005-10-01,33.146812,Yahoo Finance monthly adjusted close
QQQ,Nasdaq 100 ETF,Growth / large-cap tech,2005-11-01,35.167862,Yahoo Finance monthly adjusted close
QQQ,Nasdaq 100 ETF,Growth / large-cap tech,2005-12-01,34.460056,Yahoo Finance monthly adjusted close
QQQ,Nasdaq 100 ETF,Growth / large-cap tech,2006-01-01,35.902348,Yahoo Finance monthly adjusted close
QQQ,Nasdaq 100 ETF,Growth / large-cap tech,2006-02-01,35.133007,Yahoo Finance monthly adjusted close
QQQ,Nasdaq 100 ETF,Growth / large-cap tech,2006-03-01,35.842518,Yahoo Finance monthly adjusted close
QQQ,Nasdaq 100 ETF,Growth / large-cap tech,2006-04-01,35.799225,Yahoo Finance monthly adjusted close
QQQ,Nasdaq 100 ETF,Growth / large-cap tech,2006-05-01,33.207314,Yahoo Finance monthly adjusted close
QQQ,Nasdaq 100 ETF,Growth / large-cap tech,2006-06-01,33.164532,Yahoo Finance monthly adjusted close
QQQ,Nasdaq 100 ETF,Growth / large-cap tech,2006-07-01,31.757359,Yahoo Finance monthly adjusted close
QQQ,Nasdaq 100 ETF,Growth / large-cap tech,2006-08-01,33.272465,Yahoo Finance monthly adjusted close
QQQ,Nasdaq 100 ETF,Growth / large-cap tech,2006-09-01,34.796139,Yahoo Finance monthly adjusted close
QQQ,Nasdaq 100 ETF,Growth / large-cap tech,2006-10-01,36.469173,Yahoo Finance monthly adjusted close
QQQ,Nasdaq 100 ETF,Growth / large-cap tech,2006-11-01,37.719666,Yahoo Finance monthly adjusted close
QQQ,Nasdaq 100 ETF,Growth / large-cap tech,2006-12-01,36.965942,Yahoo Finance monthly adjusted close
QQQ,Nasdaq 100 ETF,Growth / large-cap tech,2007-01-01,37.791355,Yahoo Finance monthly adjusted close
QQQ,Nasdaq 100 ETF,Growth / large-cap tech,2007-02-01,37.156765,Yahoo Finance monthly adjusted close
QQQ,Nasdaq 100 ETF,Growth / large-cap tech,2007-03-01,37.328270,Yahoo Finance monthly adjusted close
QQQ,Nasdaq 100 ETF,Growth / large-cap tech,2007-04-01,39.436890,Yahoo Finance monthly adjusted close
QQQ,Nasdaq 100 ETF,Growth / large-cap tech,2007-05-01,40.681084,Yahoo Finance monthly adjusted close
QQQ,Nasdaq 100 ETF,Growth / large-cap tech,2007-06-01,40.844116,Yahoo Finance monthly adjusted close
QQQ,Nasdaq 100 ETF,Growth / large-cap tech,2007-07-01,40.815941,Yahoo Finance monthly adjusted close
QQQ,Nasdaq 100 ETF,Growth / large-cap tech,2007-08-01,41.966656,Yahoo Finance monthly adjusted close
QQQ,Nasdaq 100 ETF,Growth / large-cap tech,2007-09-01,44.147850,Yahoo Finance monthly adjusted close
QQQ,Nasdaq 100 ETF,Growth / large-cap tech,2007-10-01,47.281075,Yahoo Finance monthly adjusted close
QQQ,Nasdaq 100 ETF,Growth / large-cap tech,2007-11-01,44.084911,Yahoo Finance monthly adjusted close
QQQ,Nasdaq 100 ETF,Growth / large-cap tech,2007-12-01,44.007565,Yahoo Finance monthly adjusted close
QQQ,Nasdaq 100 ETF,Growth / large-cap tech,2008-01-01,38.815529,Yahoo Finance monthly adjusted close
QQQ,Nasdaq 100 ETF,Growth / large-cap tech,2008-02-01,36.940544,Yahoo Finance monthly adjusted close
QQQ,Nasdaq 100 ETF,Growth / large-cap tech,2008-03-01,37.602821,Yahoo Finance monthly adjusted close
QQQ,Nasdaq 100 ETF,Growth / large-cap tech,2008-04-01,40.636230,Yahoo Finance monthly adjusted close
QQQ,Nasdaq 100 ETF,Growth / large-cap tech,2008-05-01,43.046345,Yahoo Finance monthly adjusted close
QQQ,Nasdaq 100 ETF,Growth / large-cap tech,2008-06-01,38.880295,Yahoo Finance monthly adjusted close
QQQ,Nasdaq 100 ETF,Growth / large-cap tech,2008-07-01,39.157223,Yahoo Finance monthly adjusted close
QQQ,Nasdaq 100 ETF,Growth / large-cap tech,2008-08-01,39.725708,Yahoo Finance monthly adjusted close
QQQ,Nasdaq 100 ETF,Growth / large-cap tech,2008-09-01,33.515347,Yahoo Finance monthly adjusted close
QQQ,Nasdaq 100 ETF,Growth / large-cap tech,2008-10-01,28.349070,Yahoo Finance monthly adjusted close
QQQ,Nasdaq 100 ETF,Growth / large-cap tech,2008-11-01,25.099579,Yahoo Finance monthly adjusted close
QQQ,Nasdaq 100 ETF,Growth / large-cap tech,2008-12-01,25.633982,Yahoo Finance monthly adjusted close
QQQ,Nasdaq 100 ETF,Growth / large-cap tech,2009-01-01,25.084217,Yahoo Finance monthly adjusted close
QQQ,Nasdaq 100 ETF,Growth / large-cap tech,2009-02-01,23.763544,Yahoo Finance monthly adjusted close
QQQ,Nasdaq 100 ETF,Growth / large-cap tech,2009-03-01,26.171837,Yahoo Finance monthly adjusted close
QQQ,Nasdaq 100 ETF,Growth / large-cap tech,2009-04-01,29.638996,Yahoo Finance monthly adjusted close
QQQ,Nasdaq 100 ETF,Growth / large-cap tech,2009-05-01,30.590080,Yahoo Finance monthly adjusted close
QQQ,Nasdaq 100 ETF,Growth / large-cap tech,2009-06-01,31.454695,Yahoo Finance monthly adjusted close
QQQ,Nasdaq 100 ETF,Growth / large-cap tech,2009-07-01,34.151005,Yahoo Finance monthly adjusted close
QQQ,Nasdaq 100 ETF,Growth / large-cap tech,2009-08-01,34.653091,Yahoo Finance monthly adjusted close
QQQ,Nasdaq 100 ETF,Growth / large-cap tech,2009-09-01,36.574902,Yahoo Finance monthly adjusted close
QQQ,Nasdaq 100 ETF,Growth / large-cap tech,2009-10-01,35.492481,Yahoo Finance monthly adjusted close
QQQ,Nasdaq 100 ETF,Growth / large-cap tech,2009-11-01,37.745434,Yahoo Finance monthly adjusted close
QQQ,Nasdaq 100 ETF,Growth / large-cap tech,2009-12-01,39.643093,Yahoo Finance monthly adjusted close
QQQ,Nasdaq 100 ETF,Growth / large-cap tech,2010-01-01,37.140099,Yahoo Finance monthly adjusted close
QQQ,Nasdaq 100 ETF,Growth / large-cap tech,2010-02-01,38.849972,Yahoo Finance monthly adjusted close
QQQ,Nasdaq 100 ETF,Growth / large-cap tech,2010-03-01,41.801037,Yahoo Finance monthly adjusted close
QQQ,Nasdaq 100 ETF,Growth / large-cap tech,2010-04-01,42.784069,Yahoo Finance monthly adjusted close
QQQ,Nasdaq 100 ETF,Growth / large-cap tech,2010-05-01,39.621315,Yahoo Finance monthly adjusted close
QQQ,Nasdaq 100 ETF,Growth / large-cap tech,2010-06-01,37.110226,Yahoo Finance monthly adjusted close
QQQ,Nasdaq 100 ETF,Growth / large-cap tech,2010-07-01,39.957634,Yahoo Finance monthly adjusted close
QQQ,Nasdaq 100 ETF,Growth / large-cap tech,2010-08-01,37.907848,Yahoo Finance monthly adjusted close
QQQ,Nasdaq 100 ETF,Growth / large-cap tech,2010-09-01,42.801159,Yahoo Finance monthly adjusted close
QQQ,Nasdaq 100 ETF,Growth / large-cap tech,2010-10-01,45.620430,Yahoo Finance monthly adjusted close
QQQ,Nasdaq 100 ETF,Growth / large-cap tech,2010-11-01,45.541733,Yahoo Finance monthly adjusted close
QQQ,Nasdaq 100 ETF,Growth / large-cap tech,2010-12-01,47.613796,Yahoo Finance monthly adjusted close
QQQ,Nasdaq 100 ETF,Growth / large-cap tech,2011-01-01,49.057274,Yahoo Finance monthly adjusted close
QQQ,Nasdaq 100 ETF,Growth / large-cap tech,2011-02-01,50.607849,Yahoo Finance monthly adjusted close
QQQ,Nasdaq 100 ETF,Growth / large-cap tech,2011-03-01,50.309998,Yahoo Finance monthly adjusted close
QQQ,Nasdaq 100 ETF,Growth / large-cap tech,2011-04-01,51.828449,Yahoo Finance monthly adjusted close
QQQ,Nasdaq 100 ETF,Growth / large-cap tech,2011-05-01,51.196838,Yahoo Finance monthly adjusted close
QQQ,Nasdaq 100 ETF,Growth / large-cap tech,2011-06-01,50.047626,Yahoo Finance monthly adjusted close
QQQ,Nasdaq 100 ETF,Growth / large-cap tech,2011-07-01,50.995121,Yahoo Finance monthly adjusted close
QQQ,Nasdaq 100 ETF,Growth / large-cap tech,2011-08-01,48.410194,Yahoo Finance monthly adjusted close
QQQ,Nasdaq 100 ETF,Growth / large-cap tech,2011-09-01,46.150593,Yahoo Finance monthly adjusted close
QQQ,Nasdaq 100 ETF,Growth / large-cap tech,2011-10-01,51.045647,Yahoo Finance monthly adjusted close
QQQ,Nasdaq 100 ETF,Growth / large-cap tech,2011-11-01,49.671513,Yahoo Finance monthly adjusted close
QQQ,Nasdaq 100 ETF,Growth / large-cap tech,2011-12-01,49.178242,Yahoo Finance monthly adjusted close
QQQ,Nasdaq 100 ETF,Growth / large-cap tech,2012-01-01,53.522312,Yahoo Finance monthly adjusted close
QQQ,Nasdaq 100 ETF,Growth / large-cap tech,2012-02-01,56.953110,Yahoo Finance monthly adjusted close
QQQ,Nasdaq 100 ETF,Growth / large-cap tech,2012-03-01,59.729572,Yahoo Finance monthly adjusted close
QQQ,Nasdaq 100 ETF,Growth / large-cap tech,2012-04-01,59.131241,Yahoo Finance monthly adjusted close
QQQ,Nasdaq 100 ETF,Growth / large-cap tech,2012-05-01,54.968327,Yahoo Finance monthly adjusted close
QQQ,Nasdaq 100 ETF,Growth / large-cap tech,2012-06-01,56.828365,Yahoo Finance monthly adjusted close
QQQ,Nasdaq 100 ETF,Growth / large-cap tech,2012-07-01,57.527157,Yahoo Finance monthly adjusted close
QQQ,Nasdaq 100 ETF,Growth / large-cap tech,2012-08-01,60.510025,Yahoo Finance monthly adjusted close
QQQ,Nasdaq 100 ETF,Growth / large-cap tech,2012-09-01,60.874039,Yahoo Finance monthly adjusted close
QQQ,Nasdaq 100 ETF,Growth / large-cap tech,2012-10-01,57.824741,Yahoo Finance monthly adjusted close
QQQ,Nasdaq 100 ETF,Growth / large-cap tech,2012-11-01,58.581532,Yahoo Finance monthly adjusted close
QQQ,Nasdaq 100 ETF,Growth / large-cap tech,2012-12-01,57.984993,Yahoo Finance monthly adjusted close
QQQ,Nasdaq 100 ETF,Growth / large-cap tech,2013-01-01,59.865715,Yahoo Finance monthly adjusted close
QQQ,Nasdaq 100 ETF,Growth / large-cap tech,2013-02-01,60.071621,Yahoo Finance monthly adjusted close
QQQ,Nasdaq 100 ETF,Growth / large-cap tech,2013-03-01,61.745731,Yahoo Finance monthly adjusted close
QQQ,Nasdaq 100 ETF,Growth / large-cap tech,2013-04-01,63.458942,Yahoo Finance monthly adjusted close
QQQ,Nasdaq 100 ETF,Growth / large-cap tech,2013-05-01,65.729225,Yahoo Finance monthly adjusted close
QQQ,Nasdaq 100 ETF,Growth / large-cap tech,2013-06-01,63.952465,Yahoo Finance monthly adjusted close
QQQ,Nasdaq 100 ETF,Growth / large-cap tech,2013-07-01,68.205551,Yahoo Finance monthly adjusted close
QQQ,Nasdaq 100 ETF,Growth / large-cap tech,2013-08-01,67.935486,Yahoo Finance monthly adjusted close
QQQ,Nasdaq 100 ETF,Growth / large-cap tech,2013-09-01,71.005043,Yahoo Finance monthly adjusted close
QQQ,Nasdaq 100 ETF,Growth / large-cap tech,2013-10-01,74.748474,Yahoo Finance monthly adjusted close
QQQ,Nasdaq 100 ETF,Growth / large-cap tech,2013-11-01,77.402931,Yahoo Finance monthly adjusted close
QQQ,Nasdaq 100 ETF,Growth / large-cap tech,2013-12-01,79.416336,Yahoo Finance monthly adjusted close
QQQ,Nasdaq 100 ETF,Growth / large-cap tech,2014-01-01,78.137894,Yahoo Finance monthly adjusted close
QQQ,Nasdaq 100 ETF,Growth / large-cap tech,2014-02-01,81.824249,Yahoo Finance monthly adjusted close
QQQ,Nasdaq 100 ETF,Growth / large-cap tech,2014-03-01,79.735535,Yahoo Finance monthly adjusted close
QQQ,Nasdaq 100 ETF,Growth / large-cap tech,2014-04-01,79.662636,Yahoo Finance monthly adjusted close
QQQ,Nasdaq 100 ETF,Growth / large-cap tech,2014-05-01,83.236015,Yahoo Finance monthly adjusted close
QQQ,Nasdaq 100 ETF,Growth / large-cap tech,2014-06-01,85.606087,Yahoo Finance monthly adjusted close
QQQ,Nasdaq 100 ETF,Growth / large-cap tech,2014-07-01,86.850723,Yahoo Finance monthly adjusted close
QQQ,Nasdaq 100 ETF,Growth / large-cap tech,2014-08-01,91.201469,Yahoo Finance monthly adjusted close
QQQ,Nasdaq 100 ETF,Growth / large-cap tech,2014-09-01,90.296616,Yahoo Finance monthly adjusted close
QQQ,Nasdaq 100 ETF,Growth / large-cap tech,2014-10-01,92.902687,Yahoo Finance monthly adjusted close
QQQ,Nasdaq 100 ETF,Growth / large-cap tech,2014-11-01,97.126389,Yahoo Finance monthly adjusted close
QQQ,Nasdaq 100 ETF,Growth / large-cap tech,2014-12-01,94.597656,Yahoo Finance monthly adjusted close
QQQ,Nasdaq 100 ETF,Growth / large-cap tech,2015-01-01,92.972984,Yahoo Finance monthly adjusted close
QQQ,Nasdaq 100 ETF,Growth / large-cap tech,2015-02-01,99.686157,Yahoo Finance monthly adjusted close
QQQ,Nasdaq 100 ETF,Growth / large-cap tech,2015-03-01,97.111229,Yahoo Finance monthly adjusted close
QQQ,Nasdaq 100 ETF,Growth / large-cap tech,2015-04-01,99.205704,Yahoo Finance monthly adjusted close
QQQ,Nasdaq 100 ETF,Growth / large-cap tech,2015-05-01,101.436287,Yahoo Finance monthly adjusted close
QQQ,Nasdaq 100 ETF,Growth / large-cap tech,2015-06-01,98.689537,Yahoo Finance monthly adjusted close
QQQ,Nasdaq 100 ETF,Growth / large-cap tech,2015-07-01,103.424896,Yahoo Finance monthly adjusted close
QQQ,Nasdaq 100 ETF,Growth / large-cap tech,2015-08-01,96.366699,Yahoo Finance monthly adjusted close
QQQ,Nasdaq 100 ETF,Growth / large-cap tech,2015-09-01,94.010857,Yahoo Finance monthly adjusted close
QQQ,Nasdaq 100 ETF,Growth / large-cap tech,2015-10-01,104.954514,Yahoo Finance monthly adjusted close
QQQ,Nasdaq 100 ETF,Growth / large-cap tech,2015-11-01,105.593529,Yahoo Finance monthly adjusted close
QQQ,Nasdaq 100 ETF,Growth / large-cap tech,2015-12-01,103.593178,Yahoo Finance monthly adjusted close
QQQ,Nasdaq 100 ETF,Growth / large-cap tech,2016-01-01,96.728951,Yahoo Finance monthly adjusted close
QQQ,Nasdaq 100 ETF,Growth / large-cap tech,2016-02-01,95.214813,Yahoo Finance monthly adjusted close
QQQ,Nasdaq 100 ETF,Growth / large-cap tech,2016-03-01,101.438599,Yahoo Finance monthly adjusted close
QQQ,Nasdaq 100 ETF,Growth / large-cap tech,2016-04-01,98.497276,Yahoo Finance monthly adjusted close
QQQ,Nasdaq 100 ETF,Growth / large-cap tech,2016-05-01,102.801659,Yahoo Finance monthly adjusted close
QQQ,Nasdaq 100 ETF,Growth / large-cap tech,2016-06-01,100.192924,Yahoo Finance monthly adjusted close
QQQ,Nasdaq 100 ETF,Growth / large-cap tech,2016-07-01,107.643486,Yahoo Finance monthly adjusted close
QQQ,Nasdaq 100 ETF,Growth / large-cap tech,2016-08-01,108.773842,Yahoo Finance monthly adjusted close
QQQ,Nasdaq 100 ETF,Growth / large-cap tech,2016-09-01,110.903702,Yahoo Finance monthly adjusted close
QQQ,Nasdaq 100 ETF,Growth / large-cap tech,2016-10-01,109.561417,Yahoo Finance monthly adjusted close
QQQ,Nasdaq 100 ETF,Growth / large-cap tech,2016-11-01,110.039040,Yahoo Finance monthly adjusted close
QQQ,Nasdaq 100 ETF,Growth / large-cap tech,2016-12-01,110.956810,Yahoo Finance monthly adjusted close
QQQ,Nasdaq 100 ETF,Growth / large-cap tech,2017-01-01,117.005089,Yahoo Finance monthly adjusted close
QQQ,Nasdaq 100 ETF,Growth / large-cap tech,2017-02-01,122.124168,Yahoo Finance monthly adjusted close
QQQ,Nasdaq 100 ETF,Growth / large-cap tech,2017-03-01,124.340813,Yahoo Finance monthly adjusted close
QQQ,Nasdaq 100 ETF,Growth / large-cap tech,2017-04-01,127.997322,Yahoo Finance monthly adjusted close
QQQ,Nasdaq 100 ETF,Growth / large-cap tech,2017-05-01,132.985764,Yahoo Finance monthly adjusted close
QQQ,Nasdaq 100 ETF,Growth / large-cap tech,2017-06-01,129.550308,Yahoo Finance monthly adjusted close
QQQ,Nasdaq 100 ETF,Growth / large-cap tech,2017-07-01,135.179016,Yahoo Finance monthly adjusted close
QQQ,Nasdaq 100 ETF,Growth / large-cap tech,2017-08-01,137.982071,Yahoo Finance monthly adjusted close
QQQ,Nasdaq 100 ETF,Growth / large-cap tech,2017-09-01,137.274185,Yahoo Finance monthly adjusted close
QQQ,Nasdaq 100 ETF,Growth / large-cap tech,2017-10-01,143.911926,Yahoo Finance monthly adjusted close
QQQ,Nasdaq 100 ETF,Growth / large-cap tech,2017-11-01,146.749466,Yahoo Finance monthly adjusted close
QQQ,Nasdaq 100 ETF,Growth / large-cap tech,2017-12-01,147.326508,Yahoo Finance monthly adjusted close
QQQ,Nasdaq 100 ETF,Growth / large-cap tech,2018-01-01,160.563019,Yahoo Finance monthly adjusted close
QQQ,Nasdaq 100 ETF,Growth / large-cap tech,2018-02-01,158.487274,Yahoo Finance monthly adjusted close
QQQ,Nasdaq 100 ETF,Growth / large-cap tech,2018-03-01,151.776581,Yahoo Finance monthly adjusted close
QQQ,Nasdaq 100 ETF,Growth / large-cap tech,2018-04-01,152.791855,Yahoo Finance monthly adjusted close
QQQ,Nasdaq 100 ETF,Growth / large-cap tech,2018-05-01,161.459564,Yahoo Finance monthly adjusted close
QQQ,Nasdaq 100 ETF,Growth / large-cap tech,2018-06-01,162.959595,Yahoo Finance monthly adjusted close
QQQ,Nasdaq 100 ETF,Growth / large-cap tech,2018-07-01,167.875122,Yahoo Finance monthly adjusted close
QQQ,Nasdaq 100 ETF,Growth / large-cap tech,2018-08-01,177.579453,Yahoo Finance monthly adjusted close
QQQ,Nasdaq 100 ETF,Growth / large-cap tech,2018-09-01,176.761200,Yahoo Finance monthly adjusted close
QQQ,Nasdaq 100 ETF,Growth / large-cap tech,2018-10-01,161.858093,Yahoo Finance monthly adjusted close
QQQ,Nasdaq 100 ETF,Growth / large-cap tech,2018-11-01,161.429153,Yahoo Finance monthly adjusted close
QQQ,Nasdaq 100 ETF,Growth / large-cap tech,2018-12-01,147.027588,Yahoo Finance monthly adjusted close
QQQ,Nasdaq 100 ETF,Growth / large-cap tech,2019-01-01,160.734436,Yahoo Finance monthly adjusted close
QQQ,Nasdaq 100 ETF,Growth / large-cap tech,2019-02-01,165.542358,Yahoo Finance monthly adjusted close
QQQ,Nasdaq 100 ETF,Growth / large-cap tech,2019-03-01,171.726654,Yahoo Finance monthly adjusted close
QQQ,Nasdaq 100 ETF,Growth / large-cap tech,2019-04-01,181.500092,Yahoo Finance monthly adjusted close
QQQ,Nasdaq 100 ETF,Growth / large-cap tech,2019-05-01,166.571365,Yahoo Finance monthly adjusted close
QQQ,Nasdaq 100 ETF,Growth / large-cap tech,2019-06-01,178.818863,Yahoo Finance monthly adjusted close
QQQ,Nasdaq 100 ETF,Growth / large-cap tech,2019-07-01,183.398499,Yahoo Finance monthly adjusted close
QQQ,Nasdaq 100 ETF,Growth / large-cap tech,2019-08-01,179.914810,Yahoo Finance monthly adjusted close
QQQ,Nasdaq 100 ETF,Growth / large-cap tech,2019-09-01,181.200760,Yahoo Finance monthly adjusted close
QQQ,Nasdaq 100 ETF,Growth / large-cap tech,2019-10-01,189.518906,Yahoo Finance monthly adjusted close
QQQ,Nasdaq 100 ETF,Growth / large-cap tech,2019-11-01,197.231201,Yahoo Finance monthly adjusted close
QQQ,Nasdaq 100 ETF,Growth / large-cap tech,2019-12-01,204.453125,Yahoo Finance monthly adjusted close
QQQ,Nasdaq 100 ETF,Growth / large-cap tech,2020-01-01,211.121933,Yahoo Finance monthly adjusted close
QQQ,Nasdaq 100 ETF,Growth / large-cap tech,2020-02-01,198.333420,Yahoo Finance monthly adjusted close
QQQ,Nasdaq 100 ETF,Growth / large-cap tech,2020-03-01,183.492126,Yahoo Finance monthly adjusted close
QQQ,Nasdaq 100 ETF,Growth / large-cap tech,2020-04-01,211.417374,Yahoo Finance monthly adjusted close
QQQ,Nasdaq 100 ETF,Growth / large-cap tech,2020-05-01,225.372787,Yahoo Finance monthly adjusted close
QQQ,Nasdaq 100 ETF,Growth / large-cap tech,2020-06-01,239.125412,Yahoo Finance monthly adjusted close
QQQ,Nasdaq 100 ETF,Growth / large-cap tech,2020-07-01,257.139252,Yahoo Finance monthly adjusted close
QQQ,Nasdaq 100 ETF,Growth / large-cap tech,2020-08-01,285.282410,Yahoo Finance monthly adjusted close
QQQ,Nasdaq 100 ETF,Growth / large-cap tech,2020-09-01,268.796997,Yahoo Finance monthly adjusted close
QQQ,Nasdaq 100 ETF,Growth / large-cap tech,2020-10-01,260.612305,Yahoo Finance monthly adjusted close
QQQ,Nasdaq 100 ETF,Growth / large-cap tech,2020-11-01,289.868011,Yahoo Finance monthly adjusted close
QQQ,Nasdaq 100 ETF,Growth / large-cap tech,2020-12-01,303.528534,Yahoo Finance monthly adjusted close
QQQ,Nasdaq 100 ETF,Growth / large-cap tech,2021-01-01,304.873444,Yahoo Finance monthly adjusted close
QQQ,Nasdaq 100 ETF,Growth / large-cap tech,2021-02-01,304.466400,Yahoo Finance monthly adjusted close
QQQ,Nasdaq 100 ETF,Growth / large-cap tech,2021-03-01,309.302704,Yahoo Finance monthly adjusted close
QQQ,Nasdaq 100 ETF,Growth / large-cap tech,2021-04-01,327.995667,Yahoo Finance monthly adjusted close
QQQ,Nasdaq 100 ETF,Growth / large-cap tech,2021-05-01,324.055756,Yahoo Finance monthly adjusted close
QQQ,Nasdaq 100 ETF,Growth / large-cap tech,2021-06-01,343.949554,Yahoo Finance monthly adjusted close
QQQ,Nasdaq 100 ETF,Growth / large-cap tech,2021-07-01,354.200073,Yahoo Finance monthly adjusted close
QQQ,Nasdaq 100 ETF,Growth / large-cap tech,2021-08-01,369.142548,Yahoo Finance monthly adjusted close
QQQ,Nasdaq 100 ETF,Growth / large-cap tech,2021-09-01,347.778168,Yahoo Finance monthly adjusted close
QQQ,Nasdaq 100 ETF,Growth / large-cap tech,2021-10-01,375.543304,Yahoo Finance monthly adjusted close
QQQ,Nasdaq 100 ETF,Growth / large-cap tech,2021-11-01,383.042297,Yahoo Finance monthly adjusted close
QQQ,Nasdaq 100 ETF,Growth / large-cap tech,2021-12-01,386.962097,Yahoo Finance monthly adjusted close
QQQ,Nasdaq 100 ETF,Growth / large-cap tech,2022-01-01,353.565460,Yahoo Finance monthly adjusted close
QQQ,Nasdaq 100 ETF,Growth / large-cap tech,2022-02-01,337.739929,Yahoo Finance monthly adjusted close
QQQ,Nasdaq 100 ETF,Growth / large-cap tech,2022-03-01,353.068726,Yahoo Finance monthly adjusted close
QQQ,Nasdaq 100 ETF,Growth / large-cap tech,2022-04-01,305.443573,Yahoo Finance monthly adjusted close
QQQ,Nasdaq 100 ETF,Growth / large-cap tech,2022-05-01,300.597443,Yahoo Finance monthly adjusted close
QQQ,Nasdaq 100 ETF,Growth / large-cap tech,2022-06-01,273.295166,Yahoo Finance monthly adjusted close
QQQ,Nasdaq 100 ETF,Growth / large-cap tech,2022-07-01,308.189758,Yahoo Finance monthly adjusted close
QQQ,Nasdaq 100 ETF,Growth / large-cap tech,2022-08-01,292.372925,Yahoo Finance monthly adjusted close
QQQ,Nasdaq 100 ETF,Growth / large-cap tech,2022-09-01,261.100677,Yahoo Finance monthly adjusted close
QQQ,Nasdaq 100 ETF,Growth / large-cap tech,2022-10-01,272.032227,Yahoo Finance monthly adjusted close
QQQ,Nasdaq 100 ETF,Growth / large-cap tech,2022-11-01,287.114136,Yahoo Finance monthly adjusted close
QQQ,Nasdaq 100 ETF,Growth / large-cap tech,2022-12-01,260.610687,Yahoo Finance monthly adjusted close
QQQ,Nasdaq 100 ETF,Growth / large-cap tech,2023-01-01,289.037659,Yahoo Finance monthly adjusted close
QQQ,Nasdaq 100 ETF,Growth / large-cap tech,2023-02-01,287.997711,Yahoo Finance monthly adjusted close
QQQ,Nasdaq 100 ETF,Growth / large-cap tech,2023-03-01,314.849121,Yahoo Finance monthly adjusted close
QQQ,Nasdaq 100 ETF,Growth / large-cap tech,2023-04-01,316.938141,Yahoo Finance monthly adjusted close
QQQ,Nasdaq 100 ETF,Growth / large-cap tech,2023-05-01,341.924957,Yahoo Finance monthly adjusted close
QQQ,Nasdaq 100 ETF,Growth / large-cap tech,2023-06-01,362.981476,Yahoo Finance monthly adjusted close
QQQ,Nasdaq 100 ETF,Growth / large-cap tech,2023-07-01,377.509979,Yahoo Finance monthly adjusted close
QQQ,Nasdaq 100 ETF,Growth / large-cap tech,2023-08-01,371.911530,Yahoo Finance monthly adjusted close
QQQ,Nasdaq 100 ETF,Growth / large-cap tech,2023-09-01,352.508575,Yahoo Finance monthly adjusted close
QQQ,Nasdaq 100 ETF,Growth / large-cap tech,2023-10-01,345.727386,Yahoo Finance monthly adjusted close
QQQ,Nasdaq 100 ETF,Growth / large-cap tech,2023-11-01,383.131012,Yahoo Finance monthly adjusted close
QQQ,Nasdaq 100 ETF,Growth / large-cap tech,2023-12-01,403.517700,Yahoo Finance monthly adjusted close
QQQ,Nasdaq 100 ETF,Growth / large-cap tech,2024-01-01,411.895752,Yahoo Finance monthly adjusted close
QQQ,Nasdaq 100 ETF,Growth / large-cap tech,2024-02-01,433.657654,Yahoo Finance monthly adjusted close
QQQ,Nasdaq 100 ETF,Growth / large-cap tech,2024-03-01,438.606750,Yahoo Finance monthly adjusted close
QQQ,Nasdaq 100 ETF,Growth / large-cap tech,2024-04-01,419.977661,Yahoo Finance monthly adjusted close
QQQ,Nasdaq 100 ETF,Growth / large-cap tech,2024-05-01,445.813873,Yahoo Finance monthly adjusted close
QQQ,Nasdaq 100 ETF,Growth / large-cap tech,2024-06-01,473.905365,Yahoo Finance monthly adjusted close
QQQ,Nasdaq 100 ETF,Growth / large-cap tech,2024-07-01,466.693329,Yahoo Finance monthly adjusted close
QQQ,Nasdaq 100 ETF,Growth / large-cap tech,2024-08-01,471.845032,Yahoo Finance monthly adjusted close
QQQ,Nasdaq 100 ETF,Growth / large-cap tech,2024-09-01,483.535370,Yahoo Finance monthly adjusted close
QQQ,Nasdaq 100 ETF,Growth / large-cap tech,2024-10-01,480.028198,Yahoo Finance monthly adjusted close
QQQ,Nasdaq 100 ETF,Growth / large-cap tech,2024-11-01,505.713654,Yahoo Finance monthly adjusted close
QQQ,Nasdaq 100 ETF,Growth / large-cap tech,2024-12-01,507.191895,Yahoo Finance monthly adjusted close
QQQ,Nasdaq 100 ETF,Growth / large-cap tech,2025-01-01,519.000061,Yahoo Finance monthly adjusted close
QQQ,Nasdaq 100 ETF,Growth / large-cap tech,2025-02-01,504.969055,Yahoo Finance monthly adjusted close
QQQ,Nasdaq 100 ETF,Growth / large-cap tech,2025-03-01,465.966278,Yahoo Finance monthly adjusted close
QQQ,Nasdaq 100 ETF,Growth / large-cap tech,2025-04-01,473.179565,Yahoo Finance monthly adjusted close
QQQ,Nasdaq 100 ETF,Growth / large-cap tech,2025-05-01,516.609314,Yahoo Finance monthly adjusted close
QQQ,Nasdaq 100 ETF,Growth / large-cap tech,2025-06-01,548.982666,Yahoo Finance monthly adjusted close
QQQ,Nasdaq 100 ETF,Growth / large-cap tech,2025-07-01,562.919800,Yahoo Finance monthly adjusted close
QQQ,Nasdaq 100 ETF,Growth / large-cap tech,2025-08-01,568.289856,Yahoo Finance monthly adjusted close
QQQ,Nasdaq 100 ETF,Growth / large-cap tech,2025-09-01,598.148987,Yahoo Finance monthly adjusted close
QQQ,Nasdaq 100 ETF,Growth / large-cap tech,2025-10-01,627.469360,Yahoo Finance monthly adjusted close
QQQ,Nasdaq 100 ETF,Growth / large-cap tech,2025-11-01,617.674377,Yahoo Finance monthly adjusted close
QQQ,Nasdaq 100 ETF,Growth / large-cap tech,2025-12-01,612.746887,Yahoo Finance monthly adjusted close
QQQ,Nasdaq 100 ETF,Growth / large-cap tech,2026-01-01,621.086853,Yahoo Finance monthly adjusted close
QQQ,Nasdaq 100 ETF,Growth / large-cap tech,2026-02-01,606.525208,Yahoo Finance monthly adjusted close
QQQ,Nasdaq 100 ETF,Growth / large-cap tech,2026-03-01,576.453125,Yahoo Finance monthly adjusted close
QQQ,Nasdaq 100 ETF,Growth / large-cap tech,2026-04-01,667.739990,Yahoo Finance monthly adjusted close
QQQ,Nasdaq 100 ETF,Growth / large-cap tech,2026-05-01,717.539978,Yahoo Finance monthly adjusted close
QQQ,Nasdaq 100 ETF,Growth / large-cap tech,2026-05-01,717.539978,Yahoo Finance monthly adjusted close
IGV,Expanded Tech-Software ETF,Software,2001-07-01,9.487902,Yahoo Finance monthly adjusted close
IGV,Expanded Tech-Software ETF,Software,2001-08-01,7.563377,Yahoo Finance monthly adjusted close
IGV,Expanded Tech-Software ETF,Software,2001-09-01,5.773571,Yahoo Finance monthly adjusted close
IGV,Expanded Tech-Software ETF,Software,2001-10-01,7.128436,Yahoo Finance monthly adjusted close
IGV,Expanded Tech-Software ETF,Software,2001-11-01,8.287000,Yahoo Finance monthly adjusted close
IGV,Expanded Tech-Software ETF,Software,2001-12-01,8.758504,Yahoo Finance monthly adjusted close
IGV,Expanded Tech-Software ETF,Software,2002-01-01,8.843185,Yahoo Finance monthly adjusted close
IGV,Expanded Tech-Software ETF,Software,2002-02-01,7.451755,Yahoo Finance monthly adjusted close
IGV,Expanded Tech-Software ETF,Software,2002-03-01,7.936733,Yahoo Finance monthly adjusted close
IGV,Expanded Tech-Software ETF,Software,2002-04-01,6.337456,Yahoo Finance monthly adjusted close
IGV,Expanded Tech-Software ETF,Software,2002-05-01,5.802439,Yahoo Finance monthly adjusted close
IGV,Expanded Tech-Software ETF,Software,2002-06-01,5.282818,Yahoo Finance monthly adjusted close
IGV,Expanded Tech-Software ETF,Software,2002-07-01,4.522631,Yahoo Finance monthly adjusted close
IGV,Expanded Tech-Software ETF,Software,2002-08-01,4.466819,Yahoo Finance monthly adjusted close
IGV,Expanded Tech-Software ETF,Software,2002-09-01,3.974142,Yahoo Finance monthly adjusted close
IGV,Expanded Tech-Software ETF,Software,2002-10-01,4.761271,Yahoo Finance monthly adjusted close
IGV,Expanded Tech-Software ETF,Software,2002-11-01,5.598440,Yahoo Finance monthly adjusted close
IGV,Expanded Tech-Software ETF,Software,2002-12-01,4.844024,Yahoo Finance monthly adjusted close
IGV,Expanded Tech-Software ETF,Software,2003-01-01,5.003761,Yahoo Finance monthly adjusted close
IGV,Expanded Tech-Software ETF,Software,2003-02-01,4.895989,Yahoo Finance monthly adjusted close
IGV,Expanded Tech-Software ETF,Software,2003-03-01,4.726630,Yahoo Finance monthly adjusted close
IGV,Expanded Tech-Software ETF,Software,2003-04-01,5.302063,Yahoo Finance monthly adjusted close
IGV,Expanded Tech-Software ETF,Software,2003-05-01,5.962175,Yahoo Finance monthly adjusted close
IGV,Expanded Tech-Software ETF,Software,2003-06-01,5.985268,Yahoo Finance monthly adjusted close
IGV,Expanded Tech-Software ETF,Software,2003-07-01,6.071874,Yahoo Finance monthly adjusted close
IGV,Expanded Tech-Software ETF,Software,2003-08-01,6.610740,Yahoo Finance monthly adjusted close
IGV,Expanded Tech-Software ETF,Software,2003-09-01,6.477947,Yahoo Finance monthly adjusted close
IGV,Expanded Tech-Software ETF,Software,2003-10-01,7.022588,Yahoo Finance monthly adjusted close
IGV,Expanded Tech-Software ETF,Software,2003-11-01,6.987947,Yahoo Finance monthly adjusted close
IGV,Expanded Tech-Software ETF,Software,2003-12-01,7.267003,Yahoo Finance monthly adjusted close
IGV,Expanded Tech-Software ETF,Software,2004-01-01,7.459454,Yahoo Finance monthly adjusted close
IGV,Expanded Tech-Software ETF,Software,2004-02-01,7.322812,Yahoo Finance monthly adjusted close
IGV,Expanded Tech-Software ETF,Software,2004-03-01,7.286249,Yahoo Finance monthly adjusted close
IGV,Expanded Tech-Software ETF,Software,2004-04-01,6.995643,Yahoo Finance monthly adjusted close
IGV,Expanded Tech-Software ETF,Software,2004-05-01,7.130361,Yahoo Finance monthly adjusted close
IGV,Expanded Tech-Software ETF,Software,2004-06-01,7.328586,Yahoo Finance monthly adjusted close
IGV,Expanded Tech-Software ETF,Software,2004-07-01,6.514513,Yahoo Finance monthly adjusted close
IGV,Expanded Tech-Software ETF,Software,2004-08-01,6.273947,Yahoo Finance monthly adjusted close
IGV,Expanded Tech-Software ETF,Software,2004-09-01,6.670399,Yahoo Finance monthly adjusted close
IGV,Expanded Tech-Software ETF,Software,2004-10-01,7.320889,Yahoo Finance monthly adjusted close
IGV,Expanded Tech-Software ETF,Software,2004-11-01,7.794320,Yahoo Finance monthly adjusted close
IGV,Expanded Tech-Software ETF,Software,2004-12-01,8.208094,Yahoo Finance monthly adjusted close
IGV,Expanded Tech-Software ETF,Software,2005-01-01,7.696229,Yahoo Finance monthly adjusted close
IGV,Expanded Tech-Software ETF,Software,2005-02-01,7.607031,Yahoo Finance monthly adjusted close
IGV,Expanded Tech-Software ETF,Software,2005-03-01,7.401486,Yahoo Finance monthly adjusted close
IGV,Expanded Tech-Software ETF,Software,2005-04-01,7.026466,Yahoo Finance monthly adjusted close
IGV,Expanded Tech-Software ETF,Software,2005-05-01,7.696118,Yahoo Finance monthly adjusted close
IGV,Expanded Tech-Software ETF,Software,2005-06-01,7.463198,Yahoo Finance monthly adjusted close
IGV,Expanded Tech-Software ETF,Software,2005-07-01,7.824227,Yahoo Finance monthly adjusted close
IGV,Expanded Tech-Software ETF,Software,2005-08-01,7.764053,Yahoo Finance monthly adjusted close
IGV,Expanded Tech-Software ETF,Software,2005-09-01,7.977566,Yahoo Finance monthly adjusted close
IGV,Expanded Tech-Software ETF,Software,2005-10-01,8.016383,Yahoo Finance monthly adjusted close
IGV,Expanded Tech-Software ETF,Software,2005-11-01,7.818403,Yahoo Finance monthly adjusted close
IGV,Expanded Tech-Software ETF,Software,2005-12-01,7.812580,Yahoo Finance monthly adjusted close
IGV,Expanded Tech-Software ETF,Software,2006-01-01,8.105866,Yahoo Finance monthly adjusted close
IGV,Expanded Tech-Software ETF,Software,2006-02-01,7.892352,Yahoo Finance monthly adjusted close
IGV,Expanded Tech-Software ETF,Software,2006-03-01,8.059285,Yahoo Finance monthly adjusted close
IGV,Expanded Tech-Software ETF,Software,2006-04-01,8.160221,Yahoo Finance monthly adjusted close
IGV,Expanded Tech-Software ETF,Software,2006-05-01,7.325562,Yahoo Finance monthly adjusted close
IGV,Expanded Tech-Software ETF,Software,2006-06-01,7.317800,Yahoo Finance monthly adjusted close
IGV,Expanded Tech-Software ETF,Software,2006-07-01,7.308095,Yahoo Finance monthly adjusted close
IGV,Expanded Tech-Software ETF,Software,2006-08-01,7.797241,Yahoo Finance monthly adjusted close
IGV,Expanded Tech-Software ETF,Software,2006-09-01,8.404792,Yahoo Finance monthly adjusted close
IGV,Expanded Tech-Software ETF,Software,2006-10-01,8.581429,Yahoo Finance monthly adjusted close
IGV,Expanded Tech-Software ETF,Software,2006-11-01,8.822119,Yahoo Finance monthly adjusted close
IGV,Expanded Tech-Software ETF,Software,2006-12-01,8.653248,Yahoo Finance monthly adjusted close
IGV,Expanded Tech-Software ETF,Software,2007-01-01,8.721382,Yahoo Finance monthly adjusted close
IGV,Expanded Tech-Software ETF,Software,2007-02-01,8.581621,Yahoo Finance monthly adjusted close
IGV,Expanded Tech-Software ETF,Software,2007-03-01,8.748560,Yahoo Finance monthly adjusted close
IGV,Expanded Tech-Software ETF,Software,2007-04-01,9.026134,Yahoo Finance monthly adjusted close
IGV,Expanded Tech-Software ETF,Software,2007-05-01,9.443470,Yahoo Finance monthly adjusted close
IGV,Expanded Tech-Software ETF,Software,2007-06-01,9.233833,Yahoo Finance monthly adjusted close
IGV,Expanded Tech-Software ETF,Software,2007-07-01,8.911608,Yahoo Finance monthly adjusted close
IGV,Expanded Tech-Software ETF,Software,2007-08-01,9.181423,Yahoo Finance monthly adjusted close
IGV,Expanded Tech-Software ETF,Software,2007-09-01,9.705522,Yahoo Finance monthly adjusted close
IGV,Expanded Tech-Software ETF,Software,2007-10-01,10.458668,Yahoo Finance monthly adjusted close
IGV,Expanded Tech-Software ETF,Software,2007-11-01,9.682226,Yahoo Finance monthly adjusted close
IGV,Expanded Tech-Software ETF,Software,2007-12-01,10.016102,Yahoo Finance monthly adjusted close
IGV,Expanded Tech-Software ETF,Software,2008-01-01,9.024193,Yahoo Finance monthly adjusted close
IGV,Expanded Tech-Software ETF,Software,2008-02-01,8.653440,Yahoo Finance monthly adjusted close
IGV,Expanded Tech-Software ETF,Software,2008-03-01,8.700027,Yahoo Finance monthly adjusted close
IGV,Expanded Tech-Software ETF,Software,2008-04-01,9.152305,Yahoo Finance monthly adjusted close
IGV,Expanded Tech-Software ETF,Software,2008-05-01,10.041330,Yahoo Finance monthly adjusted close
IGV,Expanded Tech-Software ETF,Software,2008-06-01,9.163954,Yahoo Finance monthly adjusted close
IGV,Expanded Tech-Software ETF,Software,2008-07-01,9.224127,Yahoo Finance monthly adjusted close
IGV,Expanded Tech-Software ETF,Software,2008-08-01,9.561880,Yahoo Finance monthly adjusted close
IGV,Expanded Tech-Software ETF,Software,2008-09-01,8.540856,Yahoo Finance monthly adjusted close
IGV,Expanded Tech-Software ETF,Software,2008-10-01,6.580345,Yahoo Finance monthly adjusted close
IGV,Expanded Tech-Software ETF,Software,2008-11-01,6.007719,Yahoo Finance monthly adjusted close
IGV,Expanded Tech-Software ETF,Software,2008-12-01,6.166888,Yahoo Finance monthly adjusted close
IGV,Expanded Tech-Software ETF,Software,2009-01-01,5.825253,Yahoo Finance monthly adjusted close
IGV,Expanded Tech-Software ETF,Software,2009-02-01,5.600086,Yahoo Finance monthly adjusted close
IGV,Expanded Tech-Software ETF,Software,2009-03-01,6.419230,Yahoo Finance monthly adjusted close
IGV,Expanded Tech-Software ETF,Software,2009-04-01,7.075322,Yahoo Finance monthly adjusted close
IGV,Expanded Tech-Software ETF,Software,2009-05-01,7.271376,Yahoo Finance monthly adjusted close
IGV,Expanded Tech-Software ETF,Software,2009-06-01,7.475193,Yahoo Finance monthly adjusted close
IGV,Expanded Tech-Software ETF,Software,2009-07-01,7.908058,Yahoo Finance monthly adjusted close
IGV,Expanded Tech-Software ETF,Software,2009-08-01,7.964347,Yahoo Finance monthly adjusted close
IGV,Expanded Tech-Software ETF,Software,2009-09-01,8.453506,Yahoo Finance monthly adjusted close
IGV,Expanded Tech-Software ETF,Software,2009-10-01,8.340925,Yahoo Finance monthly adjusted close
IGV,Expanded Tech-Software ETF,Software,2009-11-01,8.577739,Yahoo Finance monthly adjusted close
IGV,Expanded Tech-Software ETF,Software,2009-12-01,9.097953,Yahoo Finance monthly adjusted close
IGV,Expanded Tech-Software ETF,Software,2010-01-01,8.505919,Yahoo Finance monthly adjusted close
IGV,Expanded Tech-Software ETF,Software,2010-02-01,8.866961,Yahoo Finance monthly adjusted close
IGV,Expanded Tech-Software ETF,Software,2010-03-01,9.425999,Yahoo Finance monthly adjusted close
IGV,Expanded Tech-Software ETF,Software,2010-04-01,9.561880,Yahoo Finance monthly adjusted close
IGV,Expanded Tech-Software ETF,Software,2010-05-01,8.915491,Yahoo Finance monthly adjusted close
IGV,Expanded Tech-Software ETF,Software,2010-06-01,8.352571,Yahoo Finance monthly adjusted close
IGV,Expanded Tech-Software ETF,Software,2010-07-01,9.171717,Yahoo Finance monthly adjusted close
IGV,Expanded Tech-Software ETF,Software,2010-08-01,9.167835,Yahoo Finance monthly adjusted close
IGV,Expanded Tech-Software ETF,Software,2010-09-01,10.066563,Yahoo Finance monthly adjusted close
IGV,Expanded Tech-Software ETF,Software,2010-10-01,10.656660,Yahoo Finance monthly adjusted close
IGV,Expanded Tech-Software ETF,Software,2010-11-01,10.693543,Yahoo Finance monthly adjusted close
IGV,Expanded Tech-Software ETF,Software,2010-12-01,11.339931,Yahoo Finance monthly adjusted close
IGV,Expanded Tech-Software ETF,Software,2011-01-01,11.421455,Yahoo Finance monthly adjusted close
IGV,Expanded Tech-Software ETF,Software,2011-02-01,11.865971,Yahoo Finance monthly adjusted close
IGV,Expanded Tech-Software ETF,Software,2011-03-01,12.034844,Yahoo Finance monthly adjusted close
IGV,Expanded Tech-Software ETF,Software,2011-04-01,12.512356,Yahoo Finance monthly adjusted close
IGV,Expanded Tech-Software ETF,Software,2011-05-01,12.599709,Yahoo Finance monthly adjusted close
IGV,Expanded Tech-Software ETF,Software,2011-06-01,12.296894,Yahoo Finance monthly adjusted close
IGV,Expanded Tech-Software ETF,Software,2011-07-01,11.469980,Yahoo Finance monthly adjusted close
IGV,Expanded Tech-Software ETF,Software,2011-08-01,10.652779,Yahoo Finance monthly adjusted close
IGV,Expanded Tech-Software ETF,Software,2011-09-01,10.126738,Yahoo Finance monthly adjusted close
IGV,Expanded Tech-Software ETF,Software,2011-10-01,11.650506,Yahoo Finance monthly adjusted close
IGV,Expanded Tech-Software ETF,Software,2011-11-01,11.221524,Yahoo Finance monthly adjusted close
IGV,Expanded Tech-Software ETF,Software,2011-12-01,10.505255,Yahoo Finance monthly adjusted close
IGV,Expanded Tech-Software ETF,Software,2012-01-01,11.492173,Yahoo Finance monthly adjusted close
IGV,Expanded Tech-Software ETF,Software,2012-02-01,12.237865,Yahoo Finance monthly adjusted close
IGV,Expanded Tech-Software ETF,Software,2012-03-01,12.791305,Yahoo Finance monthly adjusted close
IGV,Expanded Tech-Software ETF,Software,2012-04-01,12.604898,Yahoo Finance monthly adjusted close
IGV,Expanded Tech-Software ETF,Software,2012-05-01,11.557405,Yahoo Finance monthly adjusted close
IGV,Expanded Tech-Software ETF,Software,2012-06-01,12.070461,Yahoo Finance monthly adjusted close
IGV,Expanded Tech-Software ETF,Software,2012-07-01,11.553948,Yahoo Finance monthly adjusted close
IGV,Expanded Tech-Software ETF,Software,2012-08-01,12.246176,Yahoo Finance monthly adjusted close
IGV,Expanded Tech-Software ETF,Software,2012-09-01,12.386177,Yahoo Finance monthly adjusted close
IGV,Expanded Tech-Software ETF,Software,2012-10-01,11.754152,Yahoo Finance monthly adjusted close
IGV,Expanded Tech-Software ETF,Software,2012-11-01,11.985618,Yahoo Finance monthly adjusted close
IGV,Expanded Tech-Software ETF,Software,2012-12-01,12.259871,Yahoo Finance monthly adjusted close
IGV,Expanded Tech-Software ETF,Software,2013-01-01,12.992956,Yahoo Finance monthly adjusted close
IGV,Expanded Tech-Software ETF,Software,2013-02-01,13.055267,Yahoo Finance monthly adjusted close
IGV,Expanded Tech-Software ETF,Software,2013-03-01,13.514780,Yahoo Finance monthly adjusted close
IGV,Expanded Tech-Software ETF,Software,2013-04-01,13.285728,Yahoo Finance monthly adjusted close
IGV,Expanded Tech-Software ETF,Software,2013-05-01,13.540958,Yahoo Finance monthly adjusted close
IGV,Expanded Tech-Software ETF,Software,2013-06-01,13.244809,Yahoo Finance monthly adjusted close
IGV,Expanded Tech-Software ETF,Software,2013-07-01,14.294270,Yahoo Finance monthly adjusted close
IGV,Expanded Tech-Software ETF,Software,2013-08-01,14.309870,Yahoo Finance monthly adjusted close
IGV,Expanded Tech-Software ETF,Software,2013-09-01,14.871346,Yahoo Finance monthly adjusted close
IGV,Expanded Tech-Software ETF,Software,2013-10-01,14.897248,Yahoo Finance monthly adjusted close
IGV,Expanded Tech-Software ETF,Software,2013-11-01,15.361993,Yahoo Finance monthly adjusted close
IGV,Expanded Tech-Software ETF,Software,2013-12-01,16.025913,Yahoo Finance monthly adjusted close
IGV,Expanded Tech-Software ETF,Software,2014-01-01,16.039810,Yahoo Finance monthly adjusted close
IGV,Expanded Tech-Software ETF,Software,2014-02-01,16.940680,Yahoo Finance monthly adjusted close
IGV,Expanded Tech-Software ETF,Software,2014-03-01,16.270397,Yahoo Finance monthly adjusted close
IGV,Expanded Tech-Software ETF,Software,2014-04-01,15.517266,Yahoo Finance monthly adjusted close
IGV,Expanded Tech-Software ETF,Software,2014-05-01,15.974976,Yahoo Finance monthly adjusted close
IGV,Expanded Tech-Software ETF,Software,2014-06-01,16.821943,Yahoo Finance monthly adjusted close
IGV,Expanded Tech-Software ETF,Software,2014-07-01,16.609163,Yahoo Finance monthly adjusted close
IGV,Expanded Tech-Software ETF,Software,2014-08-01,17.292400,Yahoo Finance monthly adjusted close
IGV,Expanded Tech-Software ETF,Software,2014-09-01,16.930222,Yahoo Finance monthly adjusted close
IGV,Expanded Tech-Software ETF,Software,2014-10-01,17.621500,Yahoo Finance monthly adjusted close
IGV,Expanded Tech-Software ETF,Software,2014-11-01,18.205227,Yahoo Finance monthly adjusted close
IGV,Expanded Tech-Software ETF,Software,2014-12-01,18.177805,Yahoo Finance monthly adjusted close
IGV,Expanded Tech-Software ETF,Software,2015-01-01,17.547697,Yahoo Finance monthly adjusted close
IGV,Expanded Tech-Software ETF,Software,2015-02-01,19.270712,Yahoo Finance monthly adjusted close
IGV,Expanded Tech-Software ETF,Software,2015-03-01,18.837502,Yahoo Finance monthly adjusted close
IGV,Expanded Tech-Software ETF,Software,2015-04-01,19.560469,Yahoo Finance monthly adjusted close
IGV,Expanded Tech-Software ETF,Software,2015-05-01,19.789925,Yahoo Finance monthly adjusted close
IGV,Expanded Tech-Software ETF,Software,2015-06-01,19.507517,Yahoo Finance monthly adjusted close
IGV,Expanded Tech-Software ETF,Software,2015-07-01,20.111029,Yahoo Finance monthly adjusted close
IGV,Expanded Tech-Software ETF,Software,2015-08-01,18.678312,Yahoo Finance monthly adjusted close
IGV,Expanded Tech-Software ETF,Software,2015-09-01,18.574291,Yahoo Finance monthly adjusted close
IGV,Expanded Tech-Software ETF,Software,2015-10-01,20.298140,Yahoo Finance monthly adjusted close
IGV,Expanded Tech-Software ETF,Software,2015-11-01,20.722286,Yahoo Finance monthly adjusted close
IGV,Expanded Tech-Software ETF,Software,2015-12-01,20.384535,Yahoo Finance monthly adjusted close
IGV,Expanded Tech-Software ETF,Software,2016-01-01,18.644758,Yahoo Finance monthly adjusted close
IGV,Expanded Tech-Software ETF,Software,2016-02-01,18.257721,Yahoo Finance monthly adjusted close
IGV,Expanded Tech-Software ETF,Software,2016-03-01,19.778376,Yahoo Finance monthly adjusted close
IGV,Expanded Tech-Software ETF,Software,2016-04-01,19.875021,Yahoo Finance monthly adjusted close
IGV,Expanded Tech-Software ETF,Software,2016-05-01,21.023298,Yahoo Finance monthly adjusted close
IGV,Expanded Tech-Software ETF,Software,2016-06-01,20.821358,Yahoo Finance monthly adjusted close
IGV,Expanded Tech-Software ETF,Software,2016-07-01,21.843782,Yahoo Finance monthly adjusted close
IGV,Expanded Tech-Software ETF,Software,2016-08-01,22.299398,Yahoo Finance monthly adjusted close
IGV,Expanded Tech-Software ETF,Software,2016-09-01,22.491550,Yahoo Finance monthly adjusted close
IGV,Expanded Tech-Software ETF,Software,2016-10-01,22.279551,Yahoo Finance monthly adjusted close
IGV,Expanded Tech-Software ETF,Software,2016-11-01,22.156691,Yahoo Finance monthly adjusted close
IGV,Expanded Tech-Software ETF,Software,2016-12-01,21.570127,Yahoo Finance monthly adjusted close
IGV,Expanded Tech-Software ETF,Software,2017-01-01,23.224455,Yahoo Finance monthly adjusted close
IGV,Expanded Tech-Software ETF,Software,2017-02-01,24.338411,Yahoo Finance monthly adjusted close
IGV,Expanded Tech-Software ETF,Software,2017-03-01,25.067831,Yahoo Finance monthly adjusted close
IGV,Expanded Tech-Software ETF,Software,2017-04-01,25.907965,Yahoo Finance monthly adjusted close
IGV,Expanded Tech-Software ETF,Software,2017-05-01,27.470572,Yahoo Finance monthly adjusted close
IGV,Expanded Tech-Software ETF,Software,2017-06-01,27.123549,Yahoo Finance monthly adjusted close
IGV,Expanded Tech-Software ETF,Software,2017-07-01,28.201464,Yahoo Finance monthly adjusted close
IGV,Expanded Tech-Software ETF,Software,2017-08-01,29.225164,Yahoo Finance monthly adjusted close
IGV,Expanded Tech-Software ETF,Software,2017-09-01,29.016857,Yahoo Finance monthly adjusted close
IGV,Expanded Tech-Software ETF,Software,2017-10-01,31.049181,Yahoo Finance monthly adjusted close
IGV,Expanded Tech-Software ETF,Software,2017-11-01,30.914255,Yahoo Finance monthly adjusted close
IGV,Expanded Tech-Software ETF,Software,2017-12-01,30.670195,Yahoo Finance monthly adjusted close
IGV,Expanded Tech-Software ETF,Software,2018-01-01,33.764030,Yahoo Finance monthly adjusted close
IGV,Expanded Tech-Software ETF,Software,2018-02-01,34.047783,Yahoo Finance monthly adjusted close
IGV,Expanded Tech-Software ETF,Software,2018-03-01,33.672756,Yahoo Finance monthly adjusted close
IGV,Expanded Tech-Software ETF,Software,2018-04-01,34.467793,Yahoo Finance monthly adjusted close
IGV,Expanded Tech-Software ETF,Software,2018-05-01,36.305378,Yahoo Finance monthly adjusted close
IGV,Expanded Tech-Software ETF,Software,2018-06-01,36.251801,Yahoo Finance monthly adjusted close
IGV,Expanded Tech-Software ETF,Software,2018-07-01,36.823078,Yahoo Finance monthly adjusted close
IGV,Expanded Tech-Software ETF,Software,2018-08-01,39.865864,Yahoo Finance monthly adjusted close
IGV,Expanded Tech-Software ETF,Software,2018-09-01,40.683628,Yahoo Finance monthly adjusted close
IGV,Expanded Tech-Software ETF,Software,2018-10-01,36.374496,Yahoo Finance monthly adjusted close
IGV,Expanded Tech-Software ETF,Software,2018-11-01,36.848881,Yahoo Finance monthly adjusted close
IGV,Expanded Tech-Software ETF,Software,2018-12-01,34.443233,Yahoo Finance monthly adjusted close
IGV,Expanded Tech-Software ETF,Software,2019-01-01,38.200531,Yahoo Finance monthly adjusted close
IGV,Expanded Tech-Software ETF,Software,2019-02-01,41.161652,Yahoo Finance monthly adjusted close
IGV,Expanded Tech-Software ETF,Software,2019-03-01,41.896969,Yahoo Finance monthly adjusted close
IGV,Expanded Tech-Software ETF,Software,2019-04-01,44.094959,Yahoo Finance monthly adjusted close
IGV,Expanded Tech-Software ETF,Software,2019-05-01,40.988754,Yahoo Finance monthly adjusted close
IGV,Expanded Tech-Software ETF,Software,2019-06-01,43.415295,Yahoo Finance monthly adjusted close
IGV,Expanded Tech-Software ETF,Software,2019-07-01,44.120415,Yahoo Finance monthly adjusted close
IGV,Expanded Tech-Software ETF,Software,2019-08-01,42.893967,Yahoo Finance monthly adjusted close
IGV,Expanded Tech-Software ETF,Software,2019-09-01,42.116749,Yahoo Finance monthly adjusted close
IGV,Expanded Tech-Software ETF,Software,2019-10-01,42.721027,Yahoo Finance monthly adjusted close
IGV,Expanded Tech-Software ETF,Software,2019-11-01,46.116131,Yahoo Finance monthly adjusted close
IGV,Expanded Tech-Software ETF,Software,2019-12-01,46.322861,Yahoo Finance monthly adjusted close
IGV,Expanded Tech-Software ETF,Software,2020-01-01,49.429737,Yahoo Finance monthly adjusted close
IGV,Expanded Tech-Software ETF,Software,2020-02-01,46.628971,Yahoo Finance monthly adjusted close
IGV,Expanded Tech-Software ETF,Software,2020-03-01,41.800694,Yahoo Finance monthly adjusted close
IGV,Expanded Tech-Software ETF,Software,2020-04-01,48.156120,Yahoo Finance monthly adjusted close
IGV,Expanded Tech-Software ETF,Software,2020-05-01,53.431942,Yahoo Finance monthly adjusted close
IGV,Expanded Tech-Software ETF,Software,2020-06-01,56.826542,Yahoo Finance monthly adjusted close
IGV,Expanded Tech-Software ETF,Software,2020-07-01,59.040989,Yahoo Finance monthly adjusted close
IGV,Expanded Tech-Software ETF,Software,2020-08-01,64.804115,Yahoo Finance monthly adjusted close
IGV,Expanded Tech-Software ETF,Software,2020-09-01,62.214504,Yahoo Finance monthly adjusted close
IGV,Expanded Tech-Software ETF,Software,2020-10-01,60.918705,Yahoo Finance monthly adjusted close
IGV,Expanded Tech-Software ETF,Software,2020-11-01,67.531693,Yahoo Finance monthly adjusted close
IGV,Expanded Tech-Software ETF,Software,2020-12-01,70.809189,Yahoo Finance monthly adjusted close
IGV,Expanded Tech-Software ETF,Software,2021-01-01,69.761360,Yahoo Finance monthly adjusted close
IGV,Expanded Tech-Software ETF,Software,2021-02-01,70.909172,Yahoo Finance monthly adjusted close
IGV,Expanded Tech-Software ETF,Software,2021-03-01,68.273575,Yahoo Finance monthly adjusted close
IGV,Expanded Tech-Software ETF,Software,2021-04-01,72.306969,Yahoo Finance monthly adjusted close
IGV,Expanded Tech-Software ETF,Software,2021-05-01,71.769043,Yahoo Finance monthly adjusted close
IGV,Expanded Tech-Software ETF,Software,2021-06-01,77.996101,Yahoo Finance monthly adjusted close
IGV,Expanded Tech-Software ETF,Software,2021-07-01,80.623695,Yahoo Finance monthly adjusted close
IGV,Expanded Tech-Software ETF,Software,2021-08-01,84.621094,Yahoo Finance monthly adjusted close
IGV,Expanded Tech-Software ETF,Software,2021-09-01,79.815826,Yahoo Finance monthly adjusted close
IGV,Expanded Tech-Software ETF,Software,2021-10-01,87.798592,Yahoo Finance monthly adjusted close
IGV,Expanded Tech-Software ETF,Software,2021-11-01,82.967346,Yahoo Finance monthly adjusted close
IGV,Expanded Tech-Software ETF,Software,2021-12-01,79.517868,Yahoo Finance monthly adjusted close
IGV,Expanded Tech-Software ETF,Software,2022-01-01,71.003166,Yahoo Finance monthly adjusted close
IGV,Expanded Tech-Software ETF,Software,2022-02-01,68.393562,Yahoo Finance monthly adjusted close
IGV,Expanded Tech-Software ETF,Software,2022-03-01,68.977470,Yahoo Finance monthly adjusted close
IGV,Expanded Tech-Software ETF,Software,2022-04-01,59.980850,Yahoo Finance monthly adjusted close
IGV,Expanded Tech-Software ETF,Software,2022-05-01,57.165276,Yahoo Finance monthly adjusted close
IGV,Expanded Tech-Software ETF,Software,2022-06-01,53.913773,Yahoo Finance monthly adjusted close
IGV,Expanded Tech-Software ETF,Software,2022-07-01,59.057568,Yahoo Finance monthly adjusted close
IGV,Expanded Tech-Software ETF,Software,2022-08-01,56.251778,Yahoo Finance monthly adjusted close
IGV,Expanded Tech-Software ETF,Software,2022-09-01,50.022247,Yahoo Finance monthly adjusted close
IGV,Expanded Tech-Software ETF,Software,2022-10-01,53.515984,Yahoo Finance monthly adjusted close
IGV,Expanded Tech-Software ETF,Software,2022-11-01,54.373917,Yahoo Finance monthly adjusted close
IGV,Expanded Tech-Software ETF,Software,2022-12-01,51.166157,Yahoo Finance monthly adjusted close
IGV,Expanded Tech-Software ETF,Software,2023-01-01,56.389771,Yahoo Finance monthly adjusted close
IGV,Expanded Tech-Software ETF,Software,2023-02-01,55.787811,Yahoo Finance monthly adjusted close
IGV,Expanded Tech-Software ETF,Software,2023-03-01,60.935425,Yahoo Finance monthly adjusted close
IGV,Expanded Tech-Software ETF,Software,2023-04-01,59.295547,Yahoo Finance monthly adjusted close
IGV,Expanded Tech-Software ETF,Software,2023-05-01,65.595078,Yahoo Finance monthly adjusted close
IGV,Expanded Tech-Software ETF,Software,2023-06-01,69.176811,Yahoo Finance monthly adjusted close
IGV,Expanded Tech-Software ETF,Software,2023-07-01,72.867996,Yahoo Finance monthly adjusted close
IGV,Expanded Tech-Software ETF,Software,2023-08-01,72.005997,Yahoo Finance monthly adjusted close
IGV,Expanded Tech-Software ETF,Software,2023-09-01,68.251999,Yahoo Finance monthly adjusted close
IGV,Expanded Tech-Software ETF,Software,2023-10-01,67.489998,Yahoo Finance monthly adjusted close
IGV,Expanded Tech-Software ETF,Software,2023-11-01,78.393997,Yahoo Finance monthly adjusted close
IGV,Expanded Tech-Software ETF,Software,2023-12-01,81.127998,Yahoo Finance monthly adjusted close
IGV,Expanded Tech-Software ETF,Software,2024-01-01,84.075996,Yahoo Finance monthly adjusted close
IGV,Expanded Tech-Software ETF,Software,2024-02-01,86.054001,Yahoo Finance monthly adjusted close
IGV,Expanded Tech-Software ETF,Software,2024-03-01,85.269997,Yahoo Finance monthly adjusted close
IGV,Expanded Tech-Software ETF,Software,2024-04-01,78.930000,Yahoo Finance monthly adjusted close
IGV,Expanded Tech-Software ETF,Software,2024-05-01,78.089996,Yahoo Finance monthly adjusted close
IGV,Expanded Tech-Software ETF,Software,2024-06-01,86.900002,Yahoo Finance monthly adjusted close
IGV,Expanded Tech-Software ETF,Software,2024-07-01,84.620003,Yahoo Finance monthly adjusted close
IGV,Expanded Tech-Software ETF,Software,2024-08-01,86.800003,Yahoo Finance monthly adjusted close
IGV,Expanded Tech-Software ETF,Software,2024-09-01,89.370003,Yahoo Finance monthly adjusted close
IGV,Expanded Tech-Software ETF,Software,2024-10-01,91.260002,Yahoo Finance monthly adjusted close
IGV,Expanded Tech-Software ETF,Software,2024-11-01,104.760002,Yahoo Finance monthly adjusted close
IGV,Expanded Tech-Software ETF,Software,2024-12-01,100.120003,Yahoo Finance monthly adjusted close
IGV,Expanded Tech-Software ETF,Software,2025-01-01,102.889999,Yahoo Finance monthly adjusted close
IGV,Expanded Tech-Software ETF,Software,2025-02-01,97.470001,Yahoo Finance monthly adjusted close
IGV,Expanded Tech-Software ETF,Software,2025-03-01,88.989998,Yahoo Finance monthly adjusted close
IGV,Expanded Tech-Software ETF,Software,2025-04-01,96.070000,Yahoo Finance monthly adjusted close
IGV,Expanded Tech-Software ETF,Software,2025-05-01,103.650002,Yahoo Finance monthly adjusted close
IGV,Expanded Tech-Software ETF,Software,2025-06-01,109.500000,Yahoo Finance monthly adjusted close
IGV,Expanded Tech-Software ETF,Software,2025-07-01,111.660004,Yahoo Finance monthly adjusted close
IGV,Expanded Tech-Software ETF,Software,2025-08-01,108.099998,Yahoo Finance monthly adjusted close
IGV,Expanded Tech-Software ETF,Software,2025-09-01,115.010002,Yahoo Finance monthly adjusted close
IGV,Expanded Tech-Software ETF,Software,2025-10-01,115.510002,Yahoo Finance monthly adjusted close
IGV,Expanded Tech-Software ETF,Software,2025-11-01,104.089996,Yahoo Finance monthly adjusted close
IGV,Expanded Tech-Software ETF,Software,2025-12-01,105.690002,Yahoo Finance monthly adjusted close
IGV,Expanded Tech-Software ETF,Software,2026-01-01,90.309998,Yahoo Finance monthly adjusted close
IGV,Expanded Tech-Software ETF,Software,2026-02-01,81.570000,Yahoo Finance monthly adjusted close
IGV,Expanded Tech-Software ETF,Software,2026-03-01,80.050003,Yahoo Finance monthly adjusted close
IGV,Expanded Tech-Software ETF,Software,2026-04-01,83.910004,Yahoo Finance monthly adjusted close
IGV,Expanded Tech-Software ETF,Software,2026-05-01,94.010002,Yahoo Finance monthly adjusted close
IGV,Expanded Tech-Software ETF,Software,2026-05-01,94.010002,Yahoo Finance monthly adjusted close
IWM,Russell 2000 ETF,Small caps,2000-05-01,33.996746,Yahoo Finance monthly adjusted close
IWM,Russell 2000 ETF,Small caps,2000-06-01,36.927509,Yahoo Finance monthly adjusted close
IWM,Russell 2000 ETF,Small caps,2000-07-01,35.926437,Yahoo Finance monthly adjusted close
IWM,Russell 2000 ETF,Small caps,2000-08-01,38.428741,Yahoo Finance monthly adjusted close
IWM,Russell 2000 ETF,Small caps,2000-09-01,37.043537,Yahoo Finance monthly adjusted close
IWM,Russell 2000 ETF,Small caps,2000-10-01,35.510609,Yahoo Finance monthly adjusted close
IWM,Russell 2000 ETF,Small caps,2000-11-01,31.968517,Yahoo Finance monthly adjusted close
IWM,Russell 2000 ETF,Small caps,2000-12-01,34.344849,Yahoo Finance monthly adjusted close
IWM,Russell 2000 ETF,Small caps,2001-01-01,36.357445,Yahoo Finance monthly adjusted close
IWM,Russell 2000 ETF,Small caps,2001-02-01,33.925228,Yahoo Finance monthly adjusted close
IWM,Russell 2000 ETF,Small caps,2001-03-01,32.285713,Yahoo Finance monthly adjusted close
IWM,Russell 2000 ETF,Small caps,2001-04-01,35.023083,Yahoo Finance monthly adjusted close
IWM,Russell 2000 ETF,Small caps,2001-05-01,35.781319,Yahoo Finance monthly adjusted close
IWM,Russell 2000 ETF,Small caps,2001-06-01,36.792294,Yahoo Finance monthly adjusted close
IWM,Russell 2000 ETF,Small caps,2001-07-01,34.841347,Yahoo Finance monthly adjusted close
IWM,Russell 2000 ETF,Small caps,2001-08-01,33.994114,Yahoo Finance monthly adjusted close
IWM,Russell 2000 ETF,Small caps,2001-09-01,29.037477,Yahoo Finance monthly adjusted close
IWM,Russell 2000 ETF,Small caps,2001-10-01,30.811586,Yahoo Finance monthly adjusted close
IWM,Russell 2000 ETF,Small caps,2001-11-01,33.287037,Yahoo Finance monthly adjusted close
IWM,Russell 2000 ETF,Small caps,2001-12-01,35.013145,Yahoo Finance monthly adjusted close
IWM,Russell 2000 ETF,Small caps,2002-01-01,35.060310,Yahoo Finance monthly adjusted close
IWM,Russell 2000 ETF,Small caps,2002-02-01,33.966961,Yahoo Finance monthly adjusted close
IWM,Russell 2000 ETF,Small caps,2002-03-01,36.481667,Yahoo Finance monthly adjusted close
IWM,Russell 2000 ETF,Small caps,2002-04-01,36.962166,Yahoo Finance monthly adjusted close
IWM,Russell 2000 ETF,Small caps,2002-05-01,35.210743,Yahoo Finance monthly adjusted close
IWM,Russell 2000 ETF,Small caps,2002-06-01,33.076202,Yahoo Finance monthly adjusted close
IWM,Russell 2000 ETF,Small caps,2002-07-01,28.737301,Yahoo Finance monthly adjusted close
IWM,Russell 2000 ETF,Small caps,2002-08-01,28.554359,Yahoo Finance monthly adjusted close
IWM,Russell 2000 ETF,Small caps,2002-09-01,26.176355,Yahoo Finance monthly adjusted close
IWM,Russell 2000 ETF,Small caps,2002-10-01,27.346531,Yahoo Finance monthly adjusted close
IWM,Russell 2000 ETF,Small caps,2002-11-01,29.662722,Yahoo Finance monthly adjusted close
IWM,Russell 2000 ETF,Small caps,2002-12-01,27.827393,Yahoo Finance monthly adjusted close
IWM,Russell 2000 ETF,Small caps,2003-01-01,27.382851,Yahoo Finance monthly adjusted close
IWM,Russell 2000 ETF,Small caps,2003-02-01,26.560345,Yahoo Finance monthly adjusted close
IWM,Russell 2000 ETF,Small caps,2003-03-01,26.556648,Yahoo Finance monthly adjusted close
IWM,Russell 2000 ETF,Small caps,2003-04-01,29.352789,Yahoo Finance monthly adjusted close
IWM,Russell 2000 ETF,Small caps,2003-05-01,32.543140,Yahoo Finance monthly adjusted close
IWM,Russell 2000 ETF,Small caps,2003-06-01,32.864738,Yahoo Finance monthly adjusted close
IWM,Russell 2000 ETF,Small caps,2003-07-01,35.059059,Yahoo Finance monthly adjusted close
IWM,Russell 2000 ETF,Small caps,2003-08-01,36.736458,Yahoo Finance monthly adjusted close
IWM,Russell 2000 ETF,Small caps,2003-09-01,35.936626,Yahoo Finance monthly adjusted close
IWM,Russell 2000 ETF,Small caps,2003-10-01,39.157276,Yahoo Finance monthly adjusted close
IWM,Russell 2000 ETF,Small caps,2003-11-01,40.623371,Yahoo Finance monthly adjusted close
IWM,Russell 2000 ETF,Small caps,2003-12-01,41.124443,Yahoo Finance monthly adjusted close
IWM,Russell 2000 ETF,Small caps,2004-01-01,43.147968,Yahoo Finance monthly adjusted close
IWM,Russell 2000 ETF,Small caps,2004-02-01,43.558544,Yahoo Finance monthly adjusted close
IWM,Russell 2000 ETF,Small caps,2004-03-01,43.894485,Yahoo Finance monthly adjusted close
IWM,Russell 2000 ETF,Small caps,2004-04-01,41.548168,Yahoo Finance monthly adjusted close
IWM,Russell 2000 ETF,Small caps,2004-05-01,42.441879,Yahoo Finance monthly adjusted close
IWM,Russell 2000 ETF,Small caps,2004-06-01,44.120850,Yahoo Finance monthly adjusted close
IWM,Russell 2000 ETF,Small caps,2004-07-01,41.241955,Yahoo Finance monthly adjusted close
IWM,Russell 2000 ETF,Small caps,2004-08-01,40.619564,Yahoo Finance monthly adjusted close
IWM,Russell 2000 ETF,Small caps,2004-09-01,42.685432,Yahoo Finance monthly adjusted close
IWM,Russell 2000 ETF,Small caps,2004-10-01,43.665409,Yahoo Finance monthly adjusted close
IWM,Russell 2000 ETF,Small caps,2004-11-01,47.682812,Yahoo Finance monthly adjusted close
IWM,Russell 2000 ETF,Small caps,2004-12-01,48.667439,Yahoo Finance monthly adjusted close
IWM,Russell 2000 ETF,Small caps,2005-01-01,46.839603,Yahoo Finance monthly adjusted close
IWM,Russell 2000 ETF,Small caps,2005-02-01,47.608707,Yahoo Finance monthly adjusted close
IWM,Russell 2000 ETF,Small caps,2005-03-01,46.051643,Yahoo Finance monthly adjusted close
IWM,Russell 2000 ETF,Small caps,2005-04-01,43.642235,Yahoo Finance monthly adjusted close
IWM,Russell 2000 ETF,Small caps,2005-05-01,46.463600,Yahoo Finance monthly adjusted close
IWM,Russell 2000 ETF,Small caps,2005-06-01,48.247326,Yahoo Finance monthly adjusted close
IWM,Russell 2000 ETF,Small caps,2005-07-01,51.538437,Yahoo Finance monthly adjusted close
IWM,Russell 2000 ETF,Small caps,2005-08-01,50.505989,Yahoo Finance monthly adjusted close
IWM,Russell 2000 ETF,Small caps,2005-09-01,50.399715,Yahoo Finance monthly adjusted close
IWM,Russell 2000 ETF,Small caps,2005-10-01,48.566425,Yahoo Finance monthly adjusted close
IWM,Russell 2000 ETF,Small caps,2005-11-01,51.361012,Yahoo Finance monthly adjusted close
IWM,Russell 2000 ETF,Small caps,2005-12-01,50.805149,Yahoo Finance monthly adjusted close
IWM,Russell 2000 ETF,Small caps,2006-01-01,55.305134,Yahoo Finance monthly adjusted close
IWM,Russell 2000 ETF,Small caps,2006-02-01,55.480965,Yahoo Finance monthly adjusted close
IWM,Russell 2000 ETF,Small caps,2006-03-01,58.072323,Yahoo Finance monthly adjusted close
IWM,Russell 2000 ETF,Small caps,2006-04-01,58.380646,Yahoo Finance monthly adjusted close
IWM,Russell 2000 ETF,Small caps,2006-05-01,55.063210,Yahoo Finance monthly adjusted close
IWM,Russell 2000 ETF,Small caps,2006-06-01,54.955963,Yahoo Finance monthly adjusted close
IWM,Russell 2000 ETF,Small caps,2006-07-01,53.467213,Yahoo Finance monthly adjusted close
IWM,Russell 2000 ETF,Small caps,2006-08-01,55.070896,Yahoo Finance monthly adjusted close
IWM,Russell 2000 ETF,Small caps,2006-09-01,55.247375,Yahoo Finance monthly adjusted close
IWM,Russell 2000 ETF,Small caps,2006-10-01,58.680408,Yahoo Finance monthly adjusted close
IWM,Russell 2000 ETF,Small caps,2006-11-01,60.096817,Yahoo Finance monthly adjusted close
IWM,Russell 2000 ETF,Small caps,2006-12-01,60.066017,Yahoo Finance monthly adjusted close
IWM,Russell 2000 ETF,Small caps,2007-01-01,61.341335,Yahoo Finance monthly adjusted close
IWM,Russell 2000 ETF,Small caps,2007-02-01,60.939358,Yahoo Finance monthly adjusted close
IWM,Russell 2000 ETF,Small caps,2007-03-01,61.418625,Yahoo Finance monthly adjusted close
IWM,Russell 2000 ETF,Small caps,2007-04-01,62.535862,Yahoo Finance monthly adjusted close
IWM,Russell 2000 ETF,Small caps,2007-05-01,65.269943,Yahoo Finance monthly adjusted close
IWM,Russell 2000 ETF,Small caps,2007-06-01,64.208832,Yahoo Finance monthly adjusted close
IWM,Russell 2000 ETF,Small caps,2007-07-01,59.830391,Yahoo Finance monthly adjusted close
IWM,Russell 2000 ETF,Small caps,2007-08-01,61.103008,Yahoo Finance monthly adjusted close
IWM,Russell 2000 ETF,Small caps,2007-09-01,62.111816,Yahoo Finance monthly adjusted close
IWM,Russell 2000 ETF,Small caps,2007-10-01,64.036537,Yahoo Finance monthly adjusted close
IWM,Russell 2000 ETF,Small caps,2007-11-01,59.625866,Yahoo Finance monthly adjusted close
IWM,Russell 2000 ETF,Small caps,2007-12-01,59.042450,Yahoo Finance monthly adjusted close
IWM,Russell 2000 ETF,Small caps,2008-01-01,55.369930,Yahoo Finance monthly adjusted close
IWM,Russell 2000 ETF,Small caps,2008-02-01,53.746464,Yahoo Finance monthly adjusted close
IWM,Russell 2000 ETF,Small caps,2008-03-01,53.301563,Yahoo Finance monthly adjusted close
IWM,Russell 2000 ETF,Small caps,2008-04-01,55.819977,Yahoo Finance monthly adjusted close
IWM,Russell 2000 ETF,Small caps,2008-05-01,58.376427,Yahoo Finance monthly adjusted close
IWM,Russell 2000 ETF,Small caps,2008-06-01,53.982784,Yahoo Finance monthly adjusted close
IWM,Russell 2000 ETF,Small caps,2008-07-01,55.757420,Yahoo Finance monthly adjusted close
IWM,Russell 2000 ETF,Small caps,2008-08-01,57.966610,Yahoo Finance monthly adjusted close
IWM,Russell 2000 ETF,Small caps,2008-09-01,53.360352,Yahoo Finance monthly adjusted close
IWM,Russell 2000 ETF,Small caps,2008-10-01,42.267529,Yahoo Finance monthly adjusted close
IWM,Russell 2000 ETF,Small caps,2008-11-01,37.226891,Yahoo Finance monthly adjusted close
IWM,Russell 2000 ETF,Small caps,2008-12-01,38.720997,Yahoo Finance monthly adjusted close
IWM,Russell 2000 ETF,Small caps,2009-01-01,35.244240,Yahoo Finance monthly adjusted close
IWM,Russell 2000 ETF,Small caps,2009-02-01,31.020954,Yahoo Finance monthly adjusted close
IWM,Russell 2000 ETF,Small caps,2009-03-01,33.318825,Yahoo Finance monthly adjusted close
IWM,Russell 2000 ETF,Small caps,2009-04-01,38.570763,Yahoo Finance monthly adjusted close
IWM,Russell 2000 ETF,Small caps,2009-05-01,39.882420,Yahoo Finance monthly adjusted close
IWM,Russell 2000 ETF,Small caps,2009-06-01,40.605808,Yahoo Finance monthly adjusted close
IWM,Russell 2000 ETF,Small caps,2009-07-01,44.175117,Yahoo Finance monthly adjusted close
IWM,Russell 2000 ETF,Small caps,2009-08-01,45.630096,Yahoo Finance monthly adjusted close
IWM,Russell 2000 ETF,Small caps,2009-09-01,48.055210,Yahoo Finance monthly adjusted close
IWM,Russell 2000 ETF,Small caps,2009-10-01,45.041878,Yahoo Finance monthly adjusted close
IWM,Russell 2000 ETF,Small caps,2009-11-01,46.449169,Yahoo Finance monthly adjusted close
IWM,Russell 2000 ETF,Small caps,2009-12-01,49.927475,Yahoo Finance monthly adjusted close
IWM,Russell 2000 ETF,Small caps,2010-01-01,48.259521,Yahoo Finance monthly adjusted close
IWM,Russell 2000 ETF,Small caps,2010-02-01,50.419205,Yahoo Finance monthly adjusted close
IWM,Russell 2000 ETF,Small caps,2010-03-01,54.433460,Yahoo Finance monthly adjusted close
IWM,Russell 2000 ETF,Small caps,2010-04-01,57.667713,Yahoo Finance monthly adjusted close
IWM,Russell 2000 ETF,Small caps,2010-05-01,53.321526,Yahoo Finance monthly adjusted close
IWM,Russell 2000 ETF,Small caps,2010-06-01,49.192604,Yahoo Finance monthly adjusted close
IWM,Russell 2000 ETF,Small caps,2010-07-01,52.331551,Yahoo Finance monthly adjusted close
IWM,Russell 2000 ETF,Small caps,2010-08-01,48.595428,Yahoo Finance monthly adjusted close
IWM,Russell 2000 ETF,Small caps,2010-09-01,54.506340,Yahoo Finance monthly adjusted close
IWM,Russell 2000 ETF,Small caps,2010-10-01,56.909943,Yahoo Finance monthly adjusted close
IWM,Russell 2000 ETF,Small caps,2010-11-01,58.893307,Yahoo Finance monthly adjusted close
IWM,Russell 2000 ETF,Small caps,2010-12-01,63.337612,Yahoo Finance monthly adjusted close
IWM,Russell 2000 ETF,Small caps,2011-01-01,63.388596,Yahoo Finance monthly adjusted close
IWM,Russell 2000 ETF,Small caps,2011-02-01,66.901604,Yahoo Finance monthly adjusted close
IWM,Russell 2000 ETF,Small caps,2011-03-01,68.446686,Yahoo Finance monthly adjusted close
IWM,Russell 2000 ETF,Small caps,2011-04-01,70.398613,Yahoo Finance monthly adjusted close
IWM,Russell 2000 ETF,Small caps,2011-05-01,69.135567,Yahoo Finance monthly adjusted close
IWM,Russell 2000 ETF,Small caps,2011-06-01,67.473160,Yahoo Finance monthly adjusted close
IWM,Russell 2000 ETF,Small caps,2011-07-01,64.979599,Yahoo Finance monthly adjusted close
IWM,Russell 2000 ETF,Small caps,2011-08-01,59.379948,Yahoo Finance monthly adjusted close
IWM,Russell 2000 ETF,Small caps,2011-09-01,52.555122,Yahoo Finance monthly adjusted close
IWM,Russell 2000 ETF,Small caps,2011-10-01,60.726078,Yahoo Finance monthly adjusted close
IWM,Russell 2000 ETF,Small caps,2011-11-01,60.496338,Yahoo Finance monthly adjusted close
IWM,Russell 2000 ETF,Small caps,2011-12-01,60.512745,Yahoo Finance monthly adjusted close
IWM,Russell 2000 ETF,Small caps,2012-01-01,65.153137,Yahoo Finance monthly adjusted close
IWM,Russell 2000 ETF,Small caps,2012-02-01,66.826851,Yahoo Finance monthly adjusted close
IWM,Russell 2000 ETF,Small caps,2012-03-01,68.278030,Yahoo Finance monthly adjusted close
IWM,Russell 2000 ETF,Small caps,2012-04-01,67.379089,Yahoo Finance monthly adjusted close
IWM,Russell 2000 ETF,Small caps,2012-05-01,62.946156,Yahoo Finance monthly adjusted close
IWM,Russell 2000 ETF,Small caps,2012-06-01,65.799446,Yahoo Finance monthly adjusted close
IWM,Russell 2000 ETF,Small caps,2012-07-01,65.120575,Yahoo Finance monthly adjusted close
IWM,Russell 2000 ETF,Small caps,2012-08-01,67.422867,Yahoo Finance monthly adjusted close
IWM,Russell 2000 ETF,Small caps,2012-09-01,69.351097,Yahoo Finance monthly adjusted close
IWM,Russell 2000 ETF,Small caps,2012-10-01,68.111214,Yahoo Finance monthly adjusted close
IWM,Russell 2000 ETF,Small caps,2012-11-01,68.486679,Yahoo Finance monthly adjusted close
IWM,Russell 2000 ETF,Small caps,2012-12-01,70.355743,Yahoo Finance monthly adjusted close
IWM,Russell 2000 ETF,Small caps,2013-01-01,75.392044,Yahoo Finance monthly adjusted close
IWM,Russell 2000 ETF,Small caps,2013-02-01,76.149498,Yahoo Finance monthly adjusted close
IWM,Russell 2000 ETF,Small caps,2013-03-01,79.473869,Yahoo Finance monthly adjusted close
IWM,Russell 2000 ETF,Small caps,2013-04-01,79.418793,Yahoo Finance monthly adjusted close
IWM,Russell 2000 ETF,Small caps,2013-05-01,82.541542,Yahoo Finance monthly adjusted close
IWM,Russell 2000 ETF,Small caps,2013-06-01,81.866325,Yahoo Finance monthly adjusted close
IWM,Russell 2000 ETF,Small caps,2013-07-01,87.487289,Yahoo Finance monthly adjusted close
IWM,Russell 2000 ETF,Small caps,2013-08-01,85.090172,Yahoo Finance monthly adjusted close
IWM,Russell 2000 ETF,Small caps,2013-09-01,90.371254,Yahoo Finance monthly adjusted close
IWM,Russell 2000 ETF,Small caps,2013-10-01,92.804626,Yahoo Finance monthly adjusted close
IWM,Russell 2000 ETF,Small caps,2013-11-01,96.476357,Yahoo Finance monthly adjusted close
IWM,Russell 2000 ETF,Small caps,2013-12-01,98.048737,Yahoo Finance monthly adjusted close
IWM,Russell 2000 ETF,Small caps,2014-01-01,95.695999,Yahoo Finance monthly adjusted close
IWM,Russell 2000 ETF,Small caps,2014-02-01,100.269211,Yahoo Finance monthly adjusted close
IWM,Russell 2000 ETF,Small caps,2014-03-01,99.262390,Yahoo Finance monthly adjusted close
IWM,Russell 2000 ETF,Small caps,2014-04-01,95.789108,Yahoo Finance monthly adjusted close
IWM,Russell 2000 ETF,Small caps,2014-05-01,96.541870,Yahoo Finance monthly adjusted close
IWM,Russell 2000 ETF,Small caps,2014-06-01,101.631577,Yahoo Finance monthly adjusted close
IWM,Russell 2000 ETF,Small caps,2014-07-01,95.113342,Yahoo Finance monthly adjusted close
IWM,Russell 2000 ETF,Small caps,2014-08-01,100.089676,Yahoo Finance monthly adjusted close
IWM,Russell 2000 ETF,Small caps,2014-09-01,93.898476,Yahoo Finance monthly adjusted close
IWM,Russell 2000 ETF,Small caps,2014-10-01,100.364662,Yahoo Finance monthly adjusted close
IWM,Russell 2000 ETF,Small caps,2014-11-01,100.476624,Yahoo Finance monthly adjusted close
IWM,Russell 2000 ETF,Small caps,2014-12-01,102.999519,Yahoo Finance monthly adjusted close
IWM,Russell 2000 ETF,Small caps,2015-01-01,99.995438,Yahoo Finance monthly adjusted close
IWM,Russell 2000 ETF,Small caps,2015-02-01,105.941574,Yahoo Finance monthly adjusted close
IWM,Russell 2000 ETF,Small caps,2015-03-01,107.488579,Yahoo Finance monthly adjusted close
IWM,Russell 2000 ETF,Small caps,2015-04-01,105.051270,Yahoo Finance monthly adjusted close
IWM,Russell 2000 ETF,Small caps,2015-05-01,107.400581,Yahoo Finance monthly adjusted close
IWM,Russell 2000 ETF,Small caps,2015-06-01,108.241486,Yahoo Finance monthly adjusted close
IWM,Russell 2000 ETF,Small caps,2015-07-01,106.594383,Yahoo Finance monthly adjusted close
IWM,Russell 2000 ETF,Small caps,2015-08-01,100.290863,Yahoo Finance monthly adjusted close
IWM,Russell 2000 ETF,Small caps,2015-09-01,95.067360,Yahoo Finance monthly adjusted close
IWM,Russell 2000 ETF,Small caps,2015-10-01,100.700867,Yahoo Finance monthly adjusted close
IWM,Russell 2000 ETF,Small caps,2015-11-01,103.983650,Yahoo Finance monthly adjusted close
IWM,Russell 2000 ETF,Small caps,2015-12-01,98.326126,Yahoo Finance monthly adjusted close
IWM,Russell 2000 ETF,Small caps,2016-01-01,90.282295,Yahoo Finance monthly adjusted close
IWM,Russell 2000 ETF,Small caps,2016-02-01,90.080650,Yahoo Finance monthly adjusted close
IWM,Russell 2000 ETF,Small caps,2016-03-01,97.007896,Yahoo Finance monthly adjusted close
IWM,Russell 2000 ETF,Small caps,2016-04-01,98.926262,Yahoo Finance monthly adjusted close
IWM,Russell 2000 ETF,Small caps,2016-05-01,101.142632,Yahoo Finance monthly adjusted close
IWM,Russell 2000 ETF,Small caps,2016-06-01,101.125015,Yahoo Finance monthly adjusted close
IWM,Russell 2000 ETF,Small caps,2016-07-01,106.481163,Yahoo Finance monthly adjusted close
IWM,Russell 2000 ETF,Small caps,2016-08-01,108.976189,Yahoo Finance monthly adjusted close
IWM,Russell 2000 ETF,Small caps,2016-09-01,109.842781,Yahoo Finance monthly adjusted close
IWM,Russell 2000 ETF,Small caps,2016-10-01,105.082893,Yahoo Finance monthly adjusted close
IWM,Russell 2000 ETF,Small caps,2016-11-01,116.708542,Yahoo Finance monthly adjusted close
IWM,Russell 2000 ETF,Small caps,2016-12-01,119.581688,Yahoo Finance monthly adjusted close
IWM,Russell 2000 ETF,Small caps,2017-01-01,120.413277,Yahoo Finance monthly adjusted close
IWM,Russell 2000 ETF,Small caps,2017-02-01,122.737320,Yahoo Finance monthly adjusted close
IWM,Russell 2000 ETF,Small caps,2017-03-01,122.416740,Yahoo Finance monthly adjusted close
IWM,Russell 2000 ETF,Small caps,2017-04-01,124.180176,Yahoo Finance monthly adjusted close
IWM,Russell 2000 ETF,Small caps,2017-05-01,121.733406,Yahoo Finance monthly adjusted close
IWM,Russell 2000 ETF,Small caps,2017-06-01,125.841217,Yahoo Finance monthly adjusted close
IWM,Russell 2000 ETF,Small caps,2017-07-01,126.368057,Yahoo Finance monthly adjusted close
IWM,Russell 2000 ETF,Small caps,2017-08-01,125.317490,Yahoo Finance monthly adjusted close
IWM,Russell 2000 ETF,Small caps,2017-09-01,132.895935,Yahoo Finance monthly adjusted close
IWM,Russell 2000 ETF,Small caps,2017-10-01,134.188614,Yahoo Finance monthly adjusted close
IWM,Russell 2000 ETF,Small caps,2017-11-01,138.135391,Yahoo Finance monthly adjusted close
IWM,Russell 2000 ETF,Small caps,2017-12-01,137.065536,Yahoo Finance monthly adjusted close
IWM,Russell 2000 ETF,Small caps,2018-01-01,141.104385,Yahoo Finance monthly adjusted close
IWM,Russell 2000 ETF,Small caps,2018-02-01,135.680740,Yahoo Finance monthly adjusted close
IWM,Russell 2000 ETF,Small caps,2018-03-01,137.016357,Yahoo Finance monthly adjusted close
IWM,Russell 2000 ETF,Small caps,2018-04-01,138.680496,Yahoo Finance monthly adjusted close
IWM,Russell 2000 ETF,Small caps,2018-05-01,147.228119,Yahoo Finance monthly adjusted close
IWM,Russell 2000 ETF,Small caps,2018-06-01,148.132645,Yahoo Finance monthly adjusted close
IWM,Russell 2000 ETF,Small caps,2018-07-01,150.032135,Yahoo Finance monthly adjusted close
IWM,Russell 2000 ETF,Small caps,2018-08-01,157.066177,Yahoo Finance monthly adjusted close
IWM,Russell 2000 ETF,Small caps,2018-09-01,153.008362,Yahoo Finance monthly adjusted close
IWM,Russell 2000 ETF,Small caps,2018-10-01,136.557434,Yahoo Finance monthly adjusted close
IWM,Russell 2000 ETF,Small caps,2018-11-01,138.914841,Yahoo Finance monthly adjusted close
IWM,Russell 2000 ETF,Small caps,2018-12-01,121.875885,Yahoo Finance monthly adjusted close
IWM,Russell 2000 ETF,Small caps,2019-01-01,136.128586,Yahoo Finance monthly adjusted close
IWM,Russell 2000 ETF,Small caps,2019-02-01,143.178833,Yahoo Finance monthly adjusted close
IWM,Russell 2000 ETF,Small caps,2019-03-01,139.808960,Yahoo Finance monthly adjusted close
IWM,Russell 2000 ETF,Small caps,2019-04-01,144.943253,Yahoo Finance monthly adjusted close
IWM,Russell 2000 ETF,Small caps,2019-05-01,133.561295,Yahoo Finance monthly adjusted close
IWM,Russell 2000 ETF,Small caps,2019-06-01,142.388489,Yahoo Finance monthly adjusted close
IWM,Russell 2000 ETF,Small caps,2019-07-01,143.864441,Yahoo Finance monthly adjusted close
IWM,Russell 2000 ETF,Small caps,2019-08-01,136.770447,Yahoo Finance monthly adjusted close
IWM,Russell 2000 ETF,Small caps,2019-09-01,139.067719,Yahoo Finance monthly adjusted close
IWM,Russell 2000 ETF,Small caps,2019-10-01,143.346603,Yahoo Finance monthly adjusted close
IWM,Russell 2000 ETF,Small caps,2019-11-01,149.174469,Yahoo Finance monthly adjusted close
IWM,Russell 2000 ETF,Small caps,2019-12-01,152.770844,Yahoo Finance monthly adjusted close
IWM,Russell 2000 ETF,Small caps,2020-01-01,148.574081,Yahoo Finance monthly adjusted close
IWM,Russell 2000 ETF,Small caps,2020-02-01,135.431671,Yahoo Finance monthly adjusted close
IWM,Russell 2000 ETF,Small caps,2020-03-01,105.935272,Yahoo Finance monthly adjusted close
IWM,Russell 2000 ETF,Small caps,2020-04-01,121.071167,Yahoo Finance monthly adjusted close
IWM,Russell 2000 ETF,Small caps,2020-05-01,129.052139,Yahoo Finance monthly adjusted close
IWM,Russell 2000 ETF,Small caps,2020-06-01,133.028671,Yahoo Finance monthly adjusted close
IWM,Russell 2000 ETF,Small caps,2020-07-01,137.375275,Yahoo Finance monthly adjusted close
IWM,Russell 2000 ETF,Small caps,2020-08-01,144.898499,Yahoo Finance monthly adjusted close
IWM,Russell 2000 ETF,Small caps,2020-09-01,139.640625,Yahoo Finance monthly adjusted close
IWM,Russell 2000 ETF,Small caps,2020-10-01,143.261032,Yahoo Finance monthly adjusted close
IWM,Russell 2000 ETF,Small caps,2020-11-01,169.397858,Yahoo Finance monthly adjusted close
IWM,Russell 2000 ETF,Small caps,2020-12-01,183.472183,Yahoo Finance monthly adjusted close
IWM,Russell 2000 ETF,Small caps,2021-01-01,192.962555,Yahoo Finance monthly adjusted close
IWM,Russell 2000 ETF,Small caps,2021-02-01,204.931198,Yahoo Finance monthly adjusted close
IWM,Russell 2000 ETF,Small caps,2021-03-01,207.400009,Yahoo Finance monthly adjusted close
IWM,Russell 2000 ETF,Small caps,2021-04-01,211.504929,Yahoo Finance monthly adjusted close
IWM,Russell 2000 ETF,Small caps,2021-05-01,212.078629,Yahoo Finance monthly adjusted close
IWM,Russell 2000 ETF,Small caps,2021-06-01,215.718246,Yahoo Finance monthly adjusted close
IWM,Russell 2000 ETF,Small caps,2021-07-01,208.205765,Yahoo Finance monthly adjusted close
IWM,Russell 2000 ETF,Small caps,2021-08-01,212.792801,Yahoo Finance monthly adjusted close
IWM,Russell 2000 ETF,Small caps,2021-09-01,206.039429,Yahoo Finance monthly adjusted close
IWM,Russell 2000 ETF,Small caps,2021-10-01,215.449799,Yahoo Finance monthly adjusted close
IWM,Russell 2000 ETF,Small caps,2021-11-01,206.115662,Yahoo Finance monthly adjusted close
IWM,Russell 2000 ETF,Small caps,2021-12-01,210.159180,Yahoo Finance monthly adjusted close
IWM,Russell 2000 ETF,Small caps,2022-01-01,190.698624,Yahoo Finance monthly adjusted close
IWM,Russell 2000 ETF,Small caps,2022-02-01,192.669662,Yahoo Finance monthly adjusted close
IWM,Russell 2000 ETF,Small caps,2022-03-01,194.517517,Yahoo Finance monthly adjusted close
IWM,Russell 2000 ETF,Small caps,2022-04-01,175.606430,Yahoo Finance monthly adjusted close
IWM,Russell 2000 ETF,Small caps,2022-05-01,175.948242,Yahoo Finance monthly adjusted close
IWM,Russell 2000 ETF,Small caps,2022-06-01,160.804062,Yahoo Finance monthly adjusted close
IWM,Russell 2000 ETF,Small caps,2022-07-01,178.258774,Yahoo Finance monthly adjusted close
IWM,Russell 2000 ETF,Small caps,2022-08-01,174.688828,Yahoo Finance monthly adjusted close
IWM,Russell 2000 ETF,Small caps,2022-09-01,157.000977,Yahoo Finance monthly adjusted close
IWM,Russell 2000 ETF,Small caps,2022-10-01,175.429749,Yahoo Finance monthly adjusted close
IWM,Russell 2000 ETF,Small caps,2022-11-01,179.295685,Yahoo Finance monthly adjusted close
IWM,Russell 2000 ETF,Small caps,2022-12-01,166.846313,Yahoo Finance monthly adjusted close
IWM,Russell 2000 ETF,Small caps,2023-01-01,184.073944,Yahoo Finance monthly adjusted close
IWM,Russell 2000 ETF,Small caps,2023-02-01,180.901596,Yahoo Finance monthly adjusted close
IWM,Russell 2000 ETF,Small caps,2023-03-01,171.499847,Yahoo Finance monthly adjusted close
IWM,Russell 2000 ETF,Small caps,2023-04-01,169.045105,Yahoo Finance monthly adjusted close
IWM,Russell 2000 ETF,Small caps,2023-05-01,167.665344,Yahoo Finance monthly adjusted close
IWM,Russell 2000 ETF,Small caps,2023-06-01,180.691086,Yahoo Finance monthly adjusted close
IWM,Russell 2000 ETF,Small caps,2023-07-01,192.260147,Yahoo Finance monthly adjusted close
IWM,Russell 2000 ETF,Small caps,2023-08-01,182.487961,Yahoo Finance monthly adjusted close
IWM,Russell 2000 ETF,Small caps,2023-09-01,171.003265,Yahoo Finance monthly adjusted close
IWM,Russell 2000 ETF,Small caps,2023-10-01,159.927002,Yahoo Finance monthly adjusted close
IWM,Russell 2000 ETF,Small caps,2023-11-01,174.644318,Yahoo Finance monthly adjusted close
IWM,Russell 2000 ETF,Small caps,2023-12-01,195.106659,Yahoo Finance monthly adjusted close
IWM,Russell 2000 ETF,Small caps,2024-01-01,188.182678,Yahoo Finance monthly adjusted close
IWM,Russell 2000 ETF,Small caps,2024-02-01,198.768448,Yahoo Finance monthly adjusted close
IWM,Russell 2000 ETF,Small caps,2024-03-01,205.178436,Yahoo Finance monthly adjusted close
IWM,Russell 2000 ETF,Small caps,2024-04-01,191.614426,Yahoo Finance monthly adjusted close
IWM,Russell 2000 ETF,Small caps,2024-05-01,201.268524,Yahoo Finance monthly adjusted close
IWM,Russell 2000 ETF,Small caps,2024-06-01,198.451523,Yahoo Finance monthly adjusted close
IWM,Russell 2000 ETF,Small caps,2024-07-01,219.574005,Yahoo Finance monthly adjusted close
IWM,Russell 2000 ETF,Small caps,2024-08-01,215.866379,Yahoo Finance monthly adjusted close
IWM,Russell 2000 ETF,Small caps,2024-09-01,216.660889,Yahoo Finance monthly adjusted close
IWM,Russell 2000 ETF,Small caps,2024-10-01,214.319641,Yahoo Finance monthly adjusted close
IWM,Russell 2000 ETF,Small caps,2024-11-01,238.048737,Yahoo Finance monthly adjusted close
IWM,Russell 2000 ETF,Small caps,2024-12-01,217.469101,Yahoo Finance monthly adjusted close
IWM,Russell 2000 ETF,Small caps,2025-01-01,223.563675,Yahoo Finance monthly adjusted close
IWM,Russell 2000 ETF,Small caps,2025-02-01,211.886017,Yahoo Finance monthly adjusted close
IWM,Russell 2000 ETF,Small caps,2025-03-01,196.921249,Yahoo Finance monthly adjusted close
IWM,Russell 2000 ETF,Small caps,2025-04-01,192.782486,Yahoo Finance monthly adjusted close
IWM,Russell 2000 ETF,Small caps,2025-05-01,202.883636,Yahoo Finance monthly adjusted close
IWM,Russell 2000 ETF,Small caps,2025-06-01,213.489334,Yahoo Finance monthly adjusted close
IWM,Russell 2000 ETF,Small caps,2025-07-01,217.651108,Yahoo Finance monthly adjusted close
IWM,Russell 2000 ETF,Small caps,2025-08-01,233.306046,Yahoo Finance monthly adjusted close
IWM,Russell 2000 ETF,Small caps,2025-09-01,240.042236,Yahoo Finance monthly adjusted close
IWM,Russell 2000 ETF,Small caps,2025-10-01,244.971283,Yahoo Finance monthly adjusted close
IWM,Russell 2000 ETF,Small caps,2025-11-01,247.478409,Yahoo Finance monthly adjusted close
IWM,Russell 2000 ETF,Small caps,2025-12-01,244.901642,Yahoo Finance monthly adjusted close
IWM,Russell 2000 ETF,Small caps,2026-01-01,259.188934,Yahoo Finance monthly adjusted close
IWM,Russell 2000 ETF,Small caps,2026-02-01,260.945831,Yahoo Finance monthly adjusted close
IWM,Russell 2000 ETF,Small caps,2026-03-01,247.559631,Yahoo Finance monthly adjusted close
IWM,Russell 2000 ETF,Small caps,2026-04-01,277.970001,Yahoo Finance monthly adjusted close
IWM,Russell 2000 ETF,Small caps,2026-05-01,285.119995,Yahoo Finance monthly adjusted close
IWM,Russell 2000 ETF,Small caps,2026-05-01,285.119995,Yahoo Finance monthly adjusted close
XLK,Technology Select Sector SPDR,Sector,1998-12-01,12.138402,Yahoo Finance monthly adjusted close
XLK,Technology Select Sector SPDR,Sector,1999-01-01,14.068455,Yahoo Finance monthly adjusted close
XLK,Technology Select Sector SPDR,Sector,1999-02-01,12.673236,Yahoo Finance monthly adjusted close
XLK,Technology Select Sector SPDR,Sector,1999-03-01,13.615010,Yahoo Finance monthly adjusted close
XLK,Technology Select Sector SPDR,Sector,1999-04-01,13.696401,Yahoo Finance monthly adjusted close
XLK,Technology Select Sector SPDR,Sector,1999-05-01,13.742902,Yahoo Finance monthly adjusted close
XLK,Technology Select Sector SPDR,Sector,1999-06-01,15.062546,Yahoo Finance monthly adjusted close
XLK,Technology Select Sector SPDR,Sector,1999-07-01,14.888146,Yahoo Finance monthly adjusted close
XLK,Technology Select Sector SPDR,Sector,1999-08-01,15.411354,Yahoo Finance monthly adjusted close
XLK,Technology Select Sector SPDR,Sector,1999-09-01,15.347404,Yahoo Finance monthly adjusted close
XLK,Technology Select Sector SPDR,Sector,1999-10-01,15.812472,Yahoo Finance monthly adjusted close
XLK,Technology Select Sector SPDR,Sector,1999-11-01,17.364660,Yahoo Finance monthly adjusted close
XLK,Technology Select Sector SPDR,Sector,1999-12-01,20.044643,Yahoo Finance monthly adjusted close
XLK,Technology Select Sector SPDR,Sector,2000-01-01,18.812557,Yahoo Finance monthly adjusted close
XLK,Technology Select Sector SPDR,Sector,2000-02-01,20.789158,Yahoo Finance monthly adjusted close
XLK,Technology Select Sector SPDR,Sector,2000-03-01,22.533234,Yahoo Finance monthly adjusted close
XLK,Technology Select Sector SPDR,Sector,2000-04-01,20.463602,Yahoo Finance monthly adjusted close
XLK,Technology Select Sector SPDR,Sector,2000-05-01,18.335852,Yahoo Finance monthly adjusted close
XLK,Technology Select Sector SPDR,Sector,2000-06-01,20.161310,Yahoo Finance monthly adjusted close
XLK,Technology Select Sector SPDR,Sector,2000-07-01,19.091618,Yahoo Finance monthly adjusted close
XLK,Technology Select Sector SPDR,Sector,2000-08-01,21.033333,Yahoo Finance monthly adjusted close
XLK,Technology Select Sector SPDR,Sector,2000-09-01,17.254534,Yahoo Finance monthly adjusted close
XLK,Technology Select Sector SPDR,Sector,2000-10-01,16.266249,Yahoo Finance monthly adjusted close
XLK,Technology Select Sector SPDR,Sector,2000-11-01,12.929281,Yahoo Finance monthly adjusted close
XLK,Technology Select Sector SPDR,Sector,2000-12-01,11.650305,Yahoo Finance monthly adjusted close
XLK,Technology Select Sector SPDR,Sector,2001-01-01,13.878046,Yahoo Finance monthly adjusted close
XLK,Technology Select Sector SPDR,Sector,2001-02-01,10.421557,Yahoo Finance monthly adjusted close
XLK,Technology Select Sector SPDR,Sector,2001-03-01,9.227228,Yahoo Finance monthly adjusted close
XLK,Technology Select Sector SPDR,Sector,2001-04-01,10.719210,Yahoo Finance monthly adjusted close
XLK,Technology Select Sector SPDR,Sector,2001-05-01,10.280170,Yahoo Finance monthly adjusted close
XLK,Technology Select Sector SPDR,Sector,2001-06-01,10.481088,Yahoo Finance monthly adjusted close
XLK,Technology Select Sector SPDR,Sector,2001-07-01,9.755561,Yahoo Finance monthly adjusted close
XLK,Technology Select Sector SPDR,Sector,2001-08-01,8.564954,Yahoo Finance monthly adjusted close
XLK,Technology Select Sector SPDR,Sector,2001-09-01,7.162263,Yahoo Finance monthly adjusted close
XLK,Technology Select Sector SPDR,Sector,2001-10-01,7.943601,Yahoo Finance monthly adjusted close
XLK,Technology Select Sector SPDR,Sector,2001-11-01,9.130493,Yahoo Finance monthly adjusted close
XLK,Technology Select Sector SPDR,Sector,2001-12-01,8.929573,Yahoo Finance monthly adjusted close
XLK,Technology Select Sector SPDR,Sector,2002-01-01,8.832830,Yahoo Finance monthly adjusted close
XLK,Technology Select Sector SPDR,Sector,2002-02-01,7.683155,Yahoo Finance monthly adjusted close
XLK,Technology Select Sector SPDR,Sector,2002-03-01,8.062665,Yahoo Finance monthly adjusted close
XLK,Technology Select Sector SPDR,Sector,2002-04-01,7.087850,Yahoo Finance monthly adjusted close
XLK,Technology Select Sector SPDR,Sector,2002-05-01,6.793917,Yahoo Finance monthly adjusted close
XLK,Technology Select Sector SPDR,Sector,2002-06-01,5.886077,Yahoo Finance monthly adjusted close
XLK,Technology Select Sector SPDR,Sector,2002-07-01,5.327980,Yahoo Finance monthly adjusted close
XLK,Technology Select Sector SPDR,Sector,2002-08-01,5.283333,Yahoo Finance monthly adjusted close
XLK,Technology Select Sector SPDR,Sector,2002-09-01,4.401536,Yahoo Finance monthly adjusted close
XLK,Technology Select Sector SPDR,Sector,2002-10-01,5.491689,Yahoo Finance monthly adjusted close
XLK,Technology Select Sector SPDR,Sector,2002-11-01,6.362321,Yahoo Finance monthly adjusted close
XLK,Technology Select Sector SPDR,Sector,2002-12-01,5.506570,Yahoo Finance monthly adjusted close
XLK,Technology Select Sector SPDR,Sector,2003-01-01,5.390859,Yahoo Finance monthly adjusted close
XLK,Technology Select Sector SPDR,Sector,2003-02-01,5.416977,Yahoo Finance monthly adjusted close
XLK,Technology Select Sector SPDR,Sector,2003-03-01,5.334899,Yahoo Finance monthly adjusted close
XLK,Technology Select Sector SPDR,Sector,2003-04-01,5.823622,Yahoo Finance monthly adjusted close
XLK,Technology Select Sector SPDR,Sector,2003-05-01,6.323535,Yahoo Finance monthly adjusted close
XLK,Technology Select Sector SPDR,Sector,2003-06-01,6.368304,Yahoo Finance monthly adjusted close
XLK,Technology Select Sector SPDR,Sector,2003-07-01,6.566032,Yahoo Finance monthly adjusted close
XLK,Technology Select Sector SPDR,Sector,2003-08-01,6.879407,Yahoo Finance monthly adjusted close
XLK,Technology Select Sector SPDR,Sector,2003-09-01,6.819715,Yahoo Finance monthly adjusted close
XLK,Technology Select Sector SPDR,Sector,2003-10-01,7.319632,Yahoo Finance monthly adjusted close
XLK,Technology Select Sector SPDR,Sector,2003-11-01,7.424092,Yahoo Finance monthly adjusted close
XLK,Technology Select Sector SPDR,Sector,2003-12-01,7.603162,Yahoo Finance monthly adjusted close
XLK,Technology Select Sector SPDR,Sector,2004-01-01,7.983741,Yahoo Finance monthly adjusted close
XLK,Technology Select Sector SPDR,Sector,2004-02-01,7.780861,Yahoo Finance monthly adjusted close
XLK,Technology Select Sector SPDR,Sector,2004-03-01,7.574221,Yahoo Finance monthly adjusted close
XLK,Technology Select Sector SPDR,Sector,2004-04-01,7.284925,Yahoo Finance monthly adjusted close
XLK,Technology Select Sector SPDR,Sector,2004-05-01,7.570461,Yahoo Finance monthly adjusted close
XLK,Technology Select Sector SPDR,Sector,2004-06-01,7.777099,Yahoo Finance monthly adjusted close
XLK,Technology Select Sector SPDR,Sector,2004-07-01,7.303714,Yahoo Finance monthly adjusted close
XLK,Technology Select Sector SPDR,Sector,2004-08-01,6.980607,Yahoo Finance monthly adjusted close
XLK,Technology Select Sector SPDR,Sector,2004-09-01,7.183491,Yahoo Finance monthly adjusted close
XLK,Technology Select Sector SPDR,Sector,2004-10-01,7.499080,Yahoo Finance monthly adjusted close
XLK,Technology Select Sector SPDR,Sector,2004-11-01,7.882299,Yahoo Finance monthly adjusted close
XLK,Technology Select Sector SPDR,Sector,2004-12-01,7.931143,Yahoo Finance monthly adjusted close
XLK,Technology Select Sector SPDR,Sector,2005-01-01,7.632586,Yahoo Finance monthly adjusted close
XLK,Technology Select Sector SPDR,Sector,2005-02-01,7.644076,Yahoo Finance monthly adjusted close
XLK,Technology Select Sector SPDR,Sector,2005-03-01,7.494644,Yahoo Finance monthly adjusted close
XLK,Technology Select Sector SPDR,Sector,2005-04-01,7.230260,Yahoo Finance monthly adjusted close
XLK,Technology Select Sector SPDR,Sector,2005-05-01,7.732209,Yahoo Finance monthly adjusted close
XLK,Technology Select Sector SPDR,Sector,2005-06-01,7.632586,Yahoo Finance monthly adjusted close
XLK,Technology Select Sector SPDR,Sector,2005-07-01,8.065556,Yahoo Finance monthly adjusted close
XLK,Technology Select Sector SPDR,Sector,2005-08-01,7.988926,Yahoo Finance monthly adjusted close
XLK,Technology Select Sector SPDR,Sector,2005-09-01,8.008080,Yahoo Finance monthly adjusted close
XLK,Technology Select Sector SPDR,Sector,2005-10-01,7.824166,Yahoo Finance monthly adjusted close
XLK,Technology Select Sector SPDR,Sector,2005-11-01,8.318439,Yahoo Finance monthly adjusted close
XLK,Technology Select Sector SPDR,Sector,2005-12-01,8.008080,Yahoo Finance monthly adjusted close
XLK,Technology Select Sector SPDR,Sector,2006-01-01,8.333001,Yahoo Finance monthly adjusted close
XLK,Technology Select Sector SPDR,Sector,2006-02-01,8.352288,Yahoo Finance monthly adjusted close
XLK,Technology Select Sector SPDR,Sector,2006-03-01,8.541323,Yahoo Finance monthly adjusted close
XLK,Technology Select Sector SPDR,Sector,2006-04-01,8.429443,Yahoo Finance monthly adjusted close
XLK,Technology Select Sector SPDR,Sector,2006-05-01,7.881627,Yahoo Finance monthly adjusted close
XLK,Technology Select Sector SPDR,Sector,2006-06-01,7.843045,Yahoo Finance monthly adjusted close
XLK,Technology Select Sector SPDR,Sector,2006-07-01,7.638580,Yahoo Finance monthly adjusted close
XLK,Technology Select Sector SPDR,Sector,2006-08-01,8.174827,Yahoo Finance monthly adjusted close
XLK,Technology Select Sector SPDR,Sector,2006-09-01,8.487313,Yahoo Finance monthly adjusted close
XLK,Technology Select Sector SPDR,Sector,2006-10-01,8.840881,Yahoo Finance monthly adjusted close
XLK,Technology Select Sector SPDR,Sector,2006-11-01,9.092152,Yahoo Finance monthly adjusted close
XLK,Technology Select Sector SPDR,Sector,2006-12-01,8.991644,Yahoo Finance monthly adjusted close
XLK,Technology Select Sector SPDR,Sector,2007-01-01,9.225910,Yahoo Finance monthly adjusted close
XLK,Technology Select Sector SPDR,Sector,2007-02-01,8.977082,Yahoo Finance monthly adjusted close
XLK,Technology Select Sector SPDR,Sector,2007-03-01,9.066505,Yahoo Finance monthly adjusted close
XLK,Technology Select Sector SPDR,Sector,2007-04-01,9.494171,Yahoo Finance monthly adjusted close
XLK,Technology Select Sector SPDR,Sector,2007-05-01,9.972377,Yahoo Finance monthly adjusted close
XLK,Technology Select Sector SPDR,Sector,2007-06-01,9.952940,Yahoo Finance monthly adjusted close
XLK,Technology Select Sector SPDR,Sector,2007-07-01,9.940474,Yahoo Finance monthly adjusted close
XLK,Technology Select Sector SPDR,Sector,2007-08-01,10.131111,Yahoo Finance monthly adjusted close
XLK,Technology Select Sector SPDR,Sector,2007-09-01,10.492937,Yahoo Finance monthly adjusted close
XLK,Technology Select Sector SPDR,Sector,2007-10-01,11.071377,Yahoo Finance monthly adjusted close
XLK,Technology Select Sector SPDR,Sector,2007-11-01,10.237128,Yahoo Finance monthly adjusted close
XLK,Technology Select Sector SPDR,Sector,2007-12-01,10.393064,Yahoo Finance monthly adjusted close
XLK,Technology Select Sector SPDR,Sector,2008-01-01,9.105509,Yahoo Finance monthly adjusted close
XLK,Technology Select Sector SPDR,Sector,2008-02-01,8.674707,Yahoo Finance monthly adjusted close
XLK,Technology Select Sector SPDR,Sector,2008-03-01,8.772613,Yahoo Finance monthly adjusted close
XLK,Technology Select Sector SPDR,Sector,2008-04-01,9.323432,Yahoo Finance monthly adjusted close
XLK,Technology Select Sector SPDR,Sector,2008-05-01,9.930634,Yahoo Finance monthly adjusted close
XLK,Technology Select Sector SPDR,Sector,2008-06-01,8.974782,Yahoo Finance monthly adjusted close
XLK,Technology Select Sector SPDR,Sector,2008-07-01,8.780394,Yahoo Finance monthly adjusted close
XLK,Technology Select Sector SPDR,Sector,2008-08-01,8.937535,Yahoo Finance monthly adjusted close
XLK,Technology Select Sector SPDR,Sector,2008-09-01,7.798247,Yahoo Finance monthly adjusted close
XLK,Technology Select Sector SPDR,Sector,2008-10-01,6.563535,Yahoo Finance monthly adjusted close
XLK,Technology Select Sector SPDR,Sector,2008-11-01,6.011646,Yahoo Finance monthly adjusted close
XLK,Technology Select Sector SPDR,Sector,2008-12-01,6.074717,Yahoo Finance monthly adjusted close
XLK,Technology Select Sector SPDR,Sector,2009-01-01,5.817908,Yahoo Finance monthly adjusted close
XLK,Technology Select Sector SPDR,Sector,2009-02-01,5.595974,Yahoo Finance monthly adjusted close
XLK,Technology Select Sector SPDR,Sector,2009-03-01,6.190444,Yahoo Finance monthly adjusted close
XLK,Technology Select Sector SPDR,Sector,2009-04-01,6.870906,Yahoo Finance monthly adjusted close
XLK,Technology Select Sector SPDR,Sector,2009-05-01,7.030231,Yahoo Finance monthly adjusted close
XLK,Technology Select Sector SPDR,Sector,2009-06-01,7.253290,Yahoo Finance monthly adjusted close
XLK,Technology Select Sector SPDR,Sector,2009-07-01,7.882282,Yahoo Finance monthly adjusted close
XLK,Technology Select Sector SPDR,Sector,2009-08-01,8.010323,Yahoo Finance monthly adjusted close
XLK,Technology Select Sector SPDR,Sector,2009-09-01,8.350418,Yahoo Finance monthly adjusted close
XLK,Technology Select Sector SPDR,Sector,2009-10-01,8.276971,Yahoo Finance monthly adjusted close
XLK,Technology Select Sector SPDR,Sector,2009-11-01,8.734792,Yahoo Finance monthly adjusted close
XLK,Technology Select Sector SPDR,Sector,2009-12-01,9.208679,Yahoo Finance monthly adjusted close
XLK,Technology Select Sector SPDR,Sector,2010-01-01,8.447757,Yahoo Finance monthly adjusted close
XLK,Technology Select Sector SPDR,Sector,2010-02-01,8.741977,Yahoo Finance monthly adjusted close
XLK,Technology Select Sector SPDR,Sector,2010-03-01,9.310262,Yahoo Finance monthly adjusted close
XLK,Technology Select Sector SPDR,Sector,2010-04-01,9.457165,Yahoo Finance monthly adjusted close
XLK,Technology Select Sector SPDR,Sector,2010-05-01,8.749594,Yahoo Finance monthly adjusted close
XLK,Technology Select Sector SPDR,Sector,2010-06-01,8.248230,Yahoo Finance monthly adjusted close
XLK,Technology Select Sector SPDR,Sector,2010-07-01,8.894156,Yahoo Finance monthly adjusted close
XLK,Technology Select Sector SPDR,Sector,2010-08-01,8.395083,Yahoo Finance monthly adjusted close
XLK,Technology Select Sector SPDR,Sector,2010-09-01,9.340488,Yahoo Finance monthly adjusted close
XLK,Technology Select Sector SPDR,Sector,2010-10-01,9.915860,Yahoo Finance monthly adjusted close
XLK,Technology Select Sector SPDR,Sector,2010-11-01,9.752968,Yahoo Finance monthly adjusted close
XLK,Technology Select Sector SPDR,Sector,2010-12-01,10.257924,Yahoo Finance monthly adjusted close
XLK,Technology Select Sector SPDR,Sector,2011-01-01,10.621758,Yahoo Finance monthly adjusted close
XLK,Technology Select Sector SPDR,Sector,2011-02-01,10.854709,Yahoo Finance monthly adjusted close
XLK,Technology Select Sector SPDR,Sector,2011-03-01,10.650364,Yahoo Finance monthly adjusted close
XLK,Technology Select Sector SPDR,Sector,2011-04-01,10.965204,Yahoo Finance monthly adjusted close
XLK,Technology Select Sector SPDR,Sector,2011-05-01,10.850386,Yahoo Finance monthly adjusted close
XLK,Technology Select Sector SPDR,Sector,2011-06-01,10.538733,Yahoo Finance monthly adjusted close
XLK,Technology Select Sector SPDR,Sector,2011-07-01,10.626225,Yahoo Finance monthly adjusted close
XLK,Technology Select Sector SPDR,Sector,2011-08-01,10.062182,Yahoo Finance monthly adjusted close
XLK,Technology Select Sector SPDR,Sector,2011-09-01,9.716348,Yahoo Finance monthly adjusted close
XLK,Technology Select Sector SPDR,Sector,2011-10-01,10.749311,Yahoo Finance monthly adjusted close
XLK,Technology Select Sector SPDR,Sector,2011-11-01,10.588136,Yahoo Finance monthly adjusted close
XLK,Technology Select Sector SPDR,Sector,2011-12-01,10.517879,Yahoo Finance monthly adjusted close
XLK,Technology Select Sector SPDR,Sector,2012-01-01,11.219732,Yahoo Finance monthly adjusted close
XLK,Technology Select Sector SPDR,Sector,2012-02-01,12.016694,Yahoo Finance monthly adjusted close
XLK,Technology Select Sector SPDR,Sector,2012-03-01,12.518943,Yahoo Finance monthly adjusted close
XLK,Technology Select Sector SPDR,Sector,2012-04-01,12.417564,Yahoo Finance monthly adjusted close
XLK,Technology Select Sector SPDR,Sector,2012-05-01,11.630537,Yahoo Finance monthly adjusted close
XLK,Technology Select Sector SPDR,Sector,2012-06-01,11.963670,Yahoo Finance monthly adjusted close
XLK,Technology Select Sector SPDR,Sector,2012-07-01,12.231685,Yahoo Finance monthly adjusted close
XLK,Technology Select Sector SPDR,Sector,2012-08-01,12.745865,Yahoo Finance monthly adjusted close
XLK,Technology Select Sector SPDR,Sector,2012-09-01,12.887999,Yahoo Finance monthly adjusted close
XLK,Technology Select Sector SPDR,Sector,2012-10-01,12.118506,Yahoo Finance monthly adjusted close
XLK,Technology Select Sector SPDR,Sector,2012-11-01,12.227644,Yahoo Finance monthly adjusted close
XLK,Technology Select Sector SPDR,Sector,2012-12-01,12.110109,Yahoo Finance monthly adjusted close
XLK,Technology Select Sector SPDR,Sector,2013-01-01,12.411975,Yahoo Finance monthly adjusted close
XLK,Technology Select Sector SPDR,Sector,2013-02-01,12.509074,Yahoo Finance monthly adjusted close
XLK,Technology Select Sector SPDR,Sector,2013-03-01,12.779270,Yahoo Finance monthly adjusted close
XLK,Technology Select Sector SPDR,Sector,2013-04-01,13.056196,Yahoo Finance monthly adjusted close
XLK,Technology Select Sector SPDR,Sector,2013-05-01,13.420747,Yahoo Finance monthly adjusted close
XLK,Technology Select Sector SPDR,Sector,2013-06-01,12.967169,Yahoo Finance monthly adjusted close
XLK,Technology Select Sector SPDR,Sector,2013-07-01,13.518339,Yahoo Finance monthly adjusted close
XLK,Technology Select Sector SPDR,Sector,2013-08-01,13.377746,Yahoo Finance monthly adjusted close
XLK,Technology Select Sector SPDR,Sector,2013-09-01,13.650415,Yahoo Finance monthly adjusted close
XLK,Technology Select Sector SPDR,Sector,2013-10-01,14.405736,Yahoo Finance monthly adjusted close
XLK,Technology Select Sector SPDR,Sector,2013-11-01,14.850965,Yahoo Finance monthly adjusted close
XLK,Technology Select Sector SPDR,Sector,2013-12-01,15.300476,Yahoo Finance monthly adjusted close
XLK,Technology Select Sector SPDR,Sector,2014-01-01,14.980097,Yahoo Finance monthly adjusted close
XLK,Technology Select Sector SPDR,Sector,2014-02-01,15.638332,Yahoo Finance monthly adjusted close
XLK,Technology Select Sector SPDR,Sector,2014-03-01,15.638332,Yahoo Finance monthly adjusted close
XLK,Technology Select Sector SPDR,Sector,2014-04-01,15.748822,Yahoo Finance monthly adjusted close
XLK,Technology Select Sector SPDR,Sector,2014-05-01,16.340754,Yahoo Finance monthly adjusted close
XLK,Technology Select Sector SPDR,Sector,2014-06-01,16.569752,Yahoo Finance monthly adjusted close
XLK,Technology Select Sector SPDR,Sector,2014-07-01,16.928289,Yahoo Finance monthly adjusted close
XLK,Technology Select Sector SPDR,Sector,2014-08-01,17.483875,Yahoo Finance monthly adjusted close
XLK,Technology Select Sector SPDR,Sector,2014-09-01,17.318933,Yahoo Finance monthly adjusted close
XLK,Technology Select Sector SPDR,Sector,2014-10-01,17.672466,Yahoo Finance monthly adjusted close
XLK,Technology Select Sector SPDR,Sector,2014-11-01,18.522520,Yahoo Finance monthly adjusted close
XLK,Technology Select Sector SPDR,Sector,2014-12-01,18.025560,Yahoo Finance monthly adjusted close
XLK,Technology Select Sector SPDR,Sector,2015-01-01,17.483944,Yahoo Finance monthly adjusted close
XLK,Technology Select Sector SPDR,Sector,2015-02-01,18.881794,Yahoo Finance monthly adjusted close
XLK,Technology Select Sector SPDR,Sector,2015-03-01,18.158772,Yahoo Finance monthly adjusted close
XLK,Technology Select Sector SPDR,Sector,2015-04-01,18.734684,Yahoo Finance monthly adjusted close
XLK,Technology Select Sector SPDR,Sector,2015-05-01,19.082270,Yahoo Finance monthly adjusted close
XLK,Technology Select Sector SPDR,Sector,2015-06-01,18.215494,Yahoo Finance monthly adjusted close
XLK,Technology Select Sector SPDR,Sector,2015-07-01,18.818972,Yahoo Finance monthly adjusted close
XLK,Technology Select Sector SPDR,Sector,2015-08-01,17.780352,Yahoo Finance monthly adjusted close
XLK,Technology Select Sector SPDR,Sector,2015-09-01,17.457712,Yahoo Finance monthly adjusted close
XLK,Technology Select Sector SPDR,Sector,2015-10-01,19.378857,Yahoo Finance monthly adjusted close
XLK,Technology Select Sector SPDR,Sector,2015-11-01,19.516487,Yahoo Finance monthly adjusted close
XLK,Technology Select Sector SPDR,Sector,2015-12-01,19.014812,Yahoo Finance monthly adjusted close
XLK,Technology Select Sector SPDR,Sector,2016-01-01,18.400875,Yahoo Finance monthly adjusted close
XLK,Technology Select Sector SPDR,Sector,2016-02-01,18.280405,Yahoo Finance monthly adjusted close
XLK,Technology Select Sector SPDR,Sector,2016-03-01,19.792988,Yahoo Finance monthly adjusted close
XLK,Technology Select Sector SPDR,Sector,2016-04-01,18.893011,Yahoo Finance monthly adjusted close
XLK,Technology Select Sector SPDR,Sector,2016-05-01,19.816816,Yahoo Finance monthly adjusted close
XLK,Technology Select Sector SPDR,Sector,2016-06-01,19.449081,Yahoo Finance monthly adjusted close
XLK,Technology Select Sector SPDR,Sector,2016-07-01,20.931713,Yahoo Finance monthly adjusted close
XLK,Technology Select Sector SPDR,Sector,2016-08-01,21.175055,Yahoo Finance monthly adjusted close
XLK,Technology Select Sector SPDR,Sector,2016-09-01,21.531052,Yahoo Finance monthly adjusted close
XLK,Technology Select Sector SPDR,Sector,2016-10-01,21.457214,Yahoo Finance monthly adjusted close
XLK,Technology Select Sector SPDR,Sector,2016-11-01,21.493416,Yahoo Finance monthly adjusted close
XLK,Technology Select Sector SPDR,Sector,2016-12-01,21.882555,Yahoo Finance monthly adjusted close
XLK,Technology Select Sector SPDR,Sector,2017-01-01,22.760849,Yahoo Finance monthly adjusted close
XLK,Technology Select Sector SPDR,Sector,2017-02-01,23.792545,Yahoo Finance monthly adjusted close
XLK,Technology Select Sector SPDR,Sector,2017-03-01,24.228853,Yahoo Finance monthly adjusted close
XLK,Technology Select Sector SPDR,Sector,2017-04-01,24.810354,Yahoo Finance monthly adjusted close
XLK,Technology Select Sector SPDR,Sector,2017-05-01,25.791262,Yahoo Finance monthly adjusted close
XLK,Technology Select Sector SPDR,Sector,2017-06-01,24.965471,Yahoo Finance monthly adjusted close
XLK,Technology Select Sector SPDR,Sector,2017-07-01,26.183775,Yahoo Finance monthly adjusted close
XLK,Technology Select Sector SPDR,Sector,2017-08-01,26.948763,Yahoo Finance monthly adjusted close
XLK,Technology Select Sector SPDR,Sector,2017-09-01,27.072439,Yahoo Finance monthly adjusted close
XLK,Technology Select Sector SPDR,Sector,2017-10-01,28.939068,Yahoo Finance monthly adjusted close
XLK,Technology Select Sector SPDR,Sector,2017-11-01,29.348209,Yahoo Finance monthly adjusted close
XLK,Technology Select Sector SPDR,Sector,2017-12-01,29.398777,Yahoo Finance monthly adjusted close
XLK,Technology Select Sector SPDR,Sector,2018-01-01,31.584826,Yahoo Finance monthly adjusted close
XLK,Technology Select Sector SPDR,Sector,2018-02-01,31.455635,Yahoo Finance monthly adjusted close
XLK,Technology Select Sector SPDR,Sector,2018-03-01,30.186707,Yahoo Finance monthly adjusted close
XLK,Technology Select Sector SPDR,Sector,2018-04-01,30.299658,Yahoo Finance monthly adjusted close
XLK,Technology Select Sector SPDR,Sector,2018-05-01,32.354797,Yahoo Finance monthly adjusted close
XLK,Technology Select Sector SPDR,Sector,2018-06-01,32.155777,Yahoo Finance monthly adjusted close
XLK,Technology Select Sector SPDR,Sector,2018-07-01,32.943199,Yahoo Finance monthly adjusted close
XLK,Technology Select Sector SPDR,Sector,2018-08-01,35.117123,Yahoo Finance monthly adjusted close
XLK,Technology Select Sector SPDR,Sector,2018-09-01,34.991699,Yahoo Finance monthly adjusted close
XLK,Technology Select Sector SPDR,Sector,2018-10-01,32.299850,Yahoo Finance monthly adjusted close
XLK,Technology Select Sector SPDR,Sector,2018-11-01,31.665974,Yahoo Finance monthly adjusted close
XLK,Technology Select Sector SPDR,Sector,2018-12-01,28.888090,Yahoo Finance monthly adjusted close
XLK,Technology Select Sector SPDR,Sector,2019-01-01,31.026352,Yahoo Finance monthly adjusted close
XLK,Technology Select Sector SPDR,Sector,2019-02-01,33.170292,Yahoo Finance monthly adjusted close
XLK,Technology Select Sector SPDR,Sector,2019-03-01,34.640175,Yahoo Finance monthly adjusted close
XLK,Technology Select Sector SPDR,Sector,2019-04-01,36.964001,Yahoo Finance monthly adjusted close
XLK,Technology Select Sector SPDR,Sector,2019-05-01,33.761177,Yahoo Finance monthly adjusted close
XLK,Technology Select Sector SPDR,Sector,2019-06-01,36.649357,Yahoo Finance monthly adjusted close
XLK,Technology Select Sector SPDR,Sector,2019-07-01,38.065449,Yahoo Finance monthly adjusted close
XLK,Technology Select Sector SPDR,Sector,2019-08-01,37.481056,Yahoo Finance monthly adjusted close
XLK,Technology Select Sector SPDR,Sector,2019-09-01,37.952332,Yahoo Finance monthly adjusted close
XLK,Technology Select Sector SPDR,Sector,2019-10-01,39.555012,Yahoo Finance monthly adjusted close
XLK,Technology Select Sector SPDR,Sector,2019-11-01,41.677650,Yahoo Finance monthly adjusted close
XLK,Technology Select Sector SPDR,Sector,2019-12-01,43.337017,Yahoo Finance monthly adjusted close
XLK,Technology Select Sector SPDR,Sector,2020-01-01,45.214310,Yahoo Finance monthly adjusted close
XLK,Technology Select Sector SPDR,Sector,2020-02-01,41.913231,Yahoo Finance monthly adjusted close
XLK,Technology Select Sector SPDR,Sector,2020-03-01,38.118893,Yahoo Finance monthly adjusted close
XLK,Technology Select Sector SPDR,Sector,2020-04-01,43.581478,Yahoo Finance monthly adjusted close
XLK,Technology Select Sector SPDR,Sector,2020-05-01,46.709072,Yahoo Finance monthly adjusted close
XLK,Technology Select Sector SPDR,Sector,2020-06-01,49.817612,Yahoo Finance monthly adjusted close
XLK,Technology Select Sector SPDR,Sector,2020-07-01,52.794724,Yahoo Finance monthly adjusted close
XLK,Technology Select Sector SPDR,Sector,2020-08-01,59.067181,Yahoo Finance monthly adjusted close
XLK,Technology Select Sector SPDR,Sector,2020-09-01,55.792309,Yahoo Finance monthly adjusted close
XLK,Technology Select Sector SPDR,Sector,2020-10-01,53.117699,Yahoo Finance monthly adjusted close
XLK,Technology Select Sector SPDR,Sector,2020-11-01,59.164474,Yahoo Finance monthly adjusted close
XLK,Technology Select Sector SPDR,Sector,2020-12-01,62.298065,Yahoo Finance monthly adjusted close
XLK,Technology Select Sector SPDR,Sector,2021-01-01,61.919666,Yahoo Finance monthly adjusted close
XLK,Technology Select Sector SPDR,Sector,2021-02-01,62.764931,Yahoo Finance monthly adjusted close
XLK,Technology Select Sector SPDR,Sector,2021-03-01,63.783062,Yahoo Finance monthly adjusted close
XLK,Technology Select Sector SPDR,Sector,2021-04-01,67.233681,Yahoo Finance monthly adjusted close
XLK,Technology Select Sector SPDR,Sector,2021-05-01,66.608017,Yahoo Finance monthly adjusted close
XLK,Technology Select Sector SPDR,Sector,2021-06-01,71.064606,Yahoo Finance monthly adjusted close
XLK,Technology Select Sector SPDR,Sector,2021-07-01,73.962425,Yahoo Finance monthly adjusted close
XLK,Technology Select Sector SPDR,Sector,2021-08-01,76.594994,Yahoo Finance monthly adjusted close
XLK,Technology Select Sector SPDR,Sector,2021-09-01,71.995262,Yahoo Finance monthly adjusted close
XLK,Technology Select Sector SPDR,Sector,2021-10-01,78.019348,Yahoo Finance monthly adjusted close
XLK,Technology Select Sector SPDR,Sector,2021-11-01,81.492119,Yahoo Finance monthly adjusted close
XLK,Technology Select Sector SPDR,Sector,2021-12-01,83.979576,Yahoo Finance monthly adjusted close
XLK,Technology Select Sector SPDR,Sector,2022-01-01,78.379852,Yahoo Finance monthly adjusted close
XLK,Technology Select Sector SPDR,Sector,2022-02-01,74.556915,Yahoo Finance monthly adjusted close
XLK,Technology Select Sector SPDR,Sector,2022-03-01,76.908752,Yahoo Finance monthly adjusted close
XLK,Technology Select Sector SPDR,Sector,2022-04-01,68.561844,Yahoo Finance monthly adjusted close
XLK,Technology Select Sector SPDR,Sector,2022-05-01,68.091568,Yahoo Finance monthly adjusted close
XLK,Technology Select Sector SPDR,Sector,2022-06-01,61.629051,Yahoo Finance monthly adjusted close
XLK,Technology Select Sector SPDR,Sector,2022-07-01,70.101006,Yahoo Finance monthly adjusted close
XLK,Technology Select Sector SPDR,Sector,2022-08-01,65.745811,Yahoo Finance monthly adjusted close
XLK,Technology Select Sector SPDR,Sector,2022-09-01,57.735382,Yahoo Finance monthly adjusted close
XLK,Technology Select Sector SPDR,Sector,2022-10-01,62.307213,Yahoo Finance monthly adjusted close
XLK,Technology Select Sector SPDR,Sector,2022-11-01,66.249222,Yahoo Finance monthly adjusted close
XLK,Technology Select Sector SPDR,Sector,2022-12-01,60.635876,Yahoo Finance monthly adjusted close
XLK,Technology Select Sector SPDR,Sector,2023-01-01,66.439468,Yahoo Finance monthly adjusted close
XLK,Technology Select Sector SPDR,Sector,2023-02-01,66.713127,Yahoo Finance monthly adjusted close
XLK,Technology Select Sector SPDR,Sector,2023-03-01,73.793938,Yahoo Finance monthly adjusted close
XLK,Technology Select Sector SPDR,Sector,2023-04-01,73.868690,Yahoo Finance monthly adjusted close
XLK,Technology Select Sector SPDR,Sector,2023-05-01,80.455788,Yahoo Finance monthly adjusted close
XLK,Technology Select Sector SPDR,Sector,2023-06-01,85.147575,Yahoo Finance monthly adjusted close
XLK,Technology Select Sector SPDR,Sector,2023-07-01,87.529510,Yahoo Finance monthly adjusted close
XLK,Technology Select Sector SPDR,Sector,2023-08-01,86.209305,Yahoo Finance monthly adjusted close
XLK,Technology Select Sector SPDR,Sector,2023-09-01,80.452530,Yahoo Finance monthly adjusted close
XLK,Technology Select Sector SPDR,Sector,2023-10-01,80.663727,Yahoo Finance monthly adjusted close
XLK,Technology Select Sector SPDR,Sector,2023-11-01,91.065773,Yahoo Finance monthly adjusted close
XLK,Technology Select Sector SPDR,Sector,2023-12-01,94.665901,Yahoo Finance monthly adjusted close
XLK,Technology Select Sector SPDR,Sector,2024-01-01,97.437866,Yahoo Finance monthly adjusted close
XLK,Technology Select Sector SPDR,Sector,2024-02-01,102.021904,Yahoo Finance monthly adjusted close
XLK,Technology Select Sector SPDR,Sector,2024-03-01,102.657761,Yahoo Finance monthly adjusted close
XLK,Technology Select Sector SPDR,Sector,2024-04-01,96.902626,Yahoo Finance monthly adjusted close
XLK,Technology Select Sector SPDR,Sector,2024-05-01,103.760414,Yahoo Finance monthly adjusted close
XLK,Technology Select Sector SPDR,Sector,2024-06-01,111.694527,Yahoo Finance monthly adjusted close
XLK,Technology Select Sector SPDR,Sector,2024-07-01,108.215675,Yahoo Finance monthly adjusted close
XLK,Technology Select Sector SPDR,Sector,2024-08-01,108.972412,Yahoo Finance monthly adjusted close
XLK,Technology Select Sector SPDR,Sector,2024-09-01,111.658005,Yahoo Finance monthly adjusted close
XLK,Technology Select Sector SPDR,Sector,2024-10-01,110.114502,Yahoo Finance monthly adjusted close
XLK,Technology Select Sector SPDR,Sector,2024-11-01,115.807518,Yahoo Finance monthly adjusted close
XLK,Technology Select Sector SPDR,Sector,2024-12-01,115.207993,Yahoo Finance monthly adjusted close
XLK,Technology Select Sector SPDR,Sector,2025-01-01,114.548096,Yahoo Finance monthly adjusted close
XLK,Technology Select Sector SPDR,Sector,2025-02-01,111.927704,Yahoo Finance monthly adjusted close
XLK,Technology Select Sector SPDR,Sector,2025-03-01,102.473434,Yahoo Finance monthly adjusted close
XLK,Technology Select Sector SPDR,Sector,2025-04-01,104.388435,Yahoo Finance monthly adjusted close
XLK,Technology Select Sector SPDR,Sector,2025-05-01,114.798943,Yahoo Finance monthly adjusted close
XLK,Technology Select Sector SPDR,Sector,2025-06-01,125.895523,Yahoo Finance monthly adjusted close
XLK,Technology Select Sector SPDR,Sector,2025-07-01,130.839996,Yahoo Finance monthly adjusted close
XLK,Technology Select Sector SPDR,Sector,2025-08-01,130.695572,Yahoo Finance monthly adjusted close
XLK,Technology Select Sector SPDR,Sector,2025-09-01,140.361420,Yahoo Finance monthly adjusted close
XLK,Technology Select Sector SPDR,Sector,2025-10-01,149.925888,Yahoo Finance monthly adjusted close
XLK,Technology Select Sector SPDR,Sector,2025-11-01,142.715820,Yahoo Finance monthly adjusted close
XLK,Technology Select Sector SPDR,Sector,2025-12-01,143.573441,Yahoo Finance monthly adjusted close
XLK,Technology Select Sector SPDR,Sector,2026-01-01,143.701340,Yahoo Finance monthly adjusted close
XLK,Technology Select Sector SPDR,Sector,2026-02-01,138.587677,Yahoo Finance monthly adjusted close
XLK,Technology Select Sector SPDR,Sector,2026-03-01,132.734955,Yahoo Finance monthly adjusted close
XLK,Technology Select Sector SPDR,Sector,2026-04-01,159.500000,Yahoo Finance monthly adjusted close
XLK,Technology Select Sector SPDR,Sector,2026-05-01,180.389999,Yahoo Finance monthly adjusted close
XLK,Technology Select Sector SPDR,Sector,2026-05-01,180.389999,Yahoo Finance monthly adjusted close
XLF,Financial Select Sector SPDR,Sector,1998-12-01,11.223310,Yahoo Finance monthly adjusted close
XLF,Financial Select Sector SPDR,Sector,1999-01-01,11.417842,Yahoo Finance monthly adjusted close
XLF,Financial Select Sector SPDR,Sector,1999-02-01,11.597425,Yahoo Finance monthly adjusted close
XLF,Financial Select Sector SPDR,Sector,1999-03-01,11.941602,Yahoo Finance monthly adjusted close
XLF,Financial Select Sector SPDR,Sector,1999-04-01,12.813531,Yahoo Finance monthly adjusted close
XLF,Financial Select Sector SPDR,Sector,1999-05-01,12.040819,Yahoo Finance monthly adjusted close
XLF,Financial Select Sector SPDR,Sector,1999-06-01,12.528459,Yahoo Finance monthly adjusted close
XLF,Financial Select Sector SPDR,Sector,1999-07-01,11.795893,Yahoo Finance monthly adjusted close
XLF,Financial Select Sector SPDR,Sector,1999-08-01,11.276811,Yahoo Finance monthly adjusted close
XLF,Financial Select Sector SPDR,Sector,1999-09-01,10.652407,Yahoo Finance monthly adjusted close
XLF,Financial Select Sector SPDR,Sector,1999-10-01,12.348607,Yahoo Finance monthly adjusted close
XLF,Financial Select Sector SPDR,Sector,1999-11-01,11.805152,Yahoo Finance monthly adjusted close
XLF,Financial Select Sector SPDR,Sector,1999-12-01,11.480580,Yahoo Finance monthly adjusted close
XLF,Financial Select Sector SPDR,Sector,2000-01-01,11.181813,Yahoo Finance monthly adjusted close
XLF,Financial Select Sector SPDR,Sector,2000-02-01,9.984845,Yahoo Finance monthly adjusted close
XLF,Financial Select Sector SPDR,Sector,2000-03-01,11.765143,Yahoo Finance monthly adjusted close
XLF,Financial Select Sector SPDR,Sector,2000-04-01,11.922367,Yahoo Finance monthly adjusted close
XLF,Financial Select Sector SPDR,Sector,2000-05-01,12.188492,Yahoo Finance monthly adjusted close
XLF,Financial Select Sector SPDR,Sector,2000-06-01,11.557400,Yahoo Finance monthly adjusted close
XLF,Financial Select Sector SPDR,Sector,2000-07-01,12.619736,Yahoo Finance monthly adjusted close
XLF,Financial Select Sector SPDR,Sector,2000-08-01,13.901536,Yahoo Finance monthly adjusted close
XLF,Financial Select Sector SPDR,Sector,2000-09-01,14.160946,Yahoo Finance monthly adjusted close
XLF,Financial Select Sector SPDR,Sector,2000-10-01,14.081303,Yahoo Finance monthly adjusted close
XLF,Financial Select Sector SPDR,Sector,2000-11-01,13.361936,Yahoo Finance monthly adjusted close
XLF,Financial Select Sector SPDR,Sector,2000-12-01,14.448652,Yahoo Finance monthly adjusted close
XLF,Financial Select Sector SPDR,Sector,2001-01-01,14.467676,Yahoo Finance monthly adjusted close
XLF,Financial Select Sector SPDR,Sector,2001-02-01,13.494312,Yahoo Finance monthly adjusted close
XLF,Financial Select Sector SPDR,Sector,2001-03-01,13.046961,Yahoo Finance monthly adjusted close
XLF,Financial Select Sector SPDR,Sector,2001-04-01,13.563624,Yahoo Finance monthly adjusted close
XLF,Financial Select Sector SPDR,Sector,2001-05-01,14.160419,Yahoo Finance monthly adjusted close
XLF,Financial Select Sector SPDR,Sector,2001-06-01,14.007523,Yahoo Finance monthly adjusted close
XLF,Financial Select Sector SPDR,Sector,2001-07-01,13.925426,Yahoo Finance monthly adjusted close
XLF,Financial Select Sector SPDR,Sector,2001-08-01,13.004654,Yahoo Finance monthly adjusted close
XLF,Financial Select Sector SPDR,Sector,2001-09-01,12.217535,Yahoo Finance monthly adjusted close
XLF,Financial Select Sector SPDR,Sector,2001-10-01,12.097865,Yahoo Finance monthly adjusted close
XLF,Financial Select Sector SPDR,Sector,2001-11-01,12.883511,Yahoo Finance monthly adjusted close
XLF,Financial Select Sector SPDR,Sector,2001-12-01,13.077430,Yahoo Finance monthly adjusted close
XLF,Financial Select Sector SPDR,Sector,2002-01-01,12.984627,Yahoo Finance monthly adjusted close
XLF,Financial Select Sector SPDR,Sector,2002-02-01,12.759892,Yahoo Finance monthly adjusted close
XLF,Financial Select Sector SPDR,Sector,2002-03-01,13.558950,Yahoo Finance monthly adjusted close
XLF,Financial Select Sector SPDR,Sector,2002-04-01,13.258354,Yahoo Finance monthly adjusted close
XLF,Financial Select Sector SPDR,Sector,2002-05-01,13.218266,Yahoo Finance monthly adjusted close
XLF,Financial Select Sector SPDR,Sector,2002-06-01,12.596942,Yahoo Finance monthly adjusted close
XLF,Financial Select Sector SPDR,Sector,2002-07-01,11.600992,Yahoo Finance monthly adjusted close
XLF,Financial Select Sector SPDR,Sector,2002-08-01,11.817415,Yahoo Finance monthly adjusted close
XLF,Financial Select Sector SPDR,Sector,2002-09-01,10.403152,Yahoo Finance monthly adjusted close
XLF,Financial Select Sector SPDR,Sector,2002-10-01,11.415527,Yahoo Finance monthly adjusted close
XLF,Financial Select Sector SPDR,Sector,2002-11-01,11.840574,Yahoo Finance monthly adjusted close
XLF,Financial Select Sector SPDR,Sector,2002-12-01,11.132163,Yahoo Finance monthly adjusted close
XLF,Financial Select Sector SPDR,Sector,2003-01-01,11.056419,Yahoo Finance monthly adjusted close
XLF,Financial Select Sector SPDR,Sector,2003-02-01,10.715358,Yahoo Finance monthly adjusted close
XLF,Financial Select Sector SPDR,Sector,2003-03-01,10.567738,Yahoo Finance monthly adjusted close
XLF,Financial Select Sector SPDR,Sector,2003-04-01,11.949832,Yahoo Finance monthly adjusted close
XLF,Financial Select Sector SPDR,Sector,2003-05-01,12.558320,Yahoo Finance monthly adjusted close
XLF,Financial Select Sector SPDR,Sector,2003-06-01,12.553216,Yahoo Finance monthly adjusted close
XLF,Financial Select Sector SPDR,Sector,2003-07-01,13.161174,Yahoo Finance monthly adjusted close
XLF,Financial Select Sector SPDR,Sector,2003-08-01,13.007066,Yahoo Finance monthly adjusted close
XLF,Financial Select Sector SPDR,Sector,2003-09-01,13.053302,Yahoo Finance monthly adjusted close
XLF,Financial Select Sector SPDR,Sector,2003-10-01,14.031301,Yahoo Finance monthly adjusted close
XLF,Financial Select Sector SPDR,Sector,2003-11-01,13.979662,Yahoo Finance monthly adjusted close
XLF,Financial Select Sector SPDR,Sector,2003-12-01,14.527074,Yahoo Finance monthly adjusted close
XLF,Financial Select Sector SPDR,Sector,2004-01-01,15.091665,Yahoo Finance monthly adjusted close
XLF,Financial Select Sector SPDR,Sector,2004-02-01,15.522860,Yahoo Finance monthly adjusted close
XLF,Financial Select Sector SPDR,Sector,2004-03-01,15.273498,Yahoo Finance monthly adjusted close
XLF,Financial Select Sector SPDR,Sector,2004-04-01,14.674600,Yahoo Finance monthly adjusted close
XLF,Financial Select Sector SPDR,Sector,2004-05-01,14.925089,Yahoo Finance monthly adjusted close
XLF,Financial Select Sector SPDR,Sector,2004-06-01,14.914654,Yahoo Finance monthly adjusted close
XLF,Financial Select Sector SPDR,Sector,2004-07-01,14.671138,Yahoo Finance monthly adjusted close
XLF,Financial Select Sector SPDR,Sector,2004-08-01,15.148456,Yahoo Finance monthly adjusted close
XLF,Financial Select Sector SPDR,Sector,2004-09-01,14.928154,Yahoo Finance monthly adjusted close
XLF,Financial Select Sector SPDR,Sector,2004-10-01,15.088140,Yahoo Finance monthly adjusted close
XLF,Financial Select Sector SPDR,Sector,2004-11-01,15.557509,Yahoo Finance monthly adjusted close
XLF,Financial Select Sector SPDR,Sector,2004-12-01,16.100704,Yahoo Finance monthly adjusted close
XLF,Financial Select Sector SPDR,Sector,2005-01-01,15.850487,Yahoo Finance monthly adjusted close
XLF,Financial Select Sector SPDR,Sector,2005-02-01,15.744361,Yahoo Finance monthly adjusted close
XLF,Financial Select Sector SPDR,Sector,2005-03-01,15.065133,Yahoo Finance monthly adjusted close
XLF,Financial Select Sector SPDR,Sector,2005-04-01,15.172004,Yahoo Finance monthly adjusted close
XLF,Financial Select Sector SPDR,Sector,2005-05-01,15.620121,Yahoo Finance monthly adjusted close
XLF,Financial Select Sector SPDR,Sector,2005-06-01,15.721484,Yahoo Finance monthly adjusted close
XLF,Financial Select Sector SPDR,Sector,2005-07-01,16.061680,Yahoo Finance monthly adjusted close
XLF,Financial Select Sector SPDR,Sector,2005-08-01,15.798726,Yahoo Finance monthly adjusted close
XLF,Financial Select Sector SPDR,Sector,2005-09-01,15.841648,Yahoo Finance monthly adjusted close
XLF,Financial Select Sector SPDR,Sector,2005-10-01,16.419729,Yahoo Finance monthly adjusted close
XLF,Financial Select Sector SPDR,Sector,2005-11-01,17.202393,Yahoo Finance monthly adjusted close
XLF,Financial Select Sector SPDR,Sector,2005-12-01,17.094435,Yahoo Finance monthly adjusted close
XLF,Financial Select Sector SPDR,Sector,2006-01-01,17.358007,Yahoo Finance monthly adjusted close
XLF,Financial Select Sector SPDR,Sector,2006-02-01,17.727436,Yahoo Finance monthly adjusted close
XLF,Financial Select Sector SPDR,Sector,2006-03-01,17.683979,Yahoo Finance monthly adjusted close
XLF,Financial Select Sector SPDR,Sector,2006-04-01,18.548965,Yahoo Finance monthly adjusted close
XLF,Financial Select Sector SPDR,Sector,2006-05-01,17.849834,Yahoo Finance monthly adjusted close
XLF,Financial Select Sector SPDR,Sector,2006-06-01,17.664116,Yahoo Finance monthly adjusted close
XLF,Financial Select Sector SPDR,Sector,2006-07-01,18.173822,Yahoo Finance monthly adjusted close
XLF,Financial Select Sector SPDR,Sector,2006-08-01,18.388077,Yahoo Finance monthly adjusted close
XLF,Financial Select Sector SPDR,Sector,2006-09-01,19.019888,Yahoo Finance monthly adjusted close
XLF,Financial Select Sector SPDR,Sector,2006-10-01,19.575800,Yahoo Finance monthly adjusted close
XLF,Financial Select Sector SPDR,Sector,2006-11-01,19.713926,Yahoo Finance monthly adjusted close
XLF,Financial Select Sector SPDR,Sector,2006-12-01,20.299599,Yahoo Finance monthly adjusted close
XLF,Financial Select Sector SPDR,Sector,2007-01-01,20.645149,Yahoo Finance monthly adjusted close
XLF,Financial Select Sector SPDR,Sector,2007-02-01,20.015997,Yahoo Finance monthly adjusted close
XLF,Financial Select Sector SPDR,Sector,2007-03-01,19.837824,Yahoo Finance monthly adjusted close
XLF,Financial Select Sector SPDR,Sector,2007-04-01,20.692926,Yahoo Finance monthly adjusted close
XLF,Financial Select Sector SPDR,Sector,2007-05-01,21.190544,Yahoo Finance monthly adjusted close
XLF,Financial Select Sector SPDR,Sector,2007-06-01,20.228861,Yahoo Finance monthly adjusted close
XLF,Financial Select Sector SPDR,Sector,2007-07-01,18.495522,Yahoo Finance monthly adjusted close
XLF,Financial Select Sector SPDR,Sector,2007-08-01,18.973364,Yahoo Finance monthly adjusted close
XLF,Financial Select Sector SPDR,Sector,2007-09-01,19.293798,Yahoo Finance monthly adjusted close
XLF,Financial Select Sector SPDR,Sector,2007-10-01,19.102423,Yahoo Finance monthly adjusted close
XLF,Financial Select Sector SPDR,Sector,2007-11-01,17.556330,Yahoo Finance monthly adjusted close
XLF,Financial Select Sector SPDR,Sector,2007-12-01,16.384022,Yahoo Finance monthly adjusted close
XLF,Financial Select Sector SPDR,Sector,2008-01-01,16.653299,Yahoo Finance monthly adjusted close
XLF,Financial Select Sector SPDR,Sector,2008-02-01,14.761659,Yahoo Finance monthly adjusted close
XLF,Financial Select Sector SPDR,Sector,2008-03-01,14.213031,Yahoo Finance monthly adjusted close
XLF,Financial Select Sector SPDR,Sector,2008-04-01,15.330060,Yahoo Finance monthly adjusted close
XLF,Financial Select Sector SPDR,Sector,2008-05-01,14.264280,Yahoo Finance monthly adjusted close
XLF,Financial Select Sector SPDR,Sector,2008-06-01,11.671818,Yahoo Finance monthly adjusted close
XLF,Financial Select Sector SPDR,Sector,2008-07-01,12.571497,Yahoo Finance monthly adjusted close
XLF,Financial Select Sector SPDR,Sector,2008-08-01,12.449450,Yahoo Finance monthly adjusted close
XLF,Financial Select Sector SPDR,Sector,2008-09-01,11.560204,Yahoo Finance monthly adjusted close
XLF,Financial Select Sector SPDR,Sector,2008-10-01,9.112668,Yahoo Finance monthly adjusted close
XLF,Financial Select Sector SPDR,Sector,2008-11-01,7.428614,Yahoo Finance monthly adjusted close
XLF,Financial Select Sector SPDR,Sector,2008-12-01,7.346462,Yahoo Finance monthly adjusted close
XLF,Financial Select Sector SPDR,Sector,2009-01-01,5.502781,Yahoo Finance monthly adjusted close
XLF,Financial Select Sector SPDR,Sector,2009-02-01,4.526096,Yahoo Finance monthly adjusted close
XLF,Financial Select Sector SPDR,Sector,2009-03-01,5.246699,Yahoo Finance monthly adjusted close
XLF,Financial Select Sector SPDR,Sector,2009-04-01,6.454229,Yahoo Finance monthly adjusted close
XLF,Financial Select Sector SPDR,Sector,2009-05-01,7.356496,Yahoo Finance monthly adjusted close
XLF,Financial Select Sector SPDR,Sector,2009-06-01,7.188073,Yahoo Finance monthly adjusted close
XLF,Financial Select Sector SPDR,Sector,2009-07-01,7.866034,Yahoo Finance monthly adjusted close
XLF,Financial Select Sector SPDR,Sector,2009-08-01,8.887834,Yahoo Finance monthly adjusted close
XLF,Financial Select Sector SPDR,Sector,2009-09-01,9.032938,Yahoo Finance monthly adjusted close
XLF,Financial Select Sector SPDR,Sector,2009-10-01,8.521162,Yahoo Finance monthly adjusted close
XLF,Financial Select Sector SPDR,Sector,2009-11-01,8.891123,Yahoo Finance monthly adjusted close
XLF,Financial Select Sector SPDR,Sector,2009-12-01,8.733429,Yahoo Finance monthly adjusted close
XLF,Financial Select Sector SPDR,Sector,2010-01-01,8.631928,Yahoo Finance monthly adjusted close
XLF,Financial Select Sector SPDR,Sector,2010-02-01,8.936303,Yahoo Finance monthly adjusted close
XLF,Financial Select Sector SPDR,Sector,2010-03-01,9.709398,Yahoo Finance monthly adjusted close
XLF,Financial Select Sector SPDR,Sector,2010-04-01,9.859662,Yahoo Finance monthly adjusted close
XLF,Financial Select Sector SPDR,Sector,2010-05-01,8.956670,Yahoo Finance monthly adjusted close
XLF,Financial Select Sector SPDR,Sector,2010-06-01,8.425859,Yahoo Finance monthly adjusted close
XLF,Financial Select Sector SPDR,Sector,2010-07-01,8.993837,Yahoo Finance monthly adjusted close
XLF,Financial Select Sector SPDR,Sector,2010-08-01,8.290719,Yahoo Finance monthly adjusted close
XLF,Financial Select Sector SPDR,Sector,2010-09-01,8.773730,Yahoo Finance monthly adjusted close
XLF,Financial Select Sector SPDR,Sector,2010-10-01,8.922127,Yahoo Finance monthly adjusted close
XLF,Financial Select Sector SPDR,Sector,2010-11-01,8.860849,Yahoo Finance monthly adjusted close
XLF,Financial Select Sector SPDR,Sector,2010-12-01,9.773900,Yahoo Finance monthly adjusted close
XLF,Financial Select Sector SPDR,Sector,2011-01-01,10.086087,Yahoo Finance monthly adjusted close
XLF,Financial Select Sector SPDR,Sector,2011-02-01,10.362842,Yahoo Finance monthly adjusted close
XLF,Financial Select Sector SPDR,Sector,2011-03-01,10.079941,Yahoo Finance monthly adjusted close
XLF,Financial Select Sector SPDR,Sector,2011-04-01,10.100150,Yahoo Finance monthly adjusted close
XLF,Financial Select Sector SPDR,Sector,2011-05-01,9.767185,Yahoo Finance monthly adjusted close
XLF,Financial Select Sector SPDR,Sector,2011-06-01,9.465040,Yahoo Finance monthly adjusted close
XLF,Financial Select Sector SPDR,Sector,2011-07-01,9.158678,Yahoo Finance monthly adjusted close
XLF,Financial Select Sector SPDR,Sector,2011-08-01,8.279939,Yahoo Finance monthly adjusted close
XLF,Financial Select Sector SPDR,Sector,2011-09-01,7.308379,Yahoo Finance monthly adjusted close
XLF,Financial Select Sector SPDR,Sector,2011-10-01,8.386658,Yahoo Finance monthly adjusted close
XLF,Financial Select Sector SPDR,Sector,2011-11-01,7.958001,Yahoo Finance monthly adjusted close
XLF,Financial Select Sector SPDR,Sector,2011-12-01,8.076039,Yahoo Finance monthly adjusted close
XLF,Financial Select Sector SPDR,Sector,2012-01-01,8.790492,Yahoo Finance monthly adjusted close
XLF,Financial Select Sector SPDR,Sector,2012-02-01,9.228139,Yahoo Finance monthly adjusted close
XLF,Financial Select Sector SPDR,Sector,2012-03-01,9.878363,Yahoo Finance monthly adjusted close
XLF,Financial Select Sector SPDR,Sector,2012-04-01,9.677834,Yahoo Finance monthly adjusted close
XLF,Financial Select Sector SPDR,Sector,2012-05-01,8.787199,Yahoo Finance monthly adjusted close
XLF,Financial Select Sector SPDR,Sector,2012-06-01,9.182342,Yahoo Finance monthly adjusted close
XLF,Financial Select Sector SPDR,Sector,2012-07-01,9.239100,Yahoo Finance monthly adjusted close
XLF,Financial Select Sector SPDR,Sector,2012-08-01,9.554210,Yahoo Finance monthly adjusted close
XLF,Financial Select Sector SPDR,Sector,2012-09-01,9.825208,Yahoo Finance monthly adjusted close
XLF,Financial Select Sector SPDR,Sector,2012-10-01,10.062217,Yahoo Finance monthly adjusted close
XLF,Financial Select Sector SPDR,Sector,2012-11-01,9.973618,Yahoo Finance monthly adjusted close
XLF,Financial Select Sector SPDR,Sector,2012-12-01,10.372306,Yahoo Finance monthly adjusted close
XLF,Financial Select Sector SPDR,Sector,2013-01-01,11.067747,Yahoo Finance monthly adjusted close
XLF,Financial Select Sector SPDR,Sector,2013-02-01,11.201480,Yahoo Finance monthly adjusted close
XLF,Financial Select Sector SPDR,Sector,2013-03-01,11.596305,Yahoo Finance monthly adjusted close
XLF,Financial Select Sector SPDR,Sector,2013-04-01,11.948486,Yahoo Finance monthly adjusted close
XLF,Financial Select Sector SPDR,Sector,2013-05-01,12.676898,Yahoo Finance monthly adjusted close
XLF,Financial Select Sector SPDR,Sector,2013-06-01,12.427703,Yahoo Finance monthly adjusted close
XLF,Financial Select Sector SPDR,Sector,2013-07-01,13.144991,Yahoo Finance monthly adjusted close
XLF,Financial Select Sector SPDR,Sector,2013-08-01,12.471383,Yahoo Finance monthly adjusted close
XLF,Financial Select Sector SPDR,Sector,2013-09-01,12.772901,Yahoo Finance monthly adjusted close
XLF,Financial Select Sector SPDR,Sector,2013-10-01,13.248357,Yahoo Finance monthly adjusted close
XLF,Financial Select Sector SPDR,Sector,2013-11-01,13.834452,Yahoo Finance monthly adjusted close
XLF,Financial Select Sector SPDR,Sector,2013-12-01,14.079196,Yahoo Finance monthly adjusted close
XLF,Financial Select Sector SPDR,Sector,2014-01-01,13.627727,Yahoo Finance monthly adjusted close
XLF,Financial Select Sector SPDR,Sector,2014-02-01,14.041865,Yahoo Finance monthly adjusted close
XLF,Financial Select Sector SPDR,Sector,2014-03-01,14.456006,Yahoo Finance monthly adjusted close
XLF,Financial Select Sector SPDR,Sector,2014-04-01,14.262774,Yahoo Finance monthly adjusted close
XLF,Financial Select Sector SPDR,Sector,2014-05-01,14.477099,Yahoo Finance monthly adjusted close
XLF,Financial Select Sector SPDR,Sector,2014-06-01,14.769376,Yahoo Finance monthly adjusted close
XLF,Financial Select Sector SPDR,Sector,2014-07-01,14.612644,Yahoo Finance monthly adjusted close
XLF,Financial Select Sector SPDR,Sector,2014-08-01,15.232103,Yahoo Finance monthly adjusted close
XLF,Financial Select Sector SPDR,Sector,2014-09-01,15.108207,Yahoo Finance monthly adjusted close
XLF,Financial Select Sector SPDR,Sector,2014-10-01,15.609339,Yahoo Finance monthly adjusted close
XLF,Financial Select Sector SPDR,Sector,2014-11-01,15.976001,Yahoo Finance monthly adjusted close
XLF,Financial Select Sector SPDR,Sector,2014-12-01,16.192070,Yahoo Finance monthly adjusted close
XLF,Financial Select Sector SPDR,Sector,2015-01-01,15.142863,Yahoo Finance monthly adjusted close
XLF,Financial Select Sector SPDR,Sector,2015-02-01,16.024712,Yahoo Finance monthly adjusted close
XLF,Financial Select Sector SPDR,Sector,2015-03-01,15.866758,Yahoo Finance monthly adjusted close
XLF,Financial Select Sector SPDR,Sector,2015-04-01,15.939209,Yahoo Finance monthly adjusted close
XLF,Financial Select Sector SPDR,Sector,2015-05-01,16.249666,Yahoo Finance monthly adjusted close
XLF,Financial Select Sector SPDR,Sector,2015-06-01,16.104345,Yahoo Finance monthly adjusted close
XLF,Financial Select Sector SPDR,Sector,2015-07-01,16.725410,Yahoo Finance monthly adjusted close
XLF,Financial Select Sector SPDR,Sector,2015-08-01,15.544485,Yahoo Finance monthly adjusted close
XLF,Financial Select Sector SPDR,Sector,2015-09-01,15.033629,Yahoo Finance monthly adjusted close
XLF,Financial Select Sector SPDR,Sector,2015-10-01,16.053850,Yahoo Finance monthly adjusted close
XLF,Financial Select Sector SPDR,Sector,2015-11-01,16.373856,Yahoo Finance monthly adjusted close
XLF,Financial Select Sector SPDR,Sector,2015-12-01,15.887173,Yahoo Finance monthly adjusted close
XLF,Financial Select Sector SPDR,Sector,2016-01-01,14.571189,Yahoo Finance monthly adjusted close
XLF,Financial Select Sector SPDR,Sector,2016-02-01,14.148547,Yahoo Finance monthly adjusted close
XLF,Financial Select Sector SPDR,Sector,2016-03-01,15.094466,Yahoo Finance monthly adjusted close
XLF,Financial Select Sector SPDR,Sector,2016-04-01,15.707273,Yahoo Finance monthly adjusted close
XLF,Financial Select Sector SPDR,Sector,2016-05-01,16.003763,Yahoo Finance monthly adjusted close
XLF,Financial Select Sector SPDR,Sector,2016-06-01,15.404048,Yahoo Finance monthly adjusted close
XLF,Financial Select Sector SPDR,Sector,2016-07-01,16.021599,Yahoo Finance monthly adjusted close
XLF,Financial Select Sector SPDR,Sector,2016-08-01,16.638077,Yahoo Finance monthly adjusted close
XLF,Financial Select Sector SPDR,Sector,2016-09-01,16.094959,Yahoo Finance monthly adjusted close
XLF,Financial Select Sector SPDR,Sector,2016-10-01,16.540600,Yahoo Finance monthly adjusted close
XLF,Financial Select Sector SPDR,Sector,2016-11-01,18.861635,Yahoo Finance monthly adjusted close
XLF,Financial Select Sector SPDR,Sector,2016-12-01,19.481699,Yahoo Finance monthly adjusted close
XLF,Financial Select Sector SPDR,Sector,2017-01-01,19.620674,Yahoo Finance monthly adjusted close
XLF,Financial Select Sector SPDR,Sector,2017-02-01,20.655998,Yahoo Finance monthly adjusted close
XLF,Financial Select Sector SPDR,Sector,2017-03-01,19.974203,Yahoo Finance monthly adjusted close
XLF,Financial Select Sector SPDR,Sector,2017-04-01,19.876440,Yahoo Finance monthly adjusted close
XLF,Financial Select Sector SPDR,Sector,2017-05-01,19.639917,Yahoo Finance monthly adjusted close
XLF,Financial Select Sector SPDR,Sector,2017-06-01,20.839434,Yahoo Finance monthly adjusted close
XLF,Financial Select Sector SPDR,Sector,2017-07-01,21.275274,Yahoo Finance monthly adjusted close
XLF,Financial Select Sector SPDR,Sector,2017-08-01,20.944565,Yahoo Finance monthly adjusted close
XLF,Financial Select Sector SPDR,Sector,2017-09-01,21.928202,Yahoo Finance monthly adjusted close
XLF,Financial Select Sector SPDR,Sector,2017-10-01,22.649759,Yahoo Finance monthly adjusted close
XLF,Financial Select Sector SPDR,Sector,2017-11-01,23.433132,Yahoo Finance monthly adjusted close
XLF,Financial Select Sector SPDR,Sector,2017-12-01,23.765217,Yahoo Finance monthly adjusted close
XLF,Financial Select Sector SPDR,Sector,2018-01-01,25.441055,Yahoo Finance monthly adjusted close
XLF,Financial Select Sector SPDR,Sector,2018-02-01,24.696815,Yahoo Finance monthly adjusted close
XLF,Financial Select Sector SPDR,Sector,2018-03-01,23.584730,Yahoo Finance monthly adjusted close
XLF,Financial Select Sector SPDR,Sector,2018-04-01,23.567553,Yahoo Finance monthly adjusted close
XLF,Financial Select Sector SPDR,Sector,2018-05-01,23.335747,Yahoo Finance monthly adjusted close
XLF,Financial Select Sector SPDR,Sector,2018-06-01,22.829189,Yahoo Finance monthly adjusted close
XLF,Financial Select Sector SPDR,Sector,2018-07-01,24.100796,Yahoo Finance monthly adjusted close
XLF,Financial Select Sector SPDR,Sector,2018-08-01,24.428459,Yahoo Finance monthly adjusted close
XLF,Financial Select Sector SPDR,Sector,2018-09-01,23.781744,Yahoo Finance monthly adjusted close
XLF,Financial Select Sector SPDR,Sector,2018-10-01,22.761309,Yahoo Finance monthly adjusted close
XLF,Financial Select Sector SPDR,Sector,2018-11-01,23.358921,Yahoo Finance monthly adjusted close
XLF,Financial Select Sector SPDR,Sector,2018-12-01,20.630684,Yahoo Finance monthly adjusted close
XLF,Financial Select Sector SPDR,Sector,2019-01-01,22.606920,Yahoo Finance monthly adjusted close
XLF,Financial Select Sector SPDR,Sector,2019-02-01,23.112400,Yahoo Finance monthly adjusted close
XLF,Financial Select Sector SPDR,Sector,2019-03-01,22.406473,Yahoo Finance monthly adjusted close
XLF,Financial Select Sector SPDR,Sector,2019-04-01,24.544315,Yahoo Finance monthly adjusted close
XLF,Financial Select Sector SPDR,Sector,2019-05-01,22.783646,Yahoo Finance monthly adjusted close
XLF,Financial Select Sector SPDR,Sector,2019-06-01,24.176418,Yahoo Finance monthly adjusted close
XLF,Financial Select Sector SPDR,Sector,2019-07-01,24.871868,Yahoo Finance monthly adjusted close
XLF,Financial Select Sector SPDR,Sector,2019-08-01,23.700911,Yahoo Finance monthly adjusted close
XLF,Financial Select Sector SPDR,Sector,2019-09-01,24.651766,Yahoo Finance monthly adjusted close
XLF,Financial Select Sector SPDR,Sector,2019-10-01,25.396881,Yahoo Finance monthly adjusted close
XLF,Financial Select Sector SPDR,Sector,2019-11-01,26.680000,Yahoo Finance monthly adjusted close
XLF,Financial Select Sector SPDR,Sector,2019-12-01,27.237486,Yahoo Finance monthly adjusted close
XLF,Financial Select Sector SPDR,Sector,2020-01-01,26.646830,Yahoo Finance monthly adjusted close
XLF,Financial Select Sector SPDR,Sector,2020-02-01,23.649506,Yahoo Finance monthly adjusted close
XLF,Financial Select Sector SPDR,Sector,2020-03-01,18.517586,Yahoo Finance monthly adjusted close
XLF,Financial Select Sector SPDR,Sector,2020-04-01,20.441614,Yahoo Finance monthly adjusted close
XLF,Financial Select Sector SPDR,Sector,2020-05-01,20.997726,Yahoo Finance monthly adjusted close
XLF,Financial Select Sector SPDR,Sector,2020-06-01,20.755547,Yahoo Finance monthly adjusted close
XLF,Financial Select Sector SPDR,Sector,2020-07-01,21.691330,Yahoo Finance monthly adjusted close
XLF,Financial Select Sector SPDR,Sector,2020-08-01,22.621082,Yahoo Finance monthly adjusted close
XLF,Financial Select Sector SPDR,Sector,2020-09-01,21.727436,Yahoo Finance monthly adjusted close
XLF,Financial Select Sector SPDR,Sector,2020-10-01,21.656334,Yahoo Finance monthly adjusted close
XLF,Financial Select Sector SPDR,Sector,2020-11-01,25.305054,Yahoo Finance monthly adjusted close
XLF,Financial Select Sector SPDR,Sector,2020-12-01,26.757284,Yahoo Finance monthly adjusted close
XLF,Financial Select Sector SPDR,Sector,2021-01-01,26.417173,Yahoo Finance monthly adjusted close
XLF,Financial Select Sector SPDR,Sector,2021-02-01,29.483212,Yahoo Finance monthly adjusted close
XLF,Financial Select Sector SPDR,Sector,2021-03-01,31.070978,Yahoo Finance monthly adjusted close
XLF,Financial Select Sector SPDR,Sector,2021-04-01,33.234268,Yahoo Finance monthly adjusted close
XLF,Financial Select Sector SPDR,Sector,2021-05-01,34.819923,Yahoo Finance monthly adjusted close
XLF,Financial Select Sector SPDR,Sector,2021-06-01,33.628387,Yahoo Finance monthly adjusted close
XLF,Financial Select Sector SPDR,Sector,2021-07-01,33.605167,Yahoo Finance monthly adjusted close
XLF,Financial Select Sector SPDR,Sector,2021-08-01,35.335125,Yahoo Finance monthly adjusted close
XLF,Financial Select Sector SPDR,Sector,2021-09-01,34.534554,Yahoo Finance monthly adjusted close
XLF,Financial Select Sector SPDR,Sector,2021-10-01,37.207058,Yahoo Finance monthly adjusted close
XLF,Financial Select Sector SPDR,Sector,2021-11-01,35.081463,Yahoo Finance monthly adjusted close
XLF,Financial Select Sector SPDR,Sector,2021-12-01,36.088806,Yahoo Finance monthly adjusted close
XLF,Financial Select Sector SPDR,Sector,2022-01-01,36.270996,Yahoo Finance monthly adjusted close
XLF,Financial Select Sector SPDR,Sector,2022-02-01,35.769554,Yahoo Finance monthly adjusted close
XLF,Financial Select Sector SPDR,Sector,2022-03-01,35.583832,Yahoo Finance monthly adjusted close
XLF,Financial Select Sector SPDR,Sector,2022-04-01,32.171257,Yahoo Finance monthly adjusted close
XLF,Financial Select Sector SPDR,Sector,2022-05-01,33.066212,Yahoo Finance monthly adjusted close
XLF,Financial Select Sector SPDR,Sector,2022-06-01,29.318640,Yahoo Finance monthly adjusted close
XLF,Financial Select Sector SPDR,Sector,2022-07-01,31.592999,Yahoo Finance monthly adjusted close
XLF,Financial Select Sector SPDR,Sector,2022-08-01,30.974449,Yahoo Finance monthly adjusted close
XLF,Financial Select Sector SPDR,Sector,2022-09-01,28.453377,Yahoo Finance monthly adjusted close
XLF,Financial Select Sector SPDR,Sector,2022-10-01,32.013565,Yahoo Finance monthly adjusted close
XLF,Financial Select Sector SPDR,Sector,2022-11-01,34.208725,Yahoo Finance monthly adjusted close
XLF,Financial Select Sector SPDR,Sector,2022-12-01,32.220829,Yahoo Finance monthly adjusted close
XLF,Financial Select Sector SPDR,Sector,2023-01-01,34.660240,Yahoo Finance monthly adjusted close
XLF,Financial Select Sector SPDR,Sector,2023-02-01,33.863892,Yahoo Finance monthly adjusted close
XLF,Financial Select Sector SPDR,Sector,2023-03-01,30.479399,Yahoo Finance monthly adjusted close
XLF,Financial Select Sector SPDR,Sector,2023-04-01,31.602467,Yahoo Finance monthly adjusted close
XLF,Financial Select Sector SPDR,Sector,2023-05-01,30.259104,Yahoo Finance monthly adjusted close
XLF,Financial Select Sector SPDR,Sector,2023-06-01,32.116947,Yahoo Finance monthly adjusted close
XLF,Financial Select Sector SPDR,Sector,2023-07-01,33.811424,Yahoo Finance monthly adjusted close
XLF,Financial Select Sector SPDR,Sector,2023-08-01,32.902260,Yahoo Finance monthly adjusted close
XLF,Financial Select Sector SPDR,Sector,2023-09-01,31.744265,Yahoo Finance monthly adjusted close
XLF,Financial Select Sector SPDR,Sector,2023-10-01,31.107517,Yahoo Finance monthly adjusted close
XLF,Financial Select Sector SPDR,Sector,2023-11-01,34.510509,Yahoo Finance monthly adjusted close
XLF,Financial Select Sector SPDR,Sector,2023-12-01,36.144703,Yahoo Finance monthly adjusted close
XLF,Financial Select Sector SPDR,Sector,2024-01-01,37.444275,Yahoo Finance monthly adjusted close
XLF,Financial Select Sector SPDR,Sector,2024-02-01,38.970634,Yahoo Finance monthly adjusted close
XLF,Financial Select Sector SPDR,Sector,2024-03-01,40.690212,Yahoo Finance monthly adjusted close
XLF,Financial Select Sector SPDR,Sector,2024-04-01,39.136765,Yahoo Finance monthly adjusted close
XLF,Financial Select Sector SPDR,Sector,2024-05-01,40.377968,Yahoo Finance monthly adjusted close
XLF,Financial Select Sector SPDR,Sector,2024-06-01,39.864029,Yahoo Finance monthly adjusted close
XLF,Financial Select Sector SPDR,Sector,2024-07-01,42.582260,Yahoo Finance monthly adjusted close
XLF,Financial Select Sector SPDR,Sector,2024-08-01,44.529324,Yahoo Finance monthly adjusted close
XLF,Financial Select Sector SPDR,Sector,2024-09-01,44.120438,Yahoo Finance monthly adjusted close
XLF,Financial Select Sector SPDR,Sector,2024-10-01,45.413845,Yahoo Finance monthly adjusted close
XLF,Financial Select Sector SPDR,Sector,2024-11-01,50.162365,Yahoo Finance monthly adjusted close
XLF,Financial Select Sector SPDR,Sector,2024-12-01,47.221409,Yahoo Finance monthly adjusted close
XLF,Financial Select Sector SPDR,Sector,2025-01-01,50.503849,Yahoo Finance monthly adjusted close
XLF,Financial Select Sector SPDR,Sector,2025-02-01,51.200523,Yahoo Finance monthly adjusted close
XLF,Financial Select Sector SPDR,Sector,2025-03-01,48.875011,Yahoo Finance monthly adjusted close
XLF,Financial Select Sector SPDR,Sector,2025-04-01,48.018501,Yahoo Finance monthly adjusted close
XLF,Financial Select Sector SPDR,Sector,2025-05-01,50.185047,Yahoo Finance monthly adjusted close
XLF,Financial Select Sector SPDR,Sector,2025-06-01,51.573605,Yahoo Finance monthly adjusted close
XLF,Financial Select Sector SPDR,Sector,2025-07-01,51.750351,Yahoo Finance monthly adjusted close
XLF,Financial Select Sector SPDR,Sector,2025-08-01,53.351185,Yahoo Finance monthly adjusted close
XLF,Financial Select Sector SPDR,Sector,2025-09-01,53.232601,Yahoo Finance monthly adjusted close
XLF,Financial Select Sector SPDR,Sector,2025-10-01,51.920708,Yahoo Finance monthly adjusted close
XLF,Financial Select Sector SPDR,Sector,2025-11-01,52.872475,Yahoo Finance monthly adjusted close
XLF,Financial Select Sector SPDR,Sector,2025-12-01,54.300121,Yahoo Finance monthly adjusted close
XLF,Financial Select Sector SPDR,Sector,2026-01-01,53.166702,Yahoo Finance monthly adjusted close
XLF,Financial Select Sector SPDR,Sector,2026-02-01,51.166985,Yahoo Finance monthly adjusted close
XLF,Financial Select Sector SPDR,Sector,2026-03-01,49.117516,Yahoo Finance monthly adjusted close
XLF,Financial Select Sector SPDR,Sector,2026-04-01,52.130001,Yahoo Finance monthly adjusted close
XLF,Financial Select Sector SPDR,Sector,2026-05-01,51.939999,Yahoo Finance monthly adjusted close
XLF,Financial Select Sector SPDR,Sector,2026-05-01,51.939999,Yahoo Finance monthly adjusted close
XLY,Consumer Discretionary Select Sector SPDR,Sector,1998-12-01,9.621119,Yahoo Finance monthly adjusted close
XLY,Consumer Discretionary Select Sector SPDR,Sector,1999-01-01,10.115979,Yahoo Finance monthly adjusted close
XLY,Consumer Discretionary Select Sector SPDR,Sector,1999-02-01,10.052685,Yahoo Finance monthly adjusted close
XLY,Consumer Discretionary Select Sector SPDR,Sector,1999-03-01,10.530284,Yahoo Finance monthly adjusted close
XLY,Consumer Discretionary Select Sector SPDR,Sector,1999-04-01,10.818230,Yahoo Finance monthly adjusted close
XLY,Consumer Discretionary Select Sector SPDR,Sector,1999-05-01,10.328588,Yahoo Finance monthly adjusted close
XLY,Consumer Discretionary Select Sector SPDR,Sector,1999-06-01,10.979525,Yahoo Finance monthly adjusted close
XLY,Consumer Discretionary Select Sector SPDR,Sector,1999-07-01,10.175210,Yahoo Finance monthly adjusted close
XLY,Consumer Discretionary Select Sector SPDR,Sector,1999-08-01,9.782969,Yahoo Finance monthly adjusted close
XLY,Consumer Discretionary Select Sector SPDR,Sector,1999-09-01,9.627225,Yahoo Finance monthly adjusted close
XLY,Consumer Discretionary Select Sector SPDR,Sector,1999-10-01,10.495891,Yahoo Finance monthly adjusted close
XLY,Consumer Discretionary Select Sector SPDR,Sector,1999-11-01,10.501667,Yahoo Finance monthly adjusted close
XLY,Consumer Discretionary Select Sector SPDR,Sector,1999-12-01,11.483671,Yahoo Finance monthly adjusted close
XLY,Consumer Discretionary Select Sector SPDR,Sector,2000-01-01,10.069476,Yahoo Finance monthly adjusted close
XLY,Consumer Discretionary Select Sector SPDR,Sector,2000-02-01,9.508457,Yahoo Finance monthly adjusted close
XLY,Consumer Discretionary Select Sector SPDR,Sector,2000-03-01,10.832929,Yahoo Finance monthly adjusted close
XLY,Consumer Discretionary Select Sector SPDR,Sector,2000-04-01,10.628054,Yahoo Finance monthly adjusted close
XLY,Consumer Discretionary Select Sector SPDR,Sector,2000-05-01,10.054347,Yahoo Finance monthly adjusted close
XLY,Consumer Discretionary Select Sector SPDR,Sector,2000-06-01,9.492230,Yahoo Finance monthly adjusted close
XLY,Consumer Discretionary Select Sector SPDR,Sector,2000-07-01,9.661349,Yahoo Finance monthly adjusted close
XLY,Consumer Discretionary Select Sector SPDR,Sector,2000-08-01,9.260725,Yahoo Finance monthly adjusted close
XLY,Consumer Discretionary Select Sector SPDR,Sector,2000-09-01,9.249117,Yahoo Finance monthly adjusted close
XLY,Consumer Discretionary Select Sector SPDR,Sector,2000-10-01,9.155667,Yahoo Finance monthly adjusted close
XLY,Consumer Discretionary Select Sector SPDR,Sector,2000-11-01,8.928667,Yahoo Finance monthly adjusted close
XLY,Consumer Discretionary Select Sector SPDR,Sector,2000-12-01,9.533992,Yahoo Finance monthly adjusted close
XLY,Consumer Discretionary Select Sector SPDR,Sector,2001-01-01,10.669335,Yahoo Finance monthly adjusted close
XLY,Consumer Discretionary Select Sector SPDR,Sector,2001-02-01,9.907506,Yahoo Finance monthly adjusted close
XLY,Consumer Discretionary Select Sector SPDR,Sector,2001-03-01,9.743194,Yahoo Finance monthly adjusted close
XLY,Consumer Discretionary Select Sector SPDR,Sector,2001-04-01,10.215820,Yahoo Finance monthly adjusted close
XLY,Consumer Discretionary Select Sector SPDR,Sector,2001-05-01,10.459050,Yahoo Finance monthly adjusted close
XLY,Consumer Discretionary Select Sector SPDR,Sector,2001-06-01,10.354276,Yahoo Finance monthly adjusted close
XLY,Consumer Discretionary Select Sector SPDR,Sector,2001-07-01,10.837964,Yahoo Finance monthly adjusted close
XLY,Consumer Discretionary Select Sector SPDR,Sector,2001-08-01,9.889175,Yahoo Finance monthly adjusted close
XLY,Consumer Discretionary Select Sector SPDR,Sector,2001-09-01,8.614117,Yahoo Finance monthly adjusted close
XLY,Consumer Discretionary Select Sector SPDR,Sector,2001-10-01,9.095149,Yahoo Finance monthly adjusted close
XLY,Consumer Discretionary Select Sector SPDR,Sector,2001-11-01,10.306327,Yahoo Finance monthly adjusted close
XLY,Consumer Discretionary Select Sector SPDR,Sector,2001-12-01,10.757700,Yahoo Finance monthly adjusted close
XLY,Consumer Discretionary Select Sector SPDR,Sector,2002-01-01,11.128717,Yahoo Finance monthly adjusted close
XLY,Consumer Discretionary Select Sector SPDR,Sector,2002-02-01,11.189002,Yahoo Finance monthly adjusted close
XLY,Consumer Discretionary Select Sector SPDR,Sector,2002-03-01,11.317092,Yahoo Finance monthly adjusted close
XLY,Consumer Discretionary Select Sector SPDR,Sector,2002-04-01,11.014494,Yahoo Finance monthly adjusted close
XLY,Consumer Discretionary Select Sector SPDR,Sector,2002-05-01,10.957908,Yahoo Finance monthly adjusted close
XLY,Consumer Discretionary Select Sector SPDR,Sector,2002-06-01,10.361918,Yahoo Finance monthly adjusted close
XLY,Consumer Discretionary Select Sector SPDR,Sector,2002-07-01,9.141264,Yahoo Finance monthly adjusted close
XLY,Consumer Discretionary Select Sector SPDR,Sector,2002-08-01,9.417126,Yahoo Finance monthly adjusted close
XLY,Consumer Discretionary Select Sector SPDR,Sector,2002-09-01,8.566859,Yahoo Finance monthly adjusted close
XLY,Consumer Discretionary Select Sector SPDR,Sector,2002-10-01,9.156481,Yahoo Finance monthly adjusted close
XLY,Consumer Discretionary Select Sector SPDR,Sector,2002-11-01,9.580258,Yahoo Finance monthly adjusted close
XLY,Consumer Discretionary Select Sector SPDR,Sector,2002-12-01,8.744062,Yahoo Finance monthly adjusted close
XLY,Consumer Discretionary Select Sector SPDR,Sector,2003-01-01,8.472045,Yahoo Finance monthly adjusted close
XLY,Consumer Discretionary Select Sector SPDR,Sector,2003-02-01,8.434122,Yahoo Finance monthly adjusted close
XLY,Consumer Discretionary Select Sector SPDR,Sector,2003-03-01,8.619945,Yahoo Finance monthly adjusted close
XLY,Consumer Discretionary Select Sector SPDR,Sector,2003-04-01,9.642601,Yahoo Finance monthly adjusted close
XLY,Consumer Discretionary Select Sector SPDR,Sector,2003-05-01,10.155310,Yahoo Finance monthly adjusted close
XLY,Consumer Discretionary Select Sector SPDR,Sector,2003-06-01,10.288228,Yahoo Finance monthly adjusted close
XLY,Consumer Discretionary Select Sector SPDR,Sector,2003-07-01,10.492682,Yahoo Finance monthly adjusted close
XLY,Consumer Discretionary Select Sector SPDR,Sector,2003-08-01,11.028914,Yahoo Finance monthly adjusted close
XLY,Consumer Discretionary Select Sector SPDR,Sector,2003-09-01,10.488879,Yahoo Finance monthly adjusted close
XLY,Consumer Discretionary Select Sector SPDR,Sector,2003-10-01,11.458416,Yahoo Finance monthly adjusted close
XLY,Consumer Discretionary Select Sector SPDR,Sector,2003-11-01,11.561237,Yahoo Finance monthly adjusted close
XLY,Consumer Discretionary Select Sector SPDR,Sector,2003-12-01,11.991537,Yahoo Finance monthly adjusted close
XLY,Consumer Discretionary Select Sector SPDR,Sector,2004-01-01,11.955544,Yahoo Finance monthly adjusted close
XLY,Consumer Discretionary Select Sector SPDR,Sector,2004-02-01,12.215204,Yahoo Finance monthly adjusted close
XLY,Consumer Discretionary Select Sector SPDR,Sector,2004-03-01,12.123557,Yahoo Finance monthly adjusted close
XLY,Consumer Discretionary Select Sector SPDR,Sector,2004-04-01,12.002165,Yahoo Finance monthly adjusted close
XLY,Consumer Discretionary Select Sector SPDR,Sector,2004-05-01,12.078644,Yahoo Finance monthly adjusted close
XLY,Consumer Discretionary Select Sector SPDR,Sector,2004-06-01,12.093935,Yahoo Finance monthly adjusted close
XLY,Consumer Discretionary Select Sector SPDR,Sector,2004-07-01,11.650427,Yahoo Finance monthly adjusted close
XLY,Consumer Discretionary Select Sector SPDR,Sector,2004-08-01,11.627454,Yahoo Finance monthly adjusted close
XLY,Consumer Discretionary Select Sector SPDR,Sector,2004-09-01,11.945228,Yahoo Finance monthly adjusted close
XLY,Consumer Discretionary Select Sector SPDR,Sector,2004-10-01,12.445866,Yahoo Finance monthly adjusted close
XLY,Consumer Discretionary Select Sector SPDR,Sector,2004-11-01,12.967322,Yahoo Finance monthly adjusted close
XLY,Consumer Discretionary Select Sector SPDR,Sector,2004-12-01,13.530951,Yahoo Finance monthly adjusted close
XLY,Consumer Discretionary Select Sector SPDR,Sector,2005-01-01,12.992313,Yahoo Finance monthly adjusted close
XLY,Consumer Discretionary Select Sector SPDR,Sector,2005-02-01,12.923083,Yahoo Finance monthly adjusted close
XLY,Consumer Discretionary Select Sector SPDR,Sector,2005-03-01,12.753853,Yahoo Finance monthly adjusted close
XLY,Consumer Discretionary Select Sector SPDR,Sector,2005-04-01,11.959369,Yahoo Finance monthly adjusted close
XLY,Consumer Discretionary Select Sector SPDR,Sector,2005-05-01,12.698886,Yahoo Finance monthly adjusted close
XLY,Consumer Discretionary Select Sector SPDR,Sector,2005-06-01,12.625704,Yahoo Finance monthly adjusted close
XLY,Consumer Discretionary Select Sector SPDR,Sector,2005-07-01,13.361601,Yahoo Finance monthly adjusted close
XLY,Consumer Discretionary Select Sector SPDR,Sector,2005-08-01,12.921865,Yahoo Finance monthly adjusted close
XLY,Consumer Discretionary Select Sector SPDR,Sector,2005-09-01,12.532282,Yahoo Finance monthly adjusted close
XLY,Consumer Discretionary Select Sector SPDR,Sector,2005-10-01,12.299576,Yahoo Finance monthly adjusted close
XLY,Consumer Discretionary Select Sector SPDR,Sector,2005-11-01,12.790323,Yahoo Finance monthly adjusted close
XLY,Consumer Discretionary Select Sector SPDR,Sector,2005-12-01,12.616438,Yahoo Finance monthly adjusted close
XLY,Consumer Discretionary Select Sector SPDR,Sector,2006-01-01,12.906124,Yahoo Finance monthly adjusted close
XLY,Consumer Discretionary Select Sector SPDR,Sector,2006-02-01,12.999337,Yahoo Finance monthly adjusted close
XLY,Consumer Discretionary Select Sector SPDR,Sector,2006-03-01,13.073133,Yahoo Finance monthly adjusted close
XLY,Consumer Discretionary Select Sector SPDR,Sector,2006-04-01,13.242869,Yahoo Finance monthly adjusted close
XLY,Consumer Discretionary Select Sector SPDR,Sector,2006-05-01,13.021439,Yahoo Finance monthly adjusted close
XLY,Consumer Discretionary Select Sector SPDR,Sector,2006-06-01,12.970936,Yahoo Finance monthly adjusted close
XLY,Consumer Discretionary Select Sector SPDR,Sector,2006-07-01,12.566535,Yahoo Finance monthly adjusted close
XLY,Consumer Discretionary Select Sector SPDR,Sector,2006-08-01,12.815689,Yahoo Finance monthly adjusted close
XLY,Consumer Discretionary Select Sector SPDR,Sector,2006-09-01,13.605960,Yahoo Finance monthly adjusted close
XLY,Consumer Discretionary Select Sector SPDR,Sector,2006-10-01,14.513639,Yahoo Finance monthly adjusted close
XLY,Consumer Discretionary Select Sector SPDR,Sector,2006-11-01,14.696960,Yahoo Finance monthly adjusted close
XLY,Consumer Discretionary Select Sector SPDR,Sector,2006-12-01,14.962189,Yahoo Finance monthly adjusted close
XLY,Consumer Discretionary Select Sector SPDR,Sector,2007-01-01,15.446246,Yahoo Finance monthly adjusted close
XLY,Consumer Discretionary Select Sector SPDR,Sector,2007-02-01,14.984350,Yahoo Finance monthly adjusted close
XLY,Consumer Discretionary Select Sector SPDR,Sector,2007-03-01,14.886495,Yahoo Finance monthly adjusted close
XLY,Consumer Discretionary Select Sector SPDR,Sector,2007-04-01,15.266454,Yahoo Finance monthly adjusted close
XLY,Consumer Discretionary Select Sector SPDR,Sector,2007-05-01,15.725263,Yahoo Finance monthly adjusted close
XLY,Consumer Discretionary Select Sector SPDR,Sector,2007-06-01,15.423316,Yahoo Finance monthly adjusted close
XLY,Consumer Discretionary Select Sector SPDR,Sector,2007-07-01,14.535229,Yahoo Finance monthly adjusted close
XLY,Consumer Discretionary Select Sector SPDR,Sector,2007-08-01,14.625587,Yahoo Finance monthly adjusted close
XLY,Consumer Discretionary Select Sector SPDR,Sector,2007-09-01,14.468445,Yahoo Finance monthly adjusted close
XLY,Consumer Discretionary Select Sector SPDR,Sector,2007-10-01,14.426076,Yahoo Finance monthly adjusted close
XLY,Consumer Discretionary Select Sector SPDR,Sector,2007-11-01,13.638839,Yahoo Finance monthly adjusted close
XLY,Consumer Discretionary Select Sector SPDR,Sector,2007-12-01,12.871288,Yahoo Finance monthly adjusted close
XLY,Consumer Discretionary Select Sector SPDR,Sector,2008-01-01,12.915727,Yahoo Finance monthly adjusted close
XLY,Consumer Discretionary Select Sector SPDR,Sector,2008-02-01,12.416219,Yahoo Finance monthly adjusted close
XLY,Consumer Discretionary Select Sector SPDR,Sector,2008-03-01,12.178359,Yahoo Finance monthly adjusted close
XLY,Consumer Discretionary Select Sector SPDR,Sector,2008-04-01,12.484180,Yahoo Finance monthly adjusted close
XLY,Consumer Discretionary Select Sector SPDR,Sector,2008-05-01,12.825561,Yahoo Finance monthly adjusted close
XLY,Consumer Discretionary Select Sector SPDR,Sector,2008-06-01,11.305226,Yahoo Finance monthly adjusted close
XLY,Consumer Discretionary Select Sector SPDR,Sector,2008-07-01,11.366141,Yahoo Finance monthly adjusted close
XLY,Consumer Discretionary Select Sector SPDR,Sector,2008-08-01,12.150972,Yahoo Finance monthly adjusted close
XLY,Consumer Discretionary Select Sector SPDR,Sector,2008-09-01,11.115160,Yahoo Finance monthly adjusted close
XLY,Consumer Discretionary Select Sector SPDR,Sector,2008-10-01,9.187326,Yahoo Finance monthly adjusted close
XLY,Consumer Discretionary Select Sector SPDR,Sector,2008-11-01,8.191834,Yahoo Finance monthly adjusted close
XLY,Consumer Discretionary Select Sector SPDR,Sector,2008-12-01,8.623616,Yahoo Finance monthly adjusted close
XLY,Consumer Discretionary Select Sector SPDR,Sector,2009-01-01,7.766656,Yahoo Finance monthly adjusted close
XLY,Consumer Discretionary Select Sector SPDR,Sector,2009-02-01,7.061695,Yahoo Finance monthly adjusted close
XLY,Consumer Discretionary Select Sector SPDR,Sector,2009-03-01,7.915704,Yahoo Finance monthly adjusted close
XLY,Consumer Discretionary Select Sector SPDR,Sector,2009-04-01,9.432577,Yahoo Finance monthly adjusted close
XLY,Consumer Discretionary Select Sector SPDR,Sector,2009-05-01,9.363728,Yahoo Finance monthly adjusted close
XLY,Consumer Discretionary Select Sector SPDR,Sector,2009-06-01,9.347531,Yahoo Finance monthly adjusted close
XLY,Consumer Discretionary Select Sector SPDR,Sector,2009-07-01,10.278210,Yahoo Finance monthly adjusted close
XLY,Consumer Discretionary Select Sector SPDR,Sector,2009-08-01,10.640203,Yahoo Finance monthly adjusted close
XLY,Consumer Discretionary Select Sector SPDR,Sector,2009-09-01,11.173021,Yahoo Finance monthly adjusted close
XLY,Consumer Discretionary Select Sector SPDR,Sector,2009-10-01,10.944091,Yahoo Finance monthly adjusted close
XLY,Consumer Discretionary Select Sector SPDR,Sector,2009-11-01,11.678596,Yahoo Finance monthly adjusted close
XLY,Consumer Discretionary Select Sector SPDR,Sector,2009-12-01,12.147861,Yahoo Finance monthly adjusted close
XLY,Consumer Discretionary Select Sector SPDR,Sector,2010-01-01,11.861403,Yahoo Finance monthly adjusted close
XLY,Consumer Discretionary Select Sector SPDR,Sector,2010-02-01,12.521967,Yahoo Finance monthly adjusted close
XLY,Consumer Discretionary Select Sector SPDR,Sector,2010-03-01,13.473833,Yahoo Finance monthly adjusted close
XLY,Consumer Discretionary Select Sector SPDR,Sector,2010-04-01,14.313457,Yahoo Finance monthly adjusted close
XLY,Consumer Discretionary Select Sector SPDR,Sector,2010-05-01,13.306335,Yahoo Finance monthly adjusted close
XLY,Consumer Discretionary Select Sector SPDR,Sector,2010-06-01,11.974469,Yahoo Finance monthly adjusted close
XLY,Consumer Discretionary Select Sector SPDR,Sector,2010-07-01,12.965701,Yahoo Finance monthly adjusted close
XLY,Consumer Discretionary Select Sector SPDR,Sector,2010-08-01,12.450207,Yahoo Finance monthly adjusted close
XLY,Consumer Discretionary Select Sector SPDR,Sector,2010-09-01,13.778116,Yahoo Finance monthly adjusted close
XLY,Consumer Discretionary Select Sector SPDR,Sector,2010-10-01,14.587790,Yahoo Finance monthly adjusted close
XLY,Consumer Discretionary Select Sector SPDR,Sector,2010-11-01,14.955997,Yahoo Finance monthly adjusted close
XLY,Consumer Discretionary Select Sector SPDR,Sector,2010-12-01,15.477291,Yahoo Finance monthly adjusted close
XLY,Consumer Discretionary Select Sector SPDR,Sector,2011-01-01,15.472857,Yahoo Finance monthly adjusted close
XLY,Consumer Discretionary Select Sector SPDR,Sector,2011-02-01,16.400906,Yahoo Finance monthly adjusted close
XLY,Consumer Discretionary Select Sector SPDR,Sector,2011-03-01,16.251087,Yahoo Finance monthly adjusted close
XLY,Consumer Discretionary Select Sector SPDR,Sector,2011-04-01,16.931860,Yahoo Finance monthly adjusted close
XLY,Consumer Discretionary Select Sector SPDR,Sector,2011-05-01,16.885939,Yahoo Finance monthly adjusted close
XLY,Consumer Discretionary Select Sector SPDR,Sector,2011-06-01,16.789898,Yahoo Finance monthly adjusted close
XLY,Consumer Discretionary Select Sector SPDR,Sector,2011-07-01,16.614521,Yahoo Finance monthly adjusted close
XLY,Consumer Discretionary Select Sector SPDR,Sector,2011-08-01,15.742945,Yahoo Finance monthly adjusted close
XLY,Consumer Discretionary Select Sector SPDR,Sector,2011-09-01,14.607375,Yahoo Finance monthly adjusted close
XLY,Consumer Discretionary Select Sector SPDR,Sector,2011-10-01,16.406567,Yahoo Finance monthly adjusted close
XLY,Consumer Discretionary Select Sector SPDR,Sector,2011-11-01,16.288841,Yahoo Finance monthly adjusted close
XLY,Consumer Discretionary Select Sector SPDR,Sector,2011-12-01,16.406567,Yahoo Finance monthly adjusted close
XLY,Consumer Discretionary Select Sector SPDR,Sector,2012-01-01,17.474482,Yahoo Finance monthly adjusted close
XLY,Consumer Discretionary Select Sector SPDR,Sector,2012-02-01,18.265318,Yahoo Finance monthly adjusted close
XLY,Consumer Discretionary Select Sector SPDR,Sector,2012-03-01,19.068844,Yahoo Finance monthly adjusted close
XLY,Consumer Discretionary Select Sector SPDR,Sector,2012-04-01,19.348148,Yahoo Finance monthly adjusted close
XLY,Consumer Discretionary Select Sector SPDR,Sector,2012-05-01,18.283381,Yahoo Finance monthly adjusted close
XLY,Consumer Discretionary Select Sector SPDR,Sector,2012-06-01,18.571850,Yahoo Finance monthly adjusted close
XLY,Consumer Discretionary Select Sector SPDR,Sector,2012-07-01,18.535322,Yahoo Finance monthly adjusted close
XLY,Consumer Discretionary Select Sector SPDR,Sector,2012-08-01,19.391001,Yahoo Finance monthly adjusted close
XLY,Consumer Discretionary Select Sector SPDR,Sector,2012-09-01,19.918882,Yahoo Finance monthly adjusted close
XLY,Consumer Discretionary Select Sector SPDR,Sector,2012-10-01,19.680822,Yahoo Finance monthly adjusted close
XLY,Consumer Discretionary Select Sector SPDR,Sector,2012-11-01,20.304518,Yahoo Finance monthly adjusted close
XLY,Consumer Discretionary Select Sector SPDR,Sector,2012-12-01,20.266069,Yahoo Finance monthly adjusted close
XLY,Consumer Discretionary Select Sector SPDR,Sector,2013-01-01,21.552591,Yahoo Finance monthly adjusted close
XLY,Consumer Discretionary Select Sector SPDR,Sector,2013-02-01,21.896542,Yahoo Finance monthly adjusted close
XLY,Consumer Discretionary Select Sector SPDR,Sector,2013-03-01,22.786507,Yahoo Finance monthly adjusted close
XLY,Consumer Discretionary Select Sector SPDR,Sector,2013-04-01,23.548967,Yahoo Finance monthly adjusted close
XLY,Consumer Discretionary Select Sector SPDR,Sector,2013-05-01,24.200100,Yahoo Finance monthly adjusted close
XLY,Consumer Discretionary Select Sector SPDR,Sector,2013-06-01,24.320852,Yahoo Finance monthly adjusted close
XLY,Consumer Discretionary Select Sector SPDR,Sector,2013-07-01,25.683598,Yahoo Finance monthly adjusted close
XLY,Consumer Discretionary Select Sector SPDR,Sector,2013-08-01,24.952501,Yahoo Finance monthly adjusted close
XLY,Consumer Discretionary Select Sector SPDR,Sector,2013-09-01,26.228683,Yahoo Finance monthly adjusted close
XLY,Consumer Discretionary Select Sector SPDR,Sector,2013-10-01,27.511822,Yahoo Finance monthly adjusted close
XLY,Consumer Discretionary Select Sector SPDR,Sector,2013-11-01,28.461996,Yahoo Finance monthly adjusted close
XLY,Consumer Discretionary Select Sector SPDR,Sector,2013-12-01,28.995667,Yahoo Finance monthly adjusted close
XLY,Consumer Discretionary Select Sector SPDR,Sector,2014-01-01,27.365046,Yahoo Finance monthly adjusted close
XLY,Consumer Discretionary Select Sector SPDR,Sector,2014-02-01,29.116192,Yahoo Finance monthly adjusted close
XLY,Consumer Discretionary Select Sector SPDR,Sector,2014-03-01,28.192705,Yahoo Finance monthly adjusted close
XLY,Consumer Discretionary Select Sector SPDR,Sector,2014-04-01,27.896877,Yahoo Finance monthly adjusted close
XLY,Consumer Discretionary Select Sector SPDR,Sector,2014-05-01,28.700926,Yahoo Finance monthly adjusted close
XLY,Consumer Discretionary Select Sector SPDR,Sector,2014-06-01,29.164125,Yahoo Finance monthly adjusted close
XLY,Consumer Discretionary Select Sector SPDR,Sector,2014-07-01,28.884714,Yahoo Finance monthly adjusted close
XLY,Consumer Discretionary Select Sector SPDR,Sector,2014-08-01,30.169159,Yahoo Finance monthly adjusted close
XLY,Consumer Discretionary Select Sector SPDR,Sector,2014-09-01,29.235415,Yahoo Finance monthly adjusted close
XLY,Consumer Discretionary Select Sector SPDR,Sector,2014-10-01,29.953384,Yahoo Finance monthly adjusted close
XLY,Consumer Discretionary Select Sector SPDR,Sector,2014-11-01,31.585211,Yahoo Finance monthly adjusted close
XLY,Consumer Discretionary Select Sector SPDR,Sector,2014-12-01,31.734764,Yahoo Finance monthly adjusted close
XLY,Consumer Discretionary Select Sector SPDR,Sector,2015-01-01,30.912310,Yahoo Finance monthly adjusted close
XLY,Consumer Discretionary Select Sector SPDR,Sector,2015-02-01,33.553493,Yahoo Finance monthly adjusted close
XLY,Consumer Discretionary Select Sector SPDR,Sector,2015-03-01,33.279659,Yahoo Finance monthly adjusted close
XLY,Consumer Discretionary Select Sector SPDR,Sector,2015-04-01,33.373703,Yahoo Finance monthly adjusted close
XLY,Consumer Discretionary Select Sector SPDR,Sector,2015-05-01,33.812428,Yahoo Finance monthly adjusted close
XLY,Consumer Discretionary Select Sector SPDR,Sector,2015-06-01,33.892193,Yahoo Finance monthly adjusted close
XLY,Consumer Discretionary Select Sector SPDR,Sector,2015-07-01,35.662556,Yahoo Finance monthly adjusted close
XLY,Consumer Discretionary Select Sector SPDR,Sector,2015-08-01,33.333054,Yahoo Finance monthly adjusted close
XLY,Consumer Discretionary Select Sector SPDR,Sector,2015-09-01,33.012974,Yahoo Finance monthly adjusted close
XLY,Consumer Discretionary Select Sector SPDR,Sector,2015-10-01,36.131645,Yahoo Finance monthly adjusted close
XLY,Consumer Discretionary Select Sector SPDR,Sector,2015-11-01,36.046841,Yahoo Finance monthly adjusted close
XLY,Consumer Discretionary Select Sector SPDR,Sector,2015-12-01,34.877720,Yahoo Finance monthly adjusted close
XLY,Consumer Discretionary Select Sector SPDR,Sector,2016-01-01,33.207275,Yahoo Finance monthly adjusted close
XLY,Consumer Discretionary Select Sector SPDR,Sector,2016-02-01,33.355137,Yahoo Finance monthly adjusted close
XLY,Consumer Discretionary Select Sector SPDR,Sector,2016-03-01,35.443180,Yahoo Finance monthly adjusted close
XLY,Consumer Discretionary Select Sector SPDR,Sector,2016-04-01,35.634060,Yahoo Finance monthly adjusted close
XLY,Consumer Discretionary Select Sector SPDR,Sector,2016-05-01,35.652050,Yahoo Finance monthly adjusted close
XLY,Consumer Discretionary Select Sector SPDR,Sector,2016-06-01,35.121128,Yahoo Finance monthly adjusted close
XLY,Consumer Discretionary Select Sector SPDR,Sector,2016-07-01,36.853210,Yahoo Finance monthly adjusted close
XLY,Consumer Discretionary Select Sector SPDR,Sector,2016-08-01,36.374584,Yahoo Finance monthly adjusted close
XLY,Consumer Discretionary Select Sector SPDR,Sector,2016-09-01,36.139801,Yahoo Finance monthly adjusted close
XLY,Consumer Discretionary Select Sector SPDR,Sector,2016-10-01,35.398308,Yahoo Finance monthly adjusted close
XLY,Consumer Discretionary Select Sector SPDR,Sector,2016-11-01,37.097961,Yahoo Finance monthly adjusted close
XLY,Consumer Discretionary Select Sector SPDR,Sector,2016-12-01,36.894016,Yahoo Finance monthly adjusted close
XLY,Consumer Discretionary Select Sector SPDR,Sector,2017-01-01,38.676285,Yahoo Finance monthly adjusted close
XLY,Consumer Discretionary Select Sector SPDR,Sector,2017-02-01,39.378399,Yahoo Finance monthly adjusted close
XLY,Consumer Discretionary Select Sector SPDR,Sector,2017-03-01,40.098774,Yahoo Finance monthly adjusted close
XLY,Consumer Discretionary Select Sector SPDR,Sector,2017-04-01,41.183605,Yahoo Finance monthly adjusted close
XLY,Consumer Discretionary Select Sector SPDR,Sector,2017-05-01,41.636330,Yahoo Finance monthly adjusted close
XLY,Consumer Discretionary Select Sector SPDR,Sector,2017-06-01,40.986973,Yahoo Finance monthly adjusted close
XLY,Consumer Discretionary Select Sector SPDR,Sector,2017-07-01,41.905491,Yahoo Finance monthly adjusted close
XLY,Consumer Discretionary Select Sector SPDR,Sector,2017-08-01,41.125729,Yahoo Finance monthly adjusted close
XLY,Consumer Discretionary Select Sector SPDR,Sector,2017-09-01,41.318367,Yahoo Finance monthly adjusted close
XLY,Consumer Discretionary Select Sector SPDR,Sector,2017-10-01,42.343746,Yahoo Finance monthly adjusted close
XLY,Consumer Discretionary Select Sector SPDR,Sector,2017-11-01,44.488785,Yahoo Finance monthly adjusted close
XLY,Consumer Discretionary Select Sector SPDR,Sector,2017-12-01,45.427811,Yahoo Finance monthly adjusted close
XLY,Consumer Discretionary Select Sector SPDR,Sector,2018-01-01,49.794716,Yahoo Finance monthly adjusted close
XLY,Consumer Discretionary Select Sector SPDR,Sector,2018-02-01,48.067314,Yahoo Finance monthly adjusted close
XLY,Consumer Discretionary Select Sector SPDR,Sector,2018-03-01,46.783298,Yahoo Finance monthly adjusted close
XLY,Consumer Discretionary Select Sector SPDR,Sector,2018-04-01,48.037437,Yahoo Finance monthly adjusted close
XLY,Consumer Discretionary Select Sector SPDR,Sector,2018-05-01,48.991707,Yahoo Finance monthly adjusted close
XLY,Consumer Discretionary Select Sector SPDR,Sector,2018-06-01,50.631554,Yahoo Finance monthly adjusted close
XLY,Consumer Discretionary Select Sector SPDR,Sector,2018-07-01,51.679516,Yahoo Finance monthly adjusted close
XLY,Consumer Discretionary Select Sector SPDR,Sector,2018-08-01,54.317596,Yahoo Finance monthly adjusted close
XLY,Consumer Discretionary Select Sector SPDR,Sector,2018-09-01,54.443001,Yahoo Finance monthly adjusted close
XLY,Consumer Discretionary Select Sector SPDR,Sector,2018-10-01,49.090179,Yahoo Finance monthly adjusted close
XLY,Consumer Discretionary Select Sector SPDR,Sector,2018-11-01,50.306015,Yahoo Finance monthly adjusted close
XLY,Consumer Discretionary Select Sector SPDR,Sector,2018-12-01,46.122772,Yahoo Finance monthly adjusted close
XLY,Consumer Discretionary Select Sector SPDR,Sector,2019-01-01,50.872631,Yahoo Finance monthly adjusted close
XLY,Consumer Discretionary Select Sector SPDR,Sector,2019-02-01,51.541405,Yahoo Finance monthly adjusted close
XLY,Consumer Discretionary Select Sector SPDR,Sector,2019-03-01,53.243694,Yahoo Finance monthly adjusted close
XLY,Consumer Discretionary Select Sector SPDR,Sector,2019-04-01,56.344204,Yahoo Finance monthly adjusted close
XLY,Consumer Discretionary Select Sector SPDR,Sector,2019-05-01,52.059853,Yahoo Finance monthly adjusted close
XLY,Consumer Discretionary Select Sector SPDR,Sector,2019-06-01,55.935936,Yahoo Finance monthly adjusted close
XLY,Consumer Discretionary Select Sector SPDR,Sector,2019-07-01,56.844521,Yahoo Finance monthly adjusted close
XLY,Consumer Discretionary Select Sector SPDR,Sector,2019-08-01,56.307724,Yahoo Finance monthly adjusted close
XLY,Consumer Discretionary Select Sector SPDR,Sector,2019-09-01,56.835117,Yahoo Finance monthly adjusted close
XLY,Consumer Discretionary Select Sector SPDR,Sector,2019-10-01,57.094513,Yahoo Finance monthly adjusted close
XLY,Consumer Discretionary Select Sector SPDR,Sector,2019-11-01,57.850426,Yahoo Finance monthly adjusted close
XLY,Consumer Discretionary Select Sector SPDR,Sector,2019-12-01,59.253578,Yahoo Finance monthly adjusted close
XLY,Consumer Discretionary Select Sector SPDR,Sector,2020-01-01,59.401527,Yahoo Finance monthly adjusted close
XLY,Consumer Discretionary Select Sector SPDR,Sector,2020-02-01,54.903282,Yahoo Finance monthly adjusted close
XLY,Consumer Discretionary Select Sector SPDR,Sector,2020-03-01,46.489796,Yahoo Finance monthly adjusted close
XLY,Consumer Discretionary Select Sector SPDR,Sector,2020-04-01,55.536427,Yahoo Finance monthly adjusted close
XLY,Consumer Discretionary Select Sector SPDR,Sector,2020-05-01,59.151531,Yahoo Finance monthly adjusted close
XLY,Consumer Discretionary Select Sector SPDR,Sector,2020-06-01,60.828102,Yahoo Finance monthly adjusted close
XLY,Consumer Discretionary Select Sector SPDR,Sector,2020-07-01,65.404900,Yahoo Finance monthly adjusted close
XLY,Consumer Discretionary Select Sector SPDR,Sector,2020-08-01,71.654167,Yahoo Finance monthly adjusted close
XLY,Consumer Discretionary Select Sector SPDR,Sector,2020-09-01,70.169434,Yahoo Finance monthly adjusted close
XLY,Consumer Discretionary Select Sector SPDR,Sector,2020-10-01,68.400490,Yahoo Finance monthly adjusted close
XLY,Consumer Discretionary Select Sector SPDR,Sector,2020-11-01,75.237183,Yahoo Finance monthly adjusted close
XLY,Consumer Discretionary Select Sector SPDR,Sector,2020-12-01,76.921234,Yahoo Finance monthly adjusted close
XLY,Consumer Discretionary Select Sector SPDR,Sector,2021-01-01,77.653366,Yahoo Finance monthly adjusted close
XLY,Consumer Discretionary Select Sector SPDR,Sector,2021-02-01,77.241158,Yahoo Finance monthly adjusted close
XLY,Consumer Discretionary Select Sector SPDR,Sector,2021-03-01,80.558014,Yahoo Finance monthly adjusted close
XLY,Consumer Discretionary Select Sector SPDR,Sector,2021-04-01,85.894775,Yahoo Finance monthly adjusted close
XLY,Consumer Discretionary Select Sector SPDR,Sector,2021-05-01,82.975937,Yahoo Finance monthly adjusted close
XLY,Consumer Discretionary Select Sector SPDR,Sector,2021-06-01,85.717148,Yahoo Finance monthly adjusted close
XLY,Consumer Discretionary Select Sector SPDR,Sector,2021-07-01,86.748177,Yahoo Finance monthly adjusted close
XLY,Consumer Discretionary Select Sector SPDR,Sector,2021-08-01,88.296310,Yahoo Finance monthly adjusted close
XLY,Consumer Discretionary Select Sector SPDR,Sector,2021-09-01,86.277023,Yahoo Finance monthly adjusted close
XLY,Consumer Discretionary Select Sector SPDR,Sector,2021-10-01,96.854729,Yahoo Finance monthly adjusted close
XLY,Consumer Discretionary Select Sector SPDR,Sector,2021-11-01,98.438904,Yahoo Finance monthly adjusted close
XLY,Consumer Discretionary Select Sector SPDR,Sector,2021-12-01,98.438904,Yahoo Finance monthly adjusted close
XLY,Consumer Discretionary Select Sector SPDR,Sector,2022-01-01,89.187691,Yahoo Finance monthly adjusted close
XLY,Consumer Discretionary Select Sector SPDR,Sector,2022-02-01,85.561371,Yahoo Finance monthly adjusted close
XLY,Consumer Discretionary Select Sector SPDR,Sector,2022-03-01,89.211845,Yahoo Finance monthly adjusted close
XLY,Consumer Discretionary Select Sector SPDR,Sector,2022-04-01,78.665657,Yahoo Finance monthly adjusted close
XLY,Consumer Discretionary Select Sector SPDR,Sector,2022-05-01,74.637711,Yahoo Finance monthly adjusted close
XLY,Consumer Discretionary Select Sector SPDR,Sector,2022-06-01,66.398293,Yahoo Finance monthly adjusted close
XLY,Consumer Discretionary Select Sector SPDR,Sector,2022-07-01,78.823364,Yahoo Finance monthly adjusted close
XLY,Consumer Discretionary Select Sector SPDR,Sector,2022-08-01,75.279877,Yahoo Finance monthly adjusted close
XLY,Consumer Discretionary Select Sector SPDR,Sector,2022-09-01,68.957748,Yahoo Finance monthly adjusted close
XLY,Consumer Discretionary Select Sector SPDR,Sector,2022-10-01,69.868568,Yahoo Finance monthly adjusted close
XLY,Consumer Discretionary Select Sector SPDR,Sector,2022-11-01,70.906677,Yahoo Finance monthly adjusted close
XLY,Consumer Discretionary Select Sector SPDR,Sector,2022-12-01,62.655174,Yahoo Finance monthly adjusted close
XLY,Consumer Discretionary Select Sector SPDR,Sector,2023-01-01,72.331657,Yahoo Finance monthly adjusted close
XLY,Consumer Discretionary Select Sector SPDR,Sector,2023-02-01,70.794579,Yahoo Finance monthly adjusted close
XLY,Consumer Discretionary Select Sector SPDR,Sector,2023-03-01,72.740265,Yahoo Finance monthly adjusted close
XLY,Consumer Discretionary Select Sector SPDR,Sector,2023-04-01,72.142555,Yahoo Finance monthly adjusted close
XLY,Consumer Discretionary Select Sector SPDR,Sector,2023-05-01,73.972214,Yahoo Finance monthly adjusted close
XLY,Consumer Discretionary Select Sector SPDR,Sector,2023-06-01,82.852203,Yahoo Finance monthly adjusted close
XLY,Consumer Discretionary Select Sector SPDR,Sector,2023-07-01,84.940216,Yahoo Finance monthly adjusted close
XLY,Consumer Discretionary Select Sector SPDR,Sector,2023-08-01,83.458862,Yahoo Finance monthly adjusted close
XLY,Consumer Discretionary Select Sector SPDR,Sector,2023-09-01,78.701935,Yahoo Finance monthly adjusted close
XLY,Consumer Discretionary Select Sector SPDR,Sector,2023-10-01,74.492828,Yahoo Finance monthly adjusted close
XLY,Consumer Discretionary Select Sector SPDR,Sector,2023-11-01,82.662056,Yahoo Finance monthly adjusted close
XLY,Consumer Discretionary Select Sector SPDR,Sector,2023-12-01,87.574371,Yahoo Finance monthly adjusted close
XLY,Consumer Discretionary Select Sector SPDR,Sector,2024-01-01,83.859894,Yahoo Finance monthly adjusted close
XLY,Consumer Discretionary Select Sector SPDR,Sector,2024-02-01,90.478607,Yahoo Finance monthly adjusted close
XLY,Consumer Discretionary Select Sector SPDR,Sector,2024-03-01,90.223473,Yahoo Finance monthly adjusted close
XLY,Consumer Discretionary Select Sector SPDR,Sector,2024-04-01,86.353584,Yahoo Finance monthly adjusted close
XLY,Consumer Discretionary Select Sector SPDR,Sector,2024-05-01,86.525688,Yahoo Finance monthly adjusted close
XLY,Consumer Discretionary Select Sector SPDR,Sector,2024-06-01,89.687355,Yahoo Finance monthly adjusted close
XLY,Consumer Discretionary Select Sector SPDR,Sector,2024-07-01,92.388481,Yahoo Finance monthly adjusted close
XLY,Consumer Discretionary Select Sector SPDR,Sector,2024-08-01,92.206146,Yahoo Finance monthly adjusted close
XLY,Consumer Discretionary Select Sector SPDR,Sector,2024-09-01,98.735283,Yahoo Finance monthly adjusted close
XLY,Consumer Discretionary Select Sector SPDR,Sector,2024-10-01,97.220657,Yahoo Finance monthly adjusted close
XLY,Consumer Discretionary Select Sector SPDR,Sector,2024-11-01,109.767639,Yahoo Finance monthly adjusted close
XLY,Consumer Discretionary Select Sector SPDR,Sector,2024-12-01,110.779884,Yahoo Finance monthly adjusted close
XLY,Consumer Discretionary Select Sector SPDR,Sector,2025-01-01,114.858521,Yahoo Finance monthly adjusted close
XLY,Consumer Discretionary Select Sector SPDR,Sector,2025-02-01,106.839157,Yahoo Finance monthly adjusted close
XLY,Consumer Discretionary Select Sector SPDR,Sector,2025-03-01,97.686882,Yahoo Finance monthly adjusted close
XLY,Consumer Discretionary Select Sector SPDR,Sector,2025-04-01,97.856552,Yahoo Finance monthly adjusted close
XLY,Consumer Discretionary Select Sector SPDR,Sector,2025-05-01,106.061699,Yahoo Finance monthly adjusted close
XLY,Consumer Discretionary Select Sector SPDR,Sector,2025-06-01,107.812859,Yahoo Finance monthly adjusted close
XLY,Consumer Discretionary Select Sector SPDR,Sector,2025-07-01,110.080345,Yahoo Finance monthly adjusted close
XLY,Consumer Discretionary Select Sector SPDR,Sector,2025-08-01,115.205788,Yahoo Finance monthly adjusted close
XLY,Consumer Discretionary Select Sector SPDR,Sector,2025-09-01,119.133148,Yahoo Finance monthly adjusted close
XLY,Consumer Discretionary Select Sector SPDR,Sector,2025-10-01,119.487694,Yahoo Finance monthly adjusted close
XLY,Consumer Discretionary Select Sector SPDR,Sector,2025-11-01,117.759605,Yahoo Finance monthly adjusted close
XLY,Consumer Discretionary Select Sector SPDR,Sector,2025-12-01,118.934906,Yahoo Finance monthly adjusted close
XLY,Consumer Discretionary Select Sector SPDR,Sector,2026-01-01,120.927078,Yahoo Finance monthly adjusted close
XLY,Consumer Discretionary Select Sector SPDR,Sector,2026-02-01,116.625717,Yahoo Finance monthly adjusted close
XLY,Consumer Discretionary Select Sector SPDR,Sector,2026-03-01,108.761520,Yahoo Finance monthly adjusted close
XLY,Consumer Discretionary Select Sector SPDR,Sector,2026-04-01,118.349998,Yahoo Finance monthly adjusted close
XLY,Consumer Discretionary Select Sector SPDR,Sector,2026-05-01,119.180000,Yahoo Finance monthly adjusted close
XLY,Consumer Discretionary Select Sector SPDR,Sector,2026-05-01,119.180000,Yahoo Finance monthly adjusted close
XLP,Consumer Staples Select Sector SPDR,Sector,1998-12-01,14.332380,Yahoo Finance monthly adjusted close
XLP,Consumer Staples Select Sector SPDR,Sector,1999-01-01,14.142715,Yahoo Finance monthly adjusted close
XLP,Consumer Staples Select Sector SPDR,Sector,1999-02-01,13.994281,Yahoo Finance monthly adjusted close
XLP,Consumer Staples Select Sector SPDR,Sector,1999-03-01,13.953049,Yahoo Finance monthly adjusted close
XLP,Consumer Staples Select Sector SPDR,Sector,1999-04-01,13.490275,Yahoo Finance monthly adjusted close
XLP,Consumer Staples Select Sector SPDR,Sector,1999-05-01,13.349843,Yahoo Finance monthly adjusted close
XLP,Consumer Staples Select Sector SPDR,Sector,1999-06-01,13.531584,Yahoo Finance monthly adjusted close
XLP,Consumer Staples Select Sector SPDR,Sector,1999-07-01,13.079662,Yahoo Finance monthly adjusted close
XLP,Consumer Staples Select Sector SPDR,Sector,1999-08-01,13.303595,Yahoo Finance monthly adjusted close
XLP,Consumer Staples Select Sector SPDR,Sector,1999-09-01,12.076080,Yahoo Finance monthly adjusted close
XLP,Consumer Staples Select Sector SPDR,Sector,1999-10-01,13.209070,Yahoo Finance monthly adjusted close
XLP,Consumer Staples Select Sector SPDR,Sector,1999-11-01,13.250636,Yahoo Finance monthly adjusted close
XLP,Consumer Staples Select Sector SPDR,Sector,1999-12-01,12.253092,Yahoo Finance monthly adjusted close
XLP,Consumer Staples Select Sector SPDR,Sector,2000-01-01,12.397274,Yahoo Finance monthly adjusted close
XLP,Consumer Staples Select Sector SPDR,Sector,2000-02-01,10.946617,Yahoo Finance monthly adjusted close
XLP,Consumer Staples Select Sector SPDR,Sector,2000-03-01,11.321793,Yahoo Finance monthly adjusted close
XLP,Consumer Staples Select Sector SPDR,Sector,2000-04-01,11.960337,Yahoo Finance monthly adjusted close
XLP,Consumer Staples Select Sector SPDR,Sector,2000-05-01,12.813446,Yahoo Finance monthly adjusted close
XLP,Consumer Staples Select Sector SPDR,Sector,2000-06-01,13.507648,Yahoo Finance monthly adjusted close
XLP,Consumer Staples Select Sector SPDR,Sector,2000-07-01,13.044239,Yahoo Finance monthly adjusted close
XLP,Consumer Staples Select Sector SPDR,Sector,2000-08-01,12.884956,Yahoo Finance monthly adjusted close
XLP,Consumer Staples Select Sector SPDR,Sector,2000-09-01,13.404716,Yahoo Finance monthly adjusted close
XLP,Consumer Staples Select Sector SPDR,Sector,2000-10-01,14.389771,Yahoo Finance monthly adjusted close
XLP,Consumer Staples Select Sector SPDR,Sector,2000-11-01,14.886261,Yahoo Finance monthly adjusted close
XLP,Consumer Staples Select Sector SPDR,Sector,2000-12-01,15.382758,Yahoo Finance monthly adjusted close
XLP,Consumer Staples Select Sector SPDR,Sector,2001-01-01,14.302916,Yahoo Finance monthly adjusted close
XLP,Consumer Staples Select Sector SPDR,Sector,2001-02-01,14.389341,Yahoo Finance monthly adjusted close
XLP,Consumer Staples Select Sector SPDR,Sector,2001-03-01,13.352276,Yahoo Finance monthly adjusted close
XLP,Consumer Staples Select Sector SPDR,Sector,2001-04-01,13.651373,Yahoo Finance monthly adjusted close
XLP,Consumer Staples Select Sector SPDR,Sector,2001-05-01,13.851808,Yahoo Finance monthly adjusted close
XLP,Consumer Staples Select Sector SPDR,Sector,2001-06-01,13.169243,Yahoo Finance monthly adjusted close
XLP,Consumer Staples Select Sector SPDR,Sector,2001-07-01,13.613271,Yahoo Finance monthly adjusted close
XLP,Consumer Staples Select Sector SPDR,Sector,2001-08-01,13.678490,Yahoo Finance monthly adjusted close
XLP,Consumer Staples Select Sector SPDR,Sector,2001-09-01,13.618698,Yahoo Finance monthly adjusted close
XLP,Consumer Staples Select Sector SPDR,Sector,2001-10-01,13.574762,Yahoo Finance monthly adjusted close
XLP,Consumer Staples Select Sector SPDR,Sector,2001-11-01,14.174457,Yahoo Finance monthly adjusted close
XLP,Consumer Staples Select Sector SPDR,Sector,2001-12-01,13.847354,Yahoo Finance monthly adjusted close
XLP,Consumer Staples Select Sector SPDR,Sector,2002-01-01,13.803216,Yahoo Finance monthly adjusted close
XLP,Consumer Staples Select Sector SPDR,Sector,2002-02-01,14.093177,Yahoo Finance monthly adjusted close
XLP,Consumer Staples Select Sector SPDR,Sector,2002-03-01,14.279195,Yahoo Finance monthly adjusted close
XLP,Consumer Staples Select Sector SPDR,Sector,2002-04-01,13.788240,Yahoo Finance monthly adjusted close
XLP,Consumer Staples Select Sector SPDR,Sector,2002-05-01,13.634606,Yahoo Finance monthly adjusted close
XLP,Consumer Staples Select Sector SPDR,Sector,2002-06-01,12.208045,Yahoo Finance monthly adjusted close
XLP,Consumer Staples Select Sector SPDR,Sector,2002-07-01,11.722422,Yahoo Finance monthly adjusted close
XLP,Consumer Staples Select Sector SPDR,Sector,2002-08-01,11.815979,Yahoo Finance monthly adjusted close
XLP,Consumer Staples Select Sector SPDR,Sector,2002-09-01,10.891396,Yahoo Finance monthly adjusted close
XLP,Consumer Staples Select Sector SPDR,Sector,2002-10-01,11.388383,Yahoo Finance monthly adjusted close
XLP,Consumer Staples Select Sector SPDR,Sector,2002-11-01,11.072656,Yahoo Finance monthly adjusted close
XLP,Consumer Staples Select Sector SPDR,Sector,2002-12-01,11.044960,Yahoo Finance monthly adjusted close
XLP,Consumer Staples Select Sector SPDR,Sector,2003-01-01,10.725237,Yahoo Finance monthly adjusted close
XLP,Consumer Staples Select Sector SPDR,Sector,2003-02-01,10.396685,Yahoo Finance monthly adjusted close
XLP,Consumer Staples Select Sector SPDR,Sector,2003-03-01,10.340997,Yahoo Finance monthly adjusted close
XLP,Consumer Staples Select Sector SPDR,Sector,2003-04-01,10.705885,Yahoo Finance monthly adjusted close
XLP,Consumer Staples Select Sector SPDR,Sector,2003-05-01,11.232218,Yahoo Finance monthly adjusted close
XLP,Consumer Staples Select Sector SPDR,Sector,2003-06-01,11.288212,Yahoo Finance monthly adjusted close
XLP,Consumer Staples Select Sector SPDR,Sector,2003-07-01,11.322525,Yahoo Finance monthly adjusted close
XLP,Consumer Staples Select Sector SPDR,Sector,2003-08-01,11.513765,Yahoo Finance monthly adjusted close
XLP,Consumer Staples Select Sector SPDR,Sector,2003-09-01,11.429392,Yahoo Finance monthly adjusted close
XLP,Consumer Staples Select Sector SPDR,Sector,2003-10-01,11.987724,Yahoo Finance monthly adjusted close
XLP,Consumer Staples Select Sector SPDR,Sector,2003-11-01,12.128827,Yahoo Finance monthly adjusted close
XLP,Consumer Staples Select Sector SPDR,Sector,2003-12-01,12.292500,Yahoo Finance monthly adjusted close
XLP,Consumer Staples Select Sector SPDR,Sector,2004-01-01,12.344580,Yahoo Finance monthly adjusted close
XLP,Consumer Staples Select Sector SPDR,Sector,2004-02-01,13.047398,Yahoo Finance monthly adjusted close
XLP,Consumer Staples Select Sector SPDR,Sector,2004-03-01,12.968042,Yahoo Finance monthly adjusted close
XLP,Consumer Staples Select Sector SPDR,Sector,2004-04-01,13.185713,Yahoo Finance monthly adjusted close
XLP,Consumer Staples Select Sector SPDR,Sector,2004-05-01,13.111766,Yahoo Finance monthly adjusted close
XLP,Consumer Staples Select Sector SPDR,Sector,2004-06-01,13.134514,Yahoo Finance monthly adjusted close
XLP,Consumer Staples Select Sector SPDR,Sector,2004-07-01,12.532792,Yahoo Finance monthly adjusted close
XLP,Consumer Staples Select Sector SPDR,Sector,2004-08-01,12.755470,Yahoo Finance monthly adjusted close
XLP,Consumer Staples Select Sector SPDR,Sector,2004-09-01,12.367211,Yahoo Finance monthly adjusted close
XLP,Consumer Staples Select Sector SPDR,Sector,2004-10-01,12.499794,Yahoo Finance monthly adjusted close
XLP,Consumer Staples Select Sector SPDR,Sector,2004-11-01,12.809426,Yahoo Finance monthly adjusted close
XLP,Consumer Staples Select Sector SPDR,Sector,2004-12-01,13.233734,Yahoo Finance monthly adjusted close
XLP,Consumer Staples Select Sector SPDR,Sector,2005-01-01,13.443831,Yahoo Finance monthly adjusted close
XLP,Consumer Staples Select Sector SPDR,Sector,2005-02-01,13.426565,Yahoo Finance monthly adjusted close
XLP,Consumer Staples Select Sector SPDR,Sector,2005-03-01,13.253836,Yahoo Finance monthly adjusted close
XLP,Consumer Staples Select Sector SPDR,Sector,2005-04-01,13.170158,Yahoo Finance monthly adjusted close
XLP,Consumer Staples Select Sector SPDR,Sector,2005-05-01,13.476568,Yahoo Finance monthly adjusted close
XLP,Consumer Staples Select Sector SPDR,Sector,2005-06-01,13.152803,Yahoo Finance monthly adjusted close
XLP,Consumer Staples Select Sector SPDR,Sector,2005-07-01,13.640280,Yahoo Finance monthly adjusted close
XLP,Consumer Staples Select Sector SPDR,Sector,2005-08-01,13.402100,Yahoo Finance monthly adjusted close
XLP,Consumer Staples Select Sector SPDR,Sector,2005-09-01,13.524098,Yahoo Finance monthly adjusted close
XLP,Consumer Staples Select Sector SPDR,Sector,2005-10-01,13.527445,Yahoo Finance monthly adjusted close
XLP,Consumer Staples Select Sector SPDR,Sector,2005-11-01,13.650051,Yahoo Finance monthly adjusted close
XLP,Consumer Staples Select Sector SPDR,Sector,2005-12-01,13.597509,Yahoo Finance monthly adjusted close
XLP,Consumer Staples Select Sector SPDR,Sector,2006-01-01,13.689480,Yahoo Finance monthly adjusted close
XLP,Consumer Staples Select Sector SPDR,Sector,2006-02-01,13.806832,Yahoo Finance monthly adjusted close
XLP,Consumer Staples Select Sector SPDR,Sector,2006-03-01,13.847908,Yahoo Finance monthly adjusted close
XLP,Consumer Staples Select Sector SPDR,Sector,2006-04-01,14.056352,Yahoo Finance monthly adjusted close
XLP,Consumer Staples Select Sector SPDR,Sector,2006-05-01,14.085853,Yahoo Finance monthly adjusted close
XLP,Consumer Staples Select Sector SPDR,Sector,2006-06-01,14.268708,Yahoo Finance monthly adjusted close
XLP,Consumer Staples Select Sector SPDR,Sector,2006-07-01,14.570437,Yahoo Finance monthly adjusted close
XLP,Consumer Staples Select Sector SPDR,Sector,2006-08-01,15.133805,Yahoo Finance monthly adjusted close
XLP,Consumer Staples Select Sector SPDR,Sector,2006-09-01,15.050780,Yahoo Finance monthly adjusted close
XLP,Consumer Staples Select Sector SPDR,Sector,2006-10-01,15.394370,Yahoo Finance monthly adjusted close
XLP,Consumer Staples Select Sector SPDR,Sector,2006-11-01,15.263254,Yahoo Finance monthly adjusted close
XLP,Consumer Staples Select Sector SPDR,Sector,2006-12-01,15.567210,Yahoo Finance monthly adjusted close
XLP,Consumer Staples Select Sector SPDR,Sector,2007-01-01,15.963669,Yahoo Finance monthly adjusted close
XLP,Consumer Staples Select Sector SPDR,Sector,2007-02-01,15.718073,Yahoo Finance monthly adjusted close
XLP,Consumer Staples Select Sector SPDR,Sector,2007-03-01,15.963669,Yahoo Finance monthly adjusted close
XLP,Consumer Staples Select Sector SPDR,Sector,2007-04-01,16.494354,Yahoo Finance monthly adjusted close
XLP,Consumer Staples Select Sector SPDR,Sector,2007-05-01,16.717081,Yahoo Finance monthly adjusted close
XLP,Consumer Staples Select Sector SPDR,Sector,2007-06-01,16.283659,Yahoo Finance monthly adjusted close
XLP,Consumer Staples Select Sector SPDR,Sector,2007-07-01,15.917600,Yahoo Finance monthly adjusted close
XLP,Consumer Staples Select Sector SPDR,Sector,2007-08-01,16.293135,Yahoo Finance monthly adjusted close
XLP,Consumer Staples Select Sector SPDR,Sector,2007-09-01,16.947273,Yahoo Finance monthly adjusted close
XLP,Consumer Staples Select Sector SPDR,Sector,2007-10-01,17.303581,Yahoo Finance monthly adjusted close
XLP,Consumer Staples Select Sector SPDR,Sector,2007-11-01,17.778656,Yahoo Finance monthly adjusted close
XLP,Consumer Staples Select Sector SPDR,Sector,2007-12-01,17.541117,Yahoo Finance monthly adjusted close
XLP,Consumer Staples Select Sector SPDR,Sector,2008-01-01,16.651602,Yahoo Finance monthly adjusted close
XLP,Consumer Staples Select Sector SPDR,Sector,2008-02-01,16.608749,Yahoo Finance monthly adjusted close
XLP,Consumer Staples Select Sector SPDR,Sector,2008-03-01,17.055655,Yahoo Finance monthly adjusted close
XLP,Consumer Staples Select Sector SPDR,Sector,2008-04-01,17.017601,Yahoo Finance monthly adjusted close
XLP,Consumer Staples Select Sector SPDR,Sector,2008-05-01,17.534592,Yahoo Finance monthly adjusted close
XLP,Consumer Staples Select Sector SPDR,Sector,2008-06-01,16.463686,Yahoo Finance monthly adjusted close
XLP,Consumer Staples Select Sector SPDR,Sector,2008-07-01,16.937004,Yahoo Finance monthly adjusted close
XLP,Consumer Staples Select Sector SPDR,Sector,2008-08-01,17.394415,Yahoo Finance monthly adjusted close
XLP,Consumer Staples Select Sector SPDR,Sector,2008-09-01,17.060623,Yahoo Finance monthly adjusted close
XLP,Consumer Staples Select Sector SPDR,Sector,2008-10-01,15.011009,Yahoo Finance monthly adjusted close
XLP,Consumer Staples Select Sector SPDR,Sector,2008-11-01,14.979897,Yahoo Finance monthly adjusted close
XLP,Consumer Staples Select Sector SPDR,Sector,2008-12-01,14.855425,Yahoo Finance monthly adjusted close
XLP,Consumer Staples Select Sector SPDR,Sector,2009-01-01,13.902705,Yahoo Finance monthly adjusted close
XLP,Consumer Staples Select Sector SPDR,Sector,2009-02-01,12.779194,Yahoo Finance monthly adjusted close
XLP,Consumer Staples Select Sector SPDR,Sector,2009-03-01,13.243661,Yahoo Finance monthly adjusted close
XLP,Consumer Staples Select Sector SPDR,Sector,2009-04-01,13.890343,Yahoo Finance monthly adjusted close
XLP,Consumer Staples Select Sector SPDR,Sector,2009-05-01,14.597489,Yahoo Finance monthly adjusted close
XLP,Consumer Staples Select Sector SPDR,Sector,2009-06-01,14.515409,Yahoo Finance monthly adjusted close
XLP,Consumer Staples Select Sector SPDR,Sector,2009-07-01,15.599922,Yahoo Finance monthly adjusted close
XLP,Consumer Staples Select Sector SPDR,Sector,2009-08-01,15.790784,Yahoo Finance monthly adjusted close
XLP,Consumer Staples Select Sector SPDR,Sector,2009-09-01,16.197960,Yahoo Finance monthly adjusted close
XLP,Consumer Staples Select Sector SPDR,Sector,2009-10-01,16.550690,Yahoo Finance monthly adjusted close
XLP,Consumer Staples Select Sector SPDR,Sector,2009-11-01,17.159407,Yahoo Finance monthly adjusted close
XLP,Consumer Staples Select Sector SPDR,Sector,2009-12-01,16.960777,Yahoo Finance monthly adjusted close
XLP,Consumer Staples Select Sector SPDR,Sector,2010-01-01,16.946766,Yahoo Finance monthly adjusted close
XLP,Consumer Staples Select Sector SPDR,Sector,2010-02-01,17.483629,Yahoo Finance monthly adjusted close
XLP,Consumer Staples Select Sector SPDR,Sector,2010-03-01,18.065769,Yahoo Finance monthly adjusted close
XLP,Consumer Staples Select Sector SPDR,Sector,2010-04-01,17.947441,Yahoo Finance monthly adjusted close
XLP,Consumer Staples Select Sector SPDR,Sector,2010-05-01,17.115993,Yahoo Finance monthly adjusted close
XLP,Consumer Staples Select Sector SPDR,Sector,2010-06-01,16.563873,Yahoo Finance monthly adjusted close
XLP,Consumer Staples Select Sector SPDR,Sector,2010-07-01,17.650976,Yahoo Finance monthly adjusted close
XLP,Consumer Staples Select Sector SPDR,Sector,2010-08-01,17.323866,Yahoo Finance monthly adjusted close
XLP,Consumer Staples Select Sector SPDR,Sector,2010-09-01,18.239784,Yahoo Finance monthly adjusted close
XLP,Consumer Staples Select Sector SPDR,Sector,2010-10-01,18.956272,Yahoo Finance monthly adjusted close
XLP,Consumer Staples Select Sector SPDR,Sector,2010-11-01,18.659773,Yahoo Finance monthly adjusted close
XLP,Consumer Staples Select Sector SPDR,Sector,2010-12-01,19.312073,Yahoo Finance monthly adjusted close
XLP,Consumer Staples Select Sector SPDR,Sector,2011-01-01,19.194927,Yahoo Finance monthly adjusted close
XLP,Consumer Staples Select Sector SPDR,Sector,2011-02-01,19.753229,Yahoo Finance monthly adjusted close
XLP,Consumer Staples Select Sector SPDR,Sector,2011-03-01,19.886160,Yahoo Finance monthly adjusted close
XLP,Consumer Staples Select Sector SPDR,Sector,2011-04-01,21.068827,Yahoo Finance monthly adjusted close
XLP,Consumer Staples Select Sector SPDR,Sector,2011-05-01,21.596880,Yahoo Finance monthly adjusted close
XLP,Consumer Staples Select Sector SPDR,Sector,2011-06-01,20.874973,Yahoo Finance monthly adjusted close
XLP,Consumer Staples Select Sector SPDR,Sector,2011-07-01,20.752119,Yahoo Finance monthly adjusted close
XLP,Consumer Staples Select Sector SPDR,Sector,2011-08-01,20.792511,Yahoo Finance monthly adjusted close
XLP,Consumer Staples Select Sector SPDR,Sector,2011-09-01,19.964579,Yahoo Finance monthly adjusted close
XLP,Consumer Staples Select Sector SPDR,Sector,2011-10-01,21.042814,Yahoo Finance monthly adjusted close
XLP,Consumer Staples Select Sector SPDR,Sector,2011-11-01,21.625822,Yahoo Finance monthly adjusted close
XLP,Consumer Staples Select Sector SPDR,Sector,2011-12-01,22.025806,Yahoo Finance monthly adjusted close
XLP,Consumer Staples Select Sector SPDR,Sector,2012-01-01,21.910254,Yahoo Finance monthly adjusted close
XLP,Consumer Staples Select Sector SPDR,Sector,2012-02-01,22.731131,Yahoo Finance monthly adjusted close
XLP,Consumer Staples Select Sector SPDR,Sector,2012-03-01,23.312572,Yahoo Finance monthly adjusted close
XLP,Consumer Staples Select Sector SPDR,Sector,2012-04-01,23.504757,Yahoo Finance monthly adjusted close
XLP,Consumer Staples Select Sector SPDR,Sector,2012-05-01,23.229685,Yahoo Finance monthly adjusted close
XLP,Consumer Staples Select Sector SPDR,Sector,2012-06-01,23.910482,Yahoo Finance monthly adjusted close
XLP,Consumer Staples Select Sector SPDR,Sector,2012-07-01,24.670599,Yahoo Finance monthly adjusted close
XLP,Consumer Staples Select Sector SPDR,Sector,2012-08-01,24.552896,Yahoo Finance monthly adjusted close
XLP,Consumer Staples Select Sector SPDR,Sector,2012-09-01,24.809092,Yahoo Finance monthly adjusted close
XLP,Consumer Staples Select Sector SPDR,Sector,2012-10-01,24.677395,Yahoo Finance monthly adjusted close
XLP,Consumer Staples Select Sector SPDR,Sector,2012-11-01,25.130636,Yahoo Finance monthly adjusted close
XLP,Consumer Staples Select Sector SPDR,Sector,2012-12-01,24.335720,Yahoo Finance monthly adjusted close
XLP,Consumer Staples Select Sector SPDR,Sector,2013-01-01,25.997868,Yahoo Finance monthly adjusted close
XLP,Consumer Staples Select Sector SPDR,Sector,2013-02-01,26.858110,Yahoo Finance monthly adjusted close
XLP,Consumer Staples Select Sector SPDR,Sector,2013-03-01,28.042715,Yahoo Finance monthly adjusted close
XLP,Consumer Staples Select Sector SPDR,Sector,2013-04-01,29.010340,Yahoo Finance monthly adjusted close
XLP,Consumer Staples Select Sector SPDR,Sector,2013-05-01,28.379673,Yahoo Finance monthly adjusted close
XLP,Consumer Staples Select Sector SPDR,Sector,2013-06-01,28.110405,Yahoo Finance monthly adjusted close
XLP,Consumer Staples Select Sector SPDR,Sector,2013-07-01,29.520638,Yahoo Finance monthly adjusted close
XLP,Consumer Staples Select Sector SPDR,Sector,2013-08-01,28.179754,Yahoo Finance monthly adjusted close
XLP,Consumer Staples Select Sector SPDR,Sector,2013-09-01,28.386593,Yahoo Finance monthly adjusted close
XLP,Consumer Staples Select Sector SPDR,Sector,2013-10-01,30.396358,Yahoo Finance monthly adjusted close
XLP,Consumer Staples Select Sector SPDR,Sector,2013-11-01,30.870071,Yahoo Finance monthly adjusted close
XLP,Consumer Staples Select Sector SPDR,Sector,2013-12-01,30.848534,Yahoo Finance monthly adjusted close
XLP,Consumer Staples Select Sector SPDR,Sector,2014-01-01,29.477551,Yahoo Finance monthly adjusted close
XLP,Consumer Staples Select Sector SPDR,Sector,2014-02-01,30.627445,Yahoo Finance monthly adjusted close
XLP,Consumer Staples Select Sector SPDR,Sector,2014-03-01,31.140900,Yahoo Finance monthly adjusted close
XLP,Consumer Staples Select Sector SPDR,Sector,2014-04-01,32.156799,Yahoo Finance monthly adjusted close
XLP,Consumer Staples Select Sector SPDR,Sector,2014-05-01,32.738297,Yahoo Finance monthly adjusted close
XLP,Consumer Staples Select Sector SPDR,Sector,2014-06-01,32.433002,Yahoo Finance monthly adjusted close
XLP,Consumer Staples Select Sector SPDR,Sector,2014-07-01,31.572235,Yahoo Finance monthly adjusted close
XLP,Consumer Staples Select Sector SPDR,Sector,2014-08-01,33.028629,Yahoo Finance monthly adjusted close
XLP,Consumer Staples Select Sector SPDR,Sector,2014-09-01,33.013985,Yahoo Finance monthly adjusted close
XLP,Consumer Staples Select Sector SPDR,Sector,2014-10-01,34.401482,Yahoo Finance monthly adjusted close
XLP,Consumer Staples Select Sector SPDR,Sector,2014-11-01,36.308975,Yahoo Finance monthly adjusted close
XLP,Consumer Staples Select Sector SPDR,Sector,2014-12-01,35.712425,Yahoo Finance monthly adjusted close
XLP,Consumer Staples Select Sector SPDR,Sector,2015-01-01,35.620602,Yahoo Finance monthly adjusted close
XLP,Consumer Staples Select Sector SPDR,Sector,2015-02-01,37.096760,Yahoo Finance monthly adjusted close
XLP,Consumer Staples Select Sector SPDR,Sector,2015-03-01,36.154690,Yahoo Finance monthly adjusted close
XLP,Consumer Staples Select Sector SPDR,Sector,2015-04-01,36.099960,Yahoo Finance monthly adjusted close
XLP,Consumer Staples Select Sector SPDR,Sector,2015-05-01,36.413425,Yahoo Finance monthly adjusted close
XLP,Consumer Staples Select Sector SPDR,Sector,2015-06-01,35.525288,Yahoo Finance monthly adjusted close
XLP,Consumer Staples Select Sector SPDR,Sector,2015-07-01,37.780556,Yahoo Finance monthly adjusted close
XLP,Consumer Staples Select Sector SPDR,Sector,2015-08-01,35.527687,Yahoo Finance monthly adjusted close
XLP,Consumer Staples Select Sector SPDR,Sector,2015-09-01,35.437561,Yahoo Finance monthly adjusted close
XLP,Consumer Staples Select Sector SPDR,Sector,2015-10-01,37.699291,Yahoo Finance monthly adjusted close
XLP,Consumer Staples Select Sector SPDR,Sector,2015-11-01,37.351631,Yahoo Finance monthly adjusted close
XLP,Consumer Staples Select Sector SPDR,Sector,2015-12-01,38.160332,Yahoo Finance monthly adjusted close
XLP,Consumer Staples Select Sector SPDR,Sector,2016-01-01,38.646988,Yahoo Finance monthly adjusted close
XLP,Consumer Staples Select Sector SPDR,Sector,2016-02-01,38.768803,Yahoo Finance monthly adjusted close
XLP,Consumer Staples Select Sector SPDR,Sector,2016-03-01,40.398136,Yahoo Finance monthly adjusted close
XLP,Consumer Staples Select Sector SPDR,Sector,2016-04-01,40.024193,Yahoo Finance monthly adjusted close
XLP,Consumer Staples Select Sector SPDR,Sector,2016-05-01,40.299690,Yahoo Finance monthly adjusted close
XLP,Consumer Staples Select Sector SPDR,Sector,2016-06-01,42.205238,Yahoo Finance monthly adjusted close
XLP,Consumer Staples Select Sector SPDR,Sector,2016-07-01,42.112724,Yahoo Finance monthly adjusted close
XLP,Consumer Staples Select Sector SPDR,Sector,2016-08-01,41.866344,Yahoo Finance monthly adjusted close
XLP,Consumer Staples Select Sector SPDR,Sector,2016-09-01,40.965588,Yahoo Finance monthly adjusted close
XLP,Consumer Staples Select Sector SPDR,Sector,2016-10-01,40.901688,Yahoo Finance monthly adjusted close
XLP,Consumer Staples Select Sector SPDR,Sector,2016-11-01,39.181950,Yahoo Finance monthly adjusted close
XLP,Consumer Staples Select Sector SPDR,Sector,2016-12-01,40.057312,Yahoo Finance monthly adjusted close
XLP,Consumer Staples Select Sector SPDR,Sector,2017-01-01,41.042839,Yahoo Finance monthly adjusted close
XLP,Consumer Staples Select Sector SPDR,Sector,2017-02-01,43.001728,Yahoo Finance monthly adjusted close
XLP,Consumer Staples Select Sector SPDR,Sector,2017-03-01,42.595901,Yahoo Finance monthly adjusted close
XLP,Consumer Staples Select Sector SPDR,Sector,2017-04-01,43.290703,Yahoo Finance monthly adjusted close
XLP,Consumer Staples Select Sector SPDR,Sector,2017-05-01,44.436119,Yahoo Finance monthly adjusted close
XLP,Consumer Staples Select Sector SPDR,Sector,2017-06-01,43.102406,Yahoo Finance monthly adjusted close
XLP,Consumer Staples Select Sector SPDR,Sector,2017-07-01,43.735176,Yahoo Finance monthly adjusted close
XLP,Consumer Staples Select Sector SPDR,Sector,2017-08-01,43.252930,Yahoo Finance monthly adjusted close
XLP,Consumer Staples Select Sector SPDR,Sector,2017-09-01,42.675797,Yahoo Finance monthly adjusted close
XLP,Consumer Staples Select Sector SPDR,Sector,2017-10-01,42.235622,Yahoo Finance monthly adjusted close
XLP,Consumer Staples Select Sector SPDR,Sector,2017-11-01,44.590446,Yahoo Finance monthly adjusted close
XLP,Consumer Staples Select Sector SPDR,Sector,2017-12-01,45.258698,Yahoo Finance monthly adjusted close
XLP,Consumer Staples Select Sector SPDR,Sector,2018-01-01,46.340439,Yahoo Finance monthly adjusted close
XLP,Consumer Staples Select Sector SPDR,Sector,2018-02-01,42.805996,Yahoo Finance monthly adjusted close
XLP,Consumer Staples Select Sector SPDR,Sector,2018-03-01,42.180855,Yahoo Finance monthly adjusted close
XLP,Consumer Staples Select Sector SPDR,Sector,2018-04-01,40.660786,Yahoo Finance monthly adjusted close
XLP,Consumer Staples Select Sector SPDR,Sector,2018-05-01,40.024086,Yahoo Finance monthly adjusted close
XLP,Consumer Staples Select Sector SPDR,Sector,2018-06-01,41.531231,Yahoo Finance monthly adjusted close
XLP,Consumer Staples Select Sector SPDR,Sector,2018-07-01,43.509689,Yahoo Finance monthly adjusted close
XLP,Consumer Staples Select Sector SPDR,Sector,2018-08-01,43.680256,Yahoo Finance monthly adjusted close
XLP,Consumer Staples Select Sector SPDR,Sector,2018-09-01,43.802086,Yahoo Finance monthly adjusted close
XLP,Consumer Staples Select Sector SPDR,Sector,2018-10-01,44.994843,Yahoo Finance monthly adjusted close
XLP,Consumer Staples Select Sector SPDR,Sector,2018-11-01,46.017273,Yahoo Finance monthly adjusted close
XLP,Consumer Staples Select Sector SPDR,Sector,2018-12-01,41.534966,Yahoo Finance monthly adjusted close
XLP,Consumer Staples Select Sector SPDR,Sector,2019-01-01,44.069386,Yahoo Finance monthly adjusted close
XLP,Consumer Staples Select Sector SPDR,Sector,2019-02-01,44.853561,Yahoo Finance monthly adjusted close
XLP,Consumer Staples Select Sector SPDR,Sector,2019-03-01,46.314552,Yahoo Finance monthly adjusted close
XLP,Consumer Staples Select Sector SPDR,Sector,2019-04-01,47.896214,Yahoo Finance monthly adjusted close
XLP,Consumer Staples Select Sector SPDR,Sector,2019-05-01,46.153332,Yahoo Finance monthly adjusted close
XLP,Consumer Staples Select Sector SPDR,Sector,2019-06-01,48.195000,Yahoo Finance monthly adjusted close
XLP,Consumer Staples Select Sector SPDR,Sector,2019-07-01,49.699650,Yahoo Finance monthly adjusted close
XLP,Consumer Staples Select Sector SPDR,Sector,2019-08-01,50.778439,Yahoo Finance monthly adjusted close
XLP,Consumer Staples Select Sector SPDR,Sector,2019-09-01,51.363823,Yahoo Finance monthly adjusted close
XLP,Consumer Staples Select Sector SPDR,Sector,2019-10-01,51.448986,Yahoo Finance monthly adjusted close
XLP,Consumer Staples Select Sector SPDR,Sector,2019-11-01,52.155613,Yahoo Finance monthly adjusted close
XLP,Consumer Staples Select Sector SPDR,Sector,2019-12-01,52.980011,Yahoo Finance monthly adjusted close
XLP,Consumer Staples Select Sector SPDR,Sector,2020-01-01,53.583603,Yahoo Finance monthly adjusted close
XLP,Consumer Staples Select Sector SPDR,Sector,2020-02-01,49.181919,Yahoo Finance monthly adjusted close
XLP,Consumer Staples Select Sector SPDR,Sector,2020-03-01,46.196564,Yahoo Finance monthly adjusted close
XLP,Consumer Staples Select Sector SPDR,Sector,2020-04-01,49.693878,Yahoo Finance monthly adjusted close
XLP,Consumer Staples Select Sector SPDR,Sector,2020-05-01,50.521267,Yahoo Finance monthly adjusted close
XLP,Consumer Staples Select Sector SPDR,Sector,2020-06-01,50.018017,Yahoo Finance monthly adjusted close
XLP,Consumer Staples Select Sector SPDR,Sector,2020-07-01,53.897820,Yahoo Finance monthly adjusted close
XLP,Consumer Staples Select Sector SPDR,Sector,2020-08-01,56.373512,Yahoo Finance monthly adjusted close
XLP,Consumer Staples Select Sector SPDR,Sector,2020-09-01,55.101276,Yahoo Finance monthly adjusted close
XLP,Consumer Staples Select Sector SPDR,Sector,2020-10-01,53.838272,Yahoo Finance monthly adjusted close
XLP,Consumer Staples Select Sector SPDR,Sector,2020-11-01,57.859276,Yahoo Finance monthly adjusted close
XLP,Consumer Staples Select Sector SPDR,Sector,2020-12-01,58.326221,Yahoo Finance monthly adjusted close
XLP,Consumer Staples Select Sector SPDR,Sector,2021-01-01,55.884720,Yahoo Finance monthly adjusted close
XLP,Consumer Staples Select Sector SPDR,Sector,2021-02-01,55.195869,Yahoo Finance monthly adjusted close
XLP,Consumer Staples Select Sector SPDR,Sector,2021-03-01,59.564449,Yahoo Finance monthly adjusted close
XLP,Consumer Staples Select Sector SPDR,Sector,2021-04-01,60.999924,Yahoo Finance monthly adjusted close
XLP,Consumer Staples Select Sector SPDR,Sector,2021-05-01,62.078239,Yahoo Finance monthly adjusted close
XLP,Consumer Staples Select Sector SPDR,Sector,2021-06-01,61.341831,Yahoo Finance monthly adjusted close
XLP,Consumer Staples Select Sector SPDR,Sector,2021-07-01,63.099148,Yahoo Finance monthly adjusted close
XLP,Consumer Staples Select Sector SPDR,Sector,2021-08-01,63.760925,Yahoo Finance monthly adjusted close
XLP,Consumer Staples Select Sector SPDR,Sector,2021-09-01,60.743187,Yahoo Finance monthly adjusted close
XLP,Consumer Staples Select Sector SPDR,Sector,2021-10-01,63.261555,Yahoo Finance monthly adjusted close
XLP,Consumer Staples Select Sector SPDR,Sector,2021-11-01,62.409180,Yahoo Finance monthly adjusted close
XLP,Consumer Staples Select Sector SPDR,Sector,2021-12-01,68.464539,Yahoo Finance monthly adjusted close
XLP,Consumer Staples Select Sector SPDR,Sector,2022-01-01,67.914764,Yahoo Finance monthly adjusted close
XLP,Consumer Staples Select Sector SPDR,Sector,2022-02-01,66.958206,Yahoo Finance monthly adjusted close
XLP,Consumer Staples Select Sector SPDR,Sector,2022-03-01,67.843224,Yahoo Finance monthly adjusted close
XLP,Consumer Staples Select Sector SPDR,Sector,2022-04-01,69.722504,Yahoo Finance monthly adjusted close
XLP,Consumer Staples Select Sector SPDR,Sector,2022-05-01,66.875786,Yahoo Finance monthly adjusted close
XLP,Consumer Staples Select Sector SPDR,Sector,2022-06-01,64.819313,Yahoo Finance monthly adjusted close
XLP,Consumer Staples Select Sector SPDR,Sector,2022-07-01,67.396042,Yahoo Finance monthly adjusted close
XLP,Consumer Staples Select Sector SPDR,Sector,2022-08-01,66.147476,Yahoo Finance monthly adjusted close
XLP,Consumer Staples Select Sector SPDR,Sector,2022-09-01,60.375072,Yahoo Finance monthly adjusted close
XLP,Consumer Staples Select Sector SPDR,Sector,2022-10-01,66.240807,Yahoo Finance monthly adjusted close
XLP,Consumer Staples Select Sector SPDR,Sector,2022-11-01,70.293213,Yahoo Finance monthly adjusted close
XLP,Consumer Staples Select Sector SPDR,Sector,2022-12-01,67.889107,Yahoo Finance monthly adjusted close
XLP,Consumer Staples Select Sector SPDR,Sector,2023-01-01,67.633011,Yahoo Finance monthly adjusted close
XLP,Consumer Staples Select Sector SPDR,Sector,2023-02-01,66.064644,Yahoo Finance monthly adjusted close
XLP,Consumer Staples Select Sector SPDR,Sector,2023-03-01,68.522682,Yahoo Finance monthly adjusted close
XLP,Consumer Staples Select Sector SPDR,Sector,2023-04-01,71.368027,Yahoo Finance monthly adjusted close
XLP,Consumer Staples Select Sector SPDR,Sector,2023-05-01,66.972038,Yahoo Finance monthly adjusted close
XLP,Consumer Staples Select Sector SPDR,Sector,2023-06-01,68.354416,Yahoo Finance monthly adjusted close
XLP,Consumer Staples Select Sector SPDR,Sector,2023-07-01,70.305794,Yahoo Finance monthly adjusted close
XLP,Consumer Staples Select Sector SPDR,Sector,2023-08-01,67.530701,Yahoo Finance monthly adjusted close
XLP,Consumer Staples Select Sector SPDR,Sector,2023-09-01,63.864582,Yahoo Finance monthly adjusted close
XLP,Consumer Staples Select Sector SPDR,Sector,2023-10-01,63.409702,Yahoo Finance monthly adjusted close
XLP,Consumer Staples Select Sector SPDR,Sector,2023-11-01,66.026070,Yahoo Finance monthly adjusted close
XLP,Consumer Staples Select Sector SPDR,Sector,2023-12-01,67.306236,Yahoo Finance monthly adjusted close
XLP,Consumer Staples Select Sector SPDR,Sector,2024-01-01,68.654419,Yahoo Finance monthly adjusted close
XLP,Consumer Staples Select Sector SPDR,Sector,2024-02-01,70.094902,Yahoo Finance monthly adjusted close
XLP,Consumer Staples Select Sector SPDR,Sector,2024-03-01,71.893188,Yahoo Finance monthly adjusted close
XLP,Consumer Staples Select Sector SPDR,Sector,2024-04-01,71.606812,Yahoo Finance monthly adjusted close
XLP,Consumer Staples Select Sector SPDR,Sector,2024-05-01,73.351936,Yahoo Finance monthly adjusted close
XLP,Consumer Staples Select Sector SPDR,Sector,2024-06-01,72.631126,Yahoo Finance monthly adjusted close
XLP,Consumer Staples Select Sector SPDR,Sector,2024-07-01,74.393082,Yahoo Finance monthly adjusted close
XLP,Consumer Staples Select Sector SPDR,Sector,2024-08-01,78.846161,Yahoo Finance monthly adjusted close
XLP,Consumer Staples Select Sector SPDR,Sector,2024-09-01,79.314384,Yahoo Finance monthly adjusted close
XLP,Consumer Staples Select Sector SPDR,Sector,2024-10-01,76.969147,Yahoo Finance monthly adjusted close
XLP,Consumer Staples Select Sector SPDR,Sector,2024-11-01,79.947227,Yahoo Finance monthly adjusted close
XLP,Consumer Staples Select Sector SPDR,Sector,2024-12-01,75.518524,Yahoo Finance monthly adjusted close
XLP,Consumer Staples Select Sector SPDR,Sector,2025-01-01,76.449684,Yahoo Finance monthly adjusted close
XLP,Consumer Staples Select Sector SPDR,Sector,2025-02-01,80.418335,Yahoo Finance monthly adjusted close
XLP,Consumer Staples Select Sector SPDR,Sector,2025-03-01,79.053497,Yahoo Finance monthly adjusted close
XLP,Consumer Staples Select Sector SPDR,Sector,2025-04-01,79.627953,Yahoo Finance monthly adjusted close
XLP,Consumer Staples Select Sector SPDR,Sector,2025-05-01,80.601036,Yahoo Finance monthly adjusted close
XLP,Consumer Staples Select Sector SPDR,Sector,2025-06-01,78.791092,Yahoo Finance monthly adjusted close
XLP,Consumer Staples Select Sector SPDR,Sector,2025-07-01,78.165672,Yahoo Finance monthly adjusted close
XLP,Consumer Staples Select Sector SPDR,Sector,2025-08-01,79.145424,Yahoo Finance monthly adjusted close
XLP,Consumer Staples Select Sector SPDR,Sector,2025-09-01,76.784195,Yahoo Finance monthly adjusted close
XLP,Consumer Staples Select Sector SPDR,Sector,2025-10-01,75.249336,Yahoo Finance monthly adjusted close
XLP,Consumer Staples Select Sector SPDR,Sector,2025-11-01,78.297585,Yahoo Finance monthly adjusted close
XLP,Consumer Staples Select Sector SPDR,Sector,2025-12-01,76.630417,Yahoo Finance monthly adjusted close
XLP,Consumer Staples Select Sector SPDR,Sector,2026-01-01,83.042580,Yahoo Finance monthly adjusted close
XLP,Consumer Staples Select Sector SPDR,Sector,2026-02-01,89.506195,Yahoo Finance monthly adjusted close
XLP,Consumer Staples Select Sector SPDR,Sector,2026-03-01,81.521141,Yahoo Finance monthly adjusted close
XLP,Consumer Staples Select Sector SPDR,Sector,2026-04-01,84.309998,Yahoo Finance monthly adjusted close
XLP,Consumer Staples Select Sector SPDR,Sector,2026-05-01,84.800003,Yahoo Finance monthly adjusted close
XLP,Consumer Staples Select Sector SPDR,Sector,2026-05-01,84.800003,Yahoo Finance monthly adjusted close
XLI,Industrial Select Sector SPDR,Sector,1998-12-01,15.226344,Yahoo Finance monthly adjusted close
XLI,Industrial Select Sector SPDR,Sector,1999-01-01,15.061684,Yahoo Finance monthly adjusted close
XLI,Industrial Select Sector SPDR,Sector,1999-02-01,15.197288,Yahoo Finance monthly adjusted close
XLI,Industrial Select Sector SPDR,Sector,1999-03-01,15.458815,Yahoo Finance monthly adjusted close
XLI,Industrial Select Sector SPDR,Sector,1999-04-01,17.849812,Yahoo Finance monthly adjusted close
XLI,Industrial Select Sector SPDR,Sector,1999-05-01,17.499819,Yahoo Finance monthly adjusted close
XLI,Industrial Select Sector SPDR,Sector,1999-06-01,18.549810,Yahoo Finance monthly adjusted close
XLI,Industrial Select Sector SPDR,Sector,1999-07-01,17.892033,Yahoo Finance monthly adjusted close
XLI,Industrial Select Sector SPDR,Sector,1999-08-01,18.038055,Yahoo Finance monthly adjusted close
XLI,Industrial Select Sector SPDR,Sector,1999-09-01,17.911510,Yahoo Finance monthly adjusted close
XLI,Industrial Select Sector SPDR,Sector,1999-10-01,17.554916,Yahoo Finance monthly adjusted close
XLI,Industrial Select Sector SPDR,Sector,1999-11-01,17.164803,Yahoo Finance monthly adjusted close
XLI,Industrial Select Sector SPDR,Sector,1999-12-01,18.481428,Yahoo Finance monthly adjusted close
XLI,Industrial Select Sector SPDR,Sector,2000-01-01,17.036991,Yahoo Finance monthly adjusted close
XLI,Industrial Select Sector SPDR,Sector,2000-02-01,16.097019,Yahoo Finance monthly adjusted close
XLI,Industrial Select Sector SPDR,Sector,2000-03-01,18.300077,Yahoo Finance monthly adjusted close
XLI,Industrial Select Sector SPDR,Sector,2000-04-01,18.602745,Yahoo Finance monthly adjusted close
XLI,Industrial Select Sector SPDR,Sector,2000-05-01,18.524256,Yahoo Finance monthly adjusted close
XLI,Industrial Select Sector SPDR,Sector,2000-06-01,17.758938,Yahoo Finance monthly adjusted close
XLI,Industrial Select Sector SPDR,Sector,2000-07-01,18.070955,Yahoo Finance monthly adjusted close
XLI,Industrial Select Sector SPDR,Sector,2000-08-01,19.860350,Yahoo Finance monthly adjusted close
XLI,Industrial Select Sector SPDR,Sector,2000-09-01,19.231121,Yahoo Finance monthly adjusted close
XLI,Industrial Select Sector SPDR,Sector,2000-10-01,19.717356,Yahoo Finance monthly adjusted close
XLI,Industrial Select Sector SPDR,Sector,2000-11-01,19.046967,Yahoo Finance monthly adjusted close
XLI,Industrial Select Sector SPDR,Sector,2000-12-01,19.717356,Yahoo Finance monthly adjusted close
XLI,Industrial Select Sector SPDR,Sector,2001-01-01,19.875469,Yahoo Finance monthly adjusted close
XLI,Industrial Select Sector SPDR,Sector,2001-02-01,18.684330,Yahoo Finance monthly adjusted close
XLI,Industrial Select Sector SPDR,Sector,2001-03-01,16.846949,Yahoo Finance monthly adjusted close
XLI,Industrial Select Sector SPDR,Sector,2001-04-01,18.826509,Yahoo Finance monthly adjusted close
XLI,Industrial Select Sector SPDR,Sector,2001-05-01,19.614386,Yahoo Finance monthly adjusted close
XLI,Industrial Select Sector SPDR,Sector,2001-06-01,18.362677,Yahoo Finance monthly adjusted close
XLI,Industrial Select Sector SPDR,Sector,2001-07-01,18.364256,Yahoo Finance monthly adjusted close
XLI,Industrial Select Sector SPDR,Sector,2001-08-01,17.733870,Yahoo Finance monthly adjusted close
XLI,Industrial Select Sector SPDR,Sector,2001-09-01,15.072183,Yahoo Finance monthly adjusted close
XLI,Industrial Select Sector SPDR,Sector,2001-10-01,15.404077,Yahoo Finance monthly adjusted close
XLI,Industrial Select Sector SPDR,Sector,2001-11-01,16.945120,Yahoo Finance monthly adjusted close
XLI,Industrial Select Sector SPDR,Sector,2001-12-01,17.712456,Yahoo Finance monthly adjusted close
XLI,Industrial Select Sector SPDR,Sector,2002-01-01,16.593435,Yahoo Finance monthly adjusted close
XLI,Industrial Select Sector SPDR,Sector,2002-02-01,17.009068,Yahoo Finance monthly adjusted close
XLI,Industrial Select Sector SPDR,Sector,2002-03-01,17.418314,Yahoo Finance monthly adjusted close
XLI,Industrial Select Sector SPDR,Sector,2002-04-01,16.263577,Yahoo Finance monthly adjusted close
XLI,Industrial Select Sector SPDR,Sector,2002-05-01,16.334120,Yahoo Finance monthly adjusted close
XLI,Industrial Select Sector SPDR,Sector,2002-06-01,15.295197,Yahoo Finance monthly adjusted close
XLI,Industrial Select Sector SPDR,Sector,2002-07-01,14.464461,Yahoo Finance monthly adjusted close
XLI,Industrial Select Sector SPDR,Sector,2002-08-01,14.239466,Yahoo Finance monthly adjusted close
XLI,Industrial Select Sector SPDR,Sector,2002-09-01,12.548728,Yahoo Finance monthly adjusted close
XLI,Industrial Select Sector SPDR,Sector,2002-10-01,13.215736,Yahoo Finance monthly adjusted close
XLI,Industrial Select Sector SPDR,Sector,2002-11-01,13.906204,Yahoo Finance monthly adjusted close
XLI,Industrial Select Sector SPDR,Sector,2002-12-01,13.286719,Yahoo Finance monthly adjusted close
XLI,Industrial Select Sector SPDR,Sector,2003-01-01,12.639735,Yahoo Finance monthly adjusted close
XLI,Industrial Select Sector SPDR,Sector,2003-02-01,12.445081,Yahoo Finance monthly adjusted close
XLI,Industrial Select Sector SPDR,Sector,2003-03-01,12.529434,Yahoo Finance monthly adjusted close
XLI,Industrial Select Sector SPDR,Sector,2003-04-01,13.938610,Yahoo Finance monthly adjusted close
XLI,Industrial Select Sector SPDR,Sector,2003-05-01,14.316391,Yahoo Finance monthly adjusted close
XLI,Industrial Select Sector SPDR,Sector,2003-06-01,14.583442,Yahoo Finance monthly adjusted close
XLI,Industrial Select Sector SPDR,Sector,2003-07-01,15.098453,Yahoo Finance monthly adjusted close
XLI,Industrial Select Sector SPDR,Sector,2003-08-01,15.685941,Yahoo Finance monthly adjusted close
XLI,Industrial Select Sector SPDR,Sector,2003-09-01,15.202893,Yahoo Finance monthly adjusted close
XLI,Industrial Select Sector SPDR,Sector,2003-10-01,16.200197,Yahoo Finance monthly adjusted close
XLI,Industrial Select Sector SPDR,Sector,2003-11-01,16.521189,Yahoo Finance monthly adjusted close
XLI,Industrial Select Sector SPDR,Sector,2003-12-01,17.530010,Yahoo Finance monthly adjusted close
XLI,Industrial Select Sector SPDR,Sector,2004-01-01,17.793877,Yahoo Finance monthly adjusted close
XLI,Industrial Select Sector SPDR,Sector,2004-02-01,17.662216,Yahoo Finance monthly adjusted close
XLI,Industrial Select Sector SPDR,Sector,2004-03-01,17.385733,Yahoo Finance monthly adjusted close
XLI,Industrial Select Sector SPDR,Sector,2004-04-01,17.439556,Yahoo Finance monthly adjusted close
XLI,Industrial Select Sector SPDR,Sector,2004-05-01,17.868944,Yahoo Finance monthly adjusted close
XLI,Industrial Select Sector SPDR,Sector,2004-06-01,18.932499,Yahoo Finance monthly adjusted close
XLI,Industrial Select Sector SPDR,Sector,2004-07-01,18.442326,Yahoo Finance monthly adjusted close
XLI,Industrial Select Sector SPDR,Sector,2004-08-01,18.455566,Yahoo Finance monthly adjusted close
XLI,Industrial Select Sector SPDR,Sector,2004-09-01,18.786549,Yahoo Finance monthly adjusted close
XLI,Industrial Select Sector SPDR,Sector,2004-10-01,19.044962,Yahoo Finance monthly adjusted close
XLI,Industrial Select Sector SPDR,Sector,2004-11-01,20.240664,Yahoo Finance monthly adjusted close
XLI,Industrial Select Sector SPDR,Sector,2004-12-01,20.639233,Yahoo Finance monthly adjusted close
XLI,Industrial Select Sector SPDR,Sector,2005-01-01,20.162413,Yahoo Finance monthly adjusted close
XLI,Industrial Select Sector SPDR,Sector,2005-02-01,20.396084,Yahoo Finance monthly adjusted close
XLI,Industrial Select Sector SPDR,Sector,2005-03-01,20.315960,Yahoo Finance monthly adjusted close
XLI,Industrial Select Sector SPDR,Sector,2005-04-01,19.643476,Yahoo Finance monthly adjusted close
XLI,Industrial Select Sector SPDR,Sector,2005-05-01,20.266550,Yahoo Finance monthly adjusted close
XLI,Industrial Select Sector SPDR,Sector,2005-06-01,19.683668,Yahoo Finance monthly adjusted close
XLI,Industrial Select Sector SPDR,Sector,2005-07-01,20.484934,Yahoo Finance monthly adjusted close
XLI,Industrial Select Sector SPDR,Sector,2005-08-01,20.001347,Yahoo Finance monthly adjusted close
XLI,Industrial Select Sector SPDR,Sector,2005-09-01,20.256575,Yahoo Finance monthly adjusted close
XLI,Industrial Select Sector SPDR,Sector,2005-10-01,20.046556,Yahoo Finance monthly adjusted close
XLI,Industrial Select Sector SPDR,Sector,2005-11-01,21.213079,Yahoo Finance monthly adjusted close
XLI,Industrial Select Sector SPDR,Sector,2005-12-01,21.186111,Yahoo Finance monthly adjusted close
XLI,Industrial Select Sector SPDR,Sector,2006-01-01,21.374458,Yahoo Finance monthly adjusted close
XLI,Industrial Select Sector SPDR,Sector,2006-02-01,22.039236,Yahoo Finance monthly adjusted close
XLI,Industrial Select Sector SPDR,Sector,2006-03-01,22.927862,Yahoo Finance monthly adjusted close
XLI,Industrial Select Sector SPDR,Sector,2006-04-01,23.511059,Yahoo Finance monthly adjusted close
XLI,Industrial Select Sector SPDR,Sector,2006-05-01,23.109337,Yahoo Finance monthly adjusted close
XLI,Industrial Select Sector SPDR,Sector,2006-06-01,23.020823,Yahoo Finance monthly adjusted close
XLI,Industrial Select Sector SPDR,Sector,2006-07-01,21.769003,Yahoo Finance monthly adjusted close
XLI,Industrial Select Sector SPDR,Sector,2006-08-01,22.014736,Yahoo Finance monthly adjusted close
XLI,Industrial Select Sector SPDR,Sector,2006-09-01,22.758808,Yahoo Finance monthly adjusted close
XLI,Industrial Select Sector SPDR,Sector,2006-10-01,23.499647,Yahoo Finance monthly adjusted close
XLI,Industrial Select Sector SPDR,Sector,2006-11-01,24.075489,Yahoo Finance monthly adjusted close
XLI,Industrial Select Sector SPDR,Sector,2006-12-01,24.000078,Yahoo Finance monthly adjusted close
XLI,Industrial Select Sector SPDR,Sector,2007-01-01,24.698572,Yahoo Finance monthly adjusted close
XLI,Industrial Select Sector SPDR,Sector,2007-02-01,24.422155,Yahoo Finance monthly adjusted close
XLI,Industrial Select Sector SPDR,Sector,2007-03-01,24.567276,Yahoo Finance monthly adjusted close
XLI,Industrial Select Sector SPDR,Sector,2007-04-01,25.763153,Yahoo Finance monthly adjusted close
XLI,Industrial Select Sector SPDR,Sector,2007-05-01,27.099789,Yahoo Finance monthly adjusted close
XLI,Industrial Select Sector SPDR,Sector,2007-06-01,27.037445,Yahoo Finance monthly adjusted close
XLI,Industrial Select Sector SPDR,Sector,2007-07-01,27.364004,Yahoo Finance monthly adjusted close
XLI,Industrial Select Sector SPDR,Sector,2007-08-01,27.370955,Yahoo Finance monthly adjusted close
XLI,Industrial Select Sector SPDR,Sector,2007-09-01,28.523567,Yahoo Finance monthly adjusted close
XLI,Industrial Select Sector SPDR,Sector,2007-10-01,28.297899,Yahoo Finance monthly adjusted close
XLI,Industrial Select Sector SPDR,Sector,2007-11-01,27.495369,Yahoo Finance monthly adjusted close
XLI,Industrial Select Sector SPDR,Sector,2007-12-01,27.327883,Yahoo Finance monthly adjusted close
XLI,Industrial Select Sector SPDR,Sector,2008-01-01,25.944099,Yahoo Finance monthly adjusted close
XLI,Industrial Select Sector SPDR,Sector,2008-02-01,25.418200,Yahoo Finance monthly adjusted close
XLI,Industrial Select Sector SPDR,Sector,2008-03-01,26.224560,Yahoo Finance monthly adjusted close
XLI,Industrial Select Sector SPDR,Sector,2008-04-01,27.115788,Yahoo Finance monthly adjusted close
XLI,Industrial Select Sector SPDR,Sector,2008-05-01,27.355236,Yahoo Finance monthly adjusted close
XLI,Industrial Select Sector SPDR,Sector,2008-06-01,23.953453,Yahoo Finance monthly adjusted close
XLI,Industrial Select Sector SPDR,Sector,2008-07-01,24.256691,Yahoo Finance monthly adjusted close
XLI,Industrial Select Sector SPDR,Sector,2008-08-01,24.921833,Yahoo Finance monthly adjusted close
XLI,Industrial Select Sector SPDR,Sector,2008-09-01,21.794228,Yahoo Finance monthly adjusted close
XLI,Industrial Select Sector SPDR,Sector,2008-10-01,17.914867,Yahoo Finance monthly adjusted close
XLI,Industrial Select Sector SPDR,Sector,2008-11-01,16.442116,Yahoo Finance monthly adjusted close
XLI,Industrial Select Sector SPDR,Sector,2008-12-01,16.662674,Yahoo Finance monthly adjusted close
XLI,Industrial Select Sector SPDR,Sector,2009-01-01,14.805915,Yahoo Finance monthly adjusted close
XLI,Industrial Select Sector SPDR,Sector,2009-02-01,12.284384,Yahoo Finance monthly adjusted close
XLI,Industrial Select Sector SPDR,Sector,2009-03-01,13.239836,Yahoo Finance monthly adjusted close
XLI,Industrial Select Sector SPDR,Sector,2009-04-01,15.782824,Yahoo Finance monthly adjusted close
XLI,Industrial Select Sector SPDR,Sector,2009-05-01,16.312309,Yahoo Finance monthly adjusted close
XLI,Industrial Select Sector SPDR,Sector,2009-06-01,15.927889,Yahoo Finance monthly adjusted close
XLI,Industrial Select Sector SPDR,Sector,2009-07-01,17.436205,Yahoo Finance monthly adjusted close
XLI,Industrial Select Sector SPDR,Sector,2009-08-01,18.268597,Yahoo Finance monthly adjusted close
XLI,Industrial Select Sector SPDR,Sector,2009-09-01,19.232403,Yahoo Finance monthly adjusted close
XLI,Industrial Select Sector SPDR,Sector,2009-10-01,18.563618,Yahoo Finance monthly adjusted close
XLI,Industrial Select Sector SPDR,Sector,2009-11-01,20.193167,Yahoo Finance monthly adjusted close
XLI,Industrial Select Sector SPDR,Sector,2009-12-01,20.398689,Yahoo Finance monthly adjusted close
XLI,Industrial Select Sector SPDR,Sector,2010-01-01,20.228312,Yahoo Finance monthly adjusted close
XLI,Industrial Select Sector SPDR,Sector,2010-02-01,21.306969,Yahoo Finance monthly adjusted close
XLI,Industrial Select Sector SPDR,Sector,2010-03-01,23.080076,Yahoo Finance monthly adjusted close
XLI,Industrial Select Sector SPDR,Sector,2010-04-01,24.145138,Yahoo Finance monthly adjusted close
XLI,Industrial Select Sector SPDR,Sector,2010-05-01,21.943382,Yahoo Finance monthly adjusted close
XLI,Industrial Select Sector SPDR,Sector,2010-06-01,20.334702,Yahoo Finance monthly adjusted close
XLI,Industrial Select Sector SPDR,Sector,2010-07-01,22.565359,Yahoo Finance monthly adjusted close
XLI,Industrial Select Sector SPDR,Sector,2010-08-01,21.000908,Yahoo Finance monthly adjusted close
XLI,Industrial Select Sector SPDR,Sector,2010-09-01,23.302893,Yahoo Finance monthly adjusted close
XLI,Industrial Select Sector SPDR,Sector,2010-10-01,24.095535,Yahoo Finance monthly adjusted close
XLI,Industrial Select Sector SPDR,Sector,2010-11-01,24.417515,Yahoo Finance monthly adjusted close
XLI,Industrial Select Sector SPDR,Sector,2010-12-01,26.109745,Yahoo Finance monthly adjusted close
XLI,Industrial Select Sector SPDR,Sector,2011-01-01,27.274206,Yahoo Finance monthly adjusted close
XLI,Industrial Select Sector SPDR,Sector,2011-02-01,27.853706,Yahoo Finance monthly adjusted close
XLI,Industrial Select Sector SPDR,Sector,2011-03-01,28.350420,Yahoo Finance monthly adjusted close
XLI,Industrial Select Sector SPDR,Sector,2011-04-01,29.253538,Yahoo Finance monthly adjusted close
XLI,Industrial Select Sector SPDR,Sector,2011-05-01,28.444719,Yahoo Finance monthly adjusted close
XLI,Industrial Select Sector SPDR,Sector,2011-06-01,28.149910,Yahoo Finance monthly adjusted close
XLI,Industrial Select Sector SPDR,Sector,2011-07-01,26.344774,Yahoo Finance monthly adjusted close
XLI,Industrial Select Sector SPDR,Sector,2011-08-01,24.612762,Yahoo Finance monthly adjusted close
XLI,Industrial Select Sector SPDR,Sector,2011-09-01,22.197062,Yahoo Finance monthly adjusted close
XLI,Industrial Select Sector SPDR,Sector,2011-10-01,25.529707,Yahoo Finance monthly adjusted close
XLI,Industrial Select Sector SPDR,Sector,2011-11-01,25.888750,Yahoo Finance monthly adjusted close
XLI,Industrial Select Sector SPDR,Sector,2011-12-01,25.781797,Yahoo Finance monthly adjusted close
XLI,Industrial Select Sector SPDR,Sector,2012-01-01,27.854059,Yahoo Finance monthly adjusted close
XLI,Industrial Select Sector SPDR,Sector,2012-02-01,28.630766,Yahoo Finance monthly adjusted close
XLI,Industrial Select Sector SPDR,Sector,2012-03-01,28.776890,Yahoo Finance monthly adjusted close
XLI,Industrial Select Sector SPDR,Sector,2012-04-01,28.594282,Yahoo Finance monthly adjusted close
XLI,Industrial Select Sector SPDR,Sector,2012-05-01,26.786373,Yahoo Finance monthly adjusted close
XLI,Industrial Select Sector SPDR,Sector,2012-06-01,27.558989,Yahoo Finance monthly adjusted close
XLI,Industrial Select Sector SPDR,Sector,2012-07-01,27.798086,Yahoo Finance monthly adjusted close
XLI,Industrial Select Sector SPDR,Sector,2012-08-01,28.225029,Yahoo Finance monthly adjusted close
XLI,Industrial Select Sector SPDR,Sector,2012-09-01,28.356995,Yahoo Finance monthly adjusted close
XLI,Industrial Select Sector SPDR,Sector,2012-10-01,28.509275,Yahoo Finance monthly adjusted close
XLI,Industrial Select Sector SPDR,Sector,2012-11-01,29.009304,Yahoo Finance monthly adjusted close
XLI,Industrial Select Sector SPDR,Sector,2012-12-01,29.610909,Yahoo Finance monthly adjusted close
XLI,Industrial Select Sector SPDR,Sector,2013-01-01,31.543812,Yahoo Finance monthly adjusted close
XLI,Industrial Select Sector SPDR,Sector,2013-02-01,32.244270,Yahoo Finance monthly adjusted close
XLI,Industrial Select Sector SPDR,Sector,2013-03-01,32.866032,Yahoo Finance monthly adjusted close
XLI,Industrial Select Sector SPDR,Sector,2013-04-01,32.763622,Yahoo Finance monthly adjusted close
XLI,Industrial Select Sector SPDR,Sector,2013-05-01,34.407738,Yahoo Finance monthly adjusted close
XLI,Industrial Select Sector SPDR,Sector,2013-06-01,33.704220,Yahoo Finance monthly adjusted close
XLI,Industrial Select Sector SPDR,Sector,2013-07-01,35.878513,Yahoo Finance monthly adjusted close
XLI,Industrial Select Sector SPDR,Sector,2013-08-01,34.988705,Yahoo Finance monthly adjusted close
XLI,Industrial Select Sector SPDR,Sector,2013-09-01,36.871620,Yahoo Finance monthly adjusted close
XLI,Industrial Select Sector SPDR,Sector,2013-10-01,38.805355,Yahoo Finance monthly adjusted close
XLI,Industrial Select Sector SPDR,Sector,2013-11-01,40.226036,Yahoo Finance monthly adjusted close
XLI,Industrial Select Sector SPDR,Sector,2013-12-01,41.710560,Yahoo Finance monthly adjusted close
XLI,Industrial Select Sector SPDR,Sector,2014-01-01,40.134098,Yahoo Finance monthly adjusted close
XLI,Industrial Select Sector SPDR,Sector,2014-02-01,41.762569,Yahoo Finance monthly adjusted close
XLI,Industrial Select Sector SPDR,Sector,2014-03-01,41.979172,Yahoo Finance monthly adjusted close
XLI,Industrial Select Sector SPDR,Sector,2014-04-01,42.726028,Yahoo Finance monthly adjusted close
XLI,Industrial Select Sector SPDR,Sector,2014-05-01,43.547840,Yahoo Finance monthly adjusted close
XLI,Industrial Select Sector SPDR,Sector,2014-06-01,43.555912,Yahoo Finance monthly adjusted close
XLI,Industrial Select Sector SPDR,Sector,2014-07-01,41.949749,Yahoo Finance monthly adjusted close
XLI,Industrial Select Sector SPDR,Sector,2014-08-01,43.722275,Yahoo Finance monthly adjusted close
XLI,Industrial Select Sector SPDR,Sector,2014-09-01,43.018101,Yahoo Finance monthly adjusted close
XLI,Industrial Select Sector SPDR,Sector,2014-10-01,44.896214,Yahoo Finance monthly adjusted close
XLI,Industrial Select Sector SPDR,Sector,2014-11-01,46.278637,Yahoo Finance monthly adjusted close
XLI,Industrial Select Sector SPDR,Sector,2014-12-01,46.010288,Yahoo Finance monthly adjusted close
XLI,Industrial Select Sector SPDR,Sector,2015-01-01,44.624962,Yahoo Finance monthly adjusted close
XLI,Industrial Select Sector SPDR,Sector,2015-02-01,47.012810,Yahoo Finance monthly adjusted close
XLI,Industrial Select Sector SPDR,Sector,2015-03-01,45.606277,Yahoo Finance monthly adjusted close
XLI,Industrial Select Sector SPDR,Sector,2015-04-01,45.700821,Yahoo Finance monthly adjusted close
XLI,Industrial Select Sector SPDR,Sector,2015-05-01,45.848690,Yahoo Finance monthly adjusted close
XLI,Industrial Select Sector SPDR,Sector,2015-06-01,44.411049,Yahoo Finance monthly adjusted close
XLI,Industrial Select Sector SPDR,Sector,2015-07-01,44.763630,Yahoo Finance monthly adjusted close
XLI,Industrial Select Sector SPDR,Sector,2015-08-01,42.344639,Yahoo Finance monthly adjusted close
XLI,Industrial Select Sector SPDR,Sector,2015-09-01,41.188812,Yahoo Finance monthly adjusted close
XLI,Industrial Select Sector SPDR,Sector,2015-10-01,45.046989,Yahoo Finance monthly adjusted close
XLI,Industrial Select Sector SPDR,Sector,2015-11-01,45.437126,Yahoo Finance monthly adjusted close
XLI,Industrial Select Sector SPDR,Sector,2015-12-01,44.001118,Yahoo Finance monthly adjusted close
XLI,Industrial Select Sector SPDR,Sector,2016-01-01,41.746304,Yahoo Finance monthly adjusted close
XLI,Industrial Select Sector SPDR,Sector,2016-02-01,43.525036,Yahoo Finance monthly adjusted close
XLI,Industrial Select Sector SPDR,Sector,2016-03-01,46.322609,Yahoo Finance monthly adjusted close
XLI,Industrial Select Sector SPDR,Sector,2016-04-01,47.139439,Yahoo Finance monthly adjusted close
XLI,Industrial Select Sector SPDR,Sector,2016-05-01,46.937988,Yahoo Finance monthly adjusted close
XLI,Industrial Select Sector SPDR,Sector,2016-06-01,47.013542,Yahoo Finance monthly adjusted close
XLI,Industrial Select Sector SPDR,Sector,2016-07-01,48.986076,Yahoo Finance monthly adjusted close
XLI,Industrial Select Sector SPDR,Sector,2016-08-01,49.450279,Yahoo Finance monthly adjusted close
XLI,Industrial Select Sector SPDR,Sector,2016-09-01,49.273041,Yahoo Finance monthly adjusted close
XLI,Industrial Select Sector SPDR,Sector,2016-10-01,48.549435,Yahoo Finance monthly adjusted close
XLI,Industrial Select Sector SPDR,Sector,2016-11-01,52.962261,Yahoo Finance monthly adjusted close
XLI,Industrial Select Sector SPDR,Sector,2016-12-01,52.801025,Yahoo Finance monthly adjusted close
XLI,Industrial Select Sector SPDR,Sector,2017-01-01,54.114796,Yahoo Finance monthly adjusted close
XLI,Industrial Select Sector SPDR,Sector,2017-02-01,56.232258,Yahoo Finance monthly adjusted close
XLI,Industrial Select Sector SPDR,Sector,2017-03-01,55.549187,Yahoo Finance monthly adjusted close
XLI,Industrial Select Sector SPDR,Sector,2017-04-01,56.899593,Yahoo Finance monthly adjusted close
XLI,Industrial Select Sector SPDR,Sector,2017-05-01,57.911701,Yahoo Finance monthly adjusted close
XLI,Industrial Select Sector SPDR,Sector,2017-06-01,58.417728,Yahoo Finance monthly adjusted close
XLI,Industrial Select Sector SPDR,Sector,2017-07-01,58.866577,Yahoo Finance monthly adjusted close
XLI,Industrial Select Sector SPDR,Sector,2017-08-01,58.995831,Yahoo Finance monthly adjusted close
XLI,Industrial Select Sector SPDR,Sector,2017-09-01,61.184708,Yahoo Finance monthly adjusted close
XLI,Industrial Select Sector SPDR,Sector,2017-10-01,61.923294,Yahoo Finance monthly adjusted close
XLI,Industrial Select Sector SPDR,Sector,2017-11-01,64.503090,Yahoo Finance monthly adjusted close
XLI,Industrial Select Sector SPDR,Sector,2017-12-01,65.507278,Yahoo Finance monthly adjusted close
XLI,Industrial Select Sector SPDR,Sector,2018-01-01,69.396988,Yahoo Finance monthly adjusted close
XLI,Industrial Select Sector SPDR,Sector,2018-02-01,66.716156,Yahoo Finance monthly adjusted close
XLI,Industrial Select Sector SPDR,Sector,2018-03-01,64.662033,Yahoo Finance monthly adjusted close
XLI,Industrial Select Sector SPDR,Sector,2018-04-01,63.113632,Yahoo Finance monthly adjusted close
XLI,Industrial Select Sector SPDR,Sector,2018-05-01,65.053703,Yahoo Finance monthly adjusted close
XLI,Industrial Select Sector SPDR,Sector,2018-06-01,62.598022,Yahoo Finance monthly adjusted close
XLI,Industrial Select Sector SPDR,Sector,2018-07-01,67.490570,Yahoo Finance monthly adjusted close
XLI,Industrial Select Sector SPDR,Sector,2018-08-01,67.648506,Yahoo Finance monthly adjusted close
XLI,Industrial Select Sector SPDR,Sector,2018-09-01,68.789146,Yahoo Finance monthly adjusted close
XLI,Industrial Select Sector SPDR,Sector,2018-10-01,61.609802,Yahoo Finance monthly adjusted close
XLI,Industrial Select Sector SPDR,Sector,2018-11-01,63.954994,Yahoo Finance monthly adjusted close
XLI,Industrial Select Sector SPDR,Sector,2018-12-01,56.787159,Yahoo Finance monthly adjusted close
XLI,Industrial Select Sector SPDR,Sector,2019-01-01,63.667053,Yahoo Finance monthly adjusted close
XLI,Industrial Select Sector SPDR,Sector,2019-02-01,67.721107,Yahoo Finance monthly adjusted close
XLI,Industrial Select Sector SPDR,Sector,2019-03-01,66.558998,Yahoo Finance monthly adjusted close
XLI,Industrial Select Sector SPDR,Sector,2019-04-01,69.601425,Yahoo Finance monthly adjusted close
XLI,Industrial Select Sector SPDR,Sector,2019-05-01,64.283852,Yahoo Finance monthly adjusted close
XLI,Industrial Select Sector SPDR,Sector,2019-06-01,69.075012,Yahoo Finance monthly adjusted close
XLI,Industrial Select Sector SPDR,Sector,2019-07-01,69.733864,Yahoo Finance monthly adjusted close
XLI,Industrial Select Sector SPDR,Sector,2019-08-01,67.887917,Yahoo Finance monthly adjusted close
XLI,Industrial Select Sector SPDR,Sector,2019-09-01,69.563591,Yahoo Finance monthly adjusted close
XLI,Industrial Select Sector SPDR,Sector,2019-10-01,70.725014,Yahoo Finance monthly adjusted close
XLI,Industrial Select Sector SPDR,Sector,2019-11-01,73.904976,Yahoo Finance monthly adjusted close
XLI,Industrial Select Sector SPDR,Sector,2019-12-01,73.391495,Yahoo Finance monthly adjusted close
XLI,Industrial Select Sector SPDR,Sector,2020-01-01,73.430435,Yahoo Finance monthly adjusted close
XLI,Industrial Select Sector SPDR,Sector,2020-02-01,66.160721,Yahoo Finance monthly adjusted close
XLI,Industrial Select Sector SPDR,Sector,2020-03-01,53.422871,Yahoo Finance monthly adjusted close
XLI,Industrial Select Sector SPDR,Sector,2020-04-01,58.581867,Yahoo Finance monthly adjusted close
XLI,Industrial Select Sector SPDR,Sector,2020-05-01,61.738598,Yahoo Finance monthly adjusted close
XLI,Industrial Select Sector SPDR,Sector,2020-06-01,62.678318,Yahoo Finance monthly adjusted close
XLI,Industrial Select Sector SPDR,Sector,2020-07-01,65.733276,Yahoo Finance monthly adjusted close
XLI,Industrial Select Sector SPDR,Sector,2020-08-01,71.304977,Yahoo Finance monthly adjusted close
XLI,Industrial Select Sector SPDR,Sector,2020-09-01,70.544373,Yahoo Finance monthly adjusted close
XLI,Industrial Select Sector SPDR,Sector,2020-10-01,69.797394,Yahoo Finance monthly adjusted close
XLI,Industrial Select Sector SPDR,Sector,2020-11-01,80.984108,Yahoo Finance monthly adjusted close
XLI,Industrial Select Sector SPDR,Sector,2020-12-01,81.462471,Yahoo Finance monthly adjusted close
XLI,Industrial Select Sector SPDR,Sector,2021-01-01,78.307632,Yahoo Finance monthly adjusted close
XLI,Industrial Select Sector SPDR,Sector,2021-02-01,83.702423,Yahoo Finance monthly adjusted close
XLI,Industrial Select Sector SPDR,Sector,2021-03-01,90.944771,Yahoo Finance monthly adjusted close
XLI,Industrial Select Sector SPDR,Sector,2021-04-01,94.449280,Yahoo Finance monthly adjusted close
XLI,Industrial Select Sector SPDR,Sector,2021-05-01,97.405144,Yahoo Finance monthly adjusted close
XLI,Industrial Select Sector SPDR,Sector,2021-06-01,94.884781,Yahoo Finance monthly adjusted close
XLI,Industrial Select Sector SPDR,Sector,2021-07-01,96.077187,Yahoo Finance monthly adjusted close
XLI,Industrial Select Sector SPDR,Sector,2021-08-01,97.146156,Yahoo Finance monthly adjusted close
XLI,Industrial Select Sector SPDR,Sector,2021-09-01,90.946121,Yahoo Finance monthly adjusted close
XLI,Industrial Select Sector SPDR,Sector,2021-10-01,97.441246,Yahoo Finance monthly adjusted close
XLI,Industrial Select Sector SPDR,Sector,2021-11-01,93.972221,Yahoo Finance monthly adjusted close
XLI,Industrial Select Sector SPDR,Sector,2021-12-01,98.672218,Yahoo Finance monthly adjusted close
XLI,Industrial Select Sector SPDR,Sector,2022-01-01,94.298630,Yahoo Finance monthly adjusted close
XLI,Industrial Select Sector SPDR,Sector,2022-02-01,93.502983,Yahoo Finance monthly adjusted close
XLI,Industrial Select Sector SPDR,Sector,2022-03-01,96.395424,Yahoo Finance monthly adjusted close
XLI,Industrial Select Sector SPDR,Sector,2022-04-01,89.352974,Yahoo Finance monthly adjusted close
XLI,Industrial Select Sector SPDR,Sector,2022-05-01,88.939751,Yahoo Finance monthly adjusted close
XLI,Industrial Select Sector SPDR,Sector,2022-06-01,82.027428,Yahoo Finance monthly adjusted close
XLI,Industrial Select Sector SPDR,Sector,2022-07-01,90.216927,Yahoo Finance monthly adjusted close
XLI,Industrial Select Sector SPDR,Sector,2022-08-01,87.660591,Yahoo Finance monthly adjusted close
XLI,Industrial Select Sector SPDR,Sector,2022-09-01,78.142723,Yahoo Finance monthly adjusted close
XLI,Industrial Select Sector SPDR,Sector,2022-10-01,89.426102,Yahoo Finance monthly adjusted close
XLI,Industrial Select Sector SPDR,Sector,2022-11-01,96.411469,Yahoo Finance monthly adjusted close
XLI,Industrial Select Sector SPDR,Sector,2022-12-01,93.084656,Yahoo Finance monthly adjusted close
XLI,Industrial Select Sector SPDR,Sector,2023-01-01,96.995445,Yahoo Finance monthly adjusted close
XLI,Industrial Select Sector SPDR,Sector,2023-02-01,96.157387,Yahoo Finance monthly adjusted close
XLI,Industrial Select Sector SPDR,Sector,2023-03-01,96.357376,Yahoo Finance monthly adjusted close
XLI,Industrial Select Sector SPDR,Sector,2023-04-01,95.624352,Yahoo Finance monthly adjusted close
XLI,Industrial Select Sector SPDR,Sector,2023-05-01,92.612183,Yahoo Finance monthly adjusted close
XLI,Industrial Select Sector SPDR,Sector,2023-06-01,102.624062,Yahoo Finance monthly adjusted close
XLI,Industrial Select Sector SPDR,Sector,2023-07-01,106.010651,Yahoo Finance monthly adjusted close
XLI,Industrial Select Sector SPDR,Sector,2023-08-01,103.908104,Yahoo Finance monthly adjusted close
XLI,Industrial Select Sector SPDR,Sector,2023-09-01,97.331635,Yahoo Finance monthly adjusted close
XLI,Industrial Select Sector SPDR,Sector,2023-10-01,94.816925,Yahoo Finance monthly adjusted close
XLI,Industrial Select Sector SPDR,Sector,2023-11-01,103.193901,Yahoo Finance monthly adjusted close
XLI,Industrial Select Sector SPDR,Sector,2023-12-01,109.883896,Yahoo Finance monthly adjusted close
XLI,Industrial Select Sector SPDR,Sector,2024-01-01,109.418930,Yahoo Finance monthly adjusted close
XLI,Industrial Select Sector SPDR,Sector,2024-02-01,117.279572,Yahoo Finance monthly adjusted close
XLI,Industrial Select Sector SPDR,Sector,2024-03-01,122.087067,Yahoo Finance monthly adjusted close
XLI,Industrial Select Sector SPDR,Sector,2024-04-01,118.147575,Yahoo Finance monthly adjusted close
XLI,Industrial Select Sector SPDR,Sector,2024-05-01,120.082352,Yahoo Finance monthly adjusted close
XLI,Industrial Select Sector SPDR,Sector,2024-06-01,118.487877,Yahoo Finance monthly adjusted close
XLI,Industrial Select Sector SPDR,Sector,2024-07-01,124.738670,Yahoo Finance monthly adjusted close
XLI,Industrial Select Sector SPDR,Sector,2024-08-01,128.250824,Yahoo Finance monthly adjusted close
XLI,Industrial Select Sector SPDR,Sector,2024-09-01,132.133636,Yahoo Finance monthly adjusted close
XLI,Industrial Select Sector SPDR,Sector,2024-10-01,130.986847,Yahoo Finance monthly adjusted close
XLI,Industrial Select Sector SPDR,Sector,2024-11-01,140.931015,Yahoo Finance monthly adjusted close
XLI,Industrial Select Sector SPDR,Sector,2024-12-01,128.960831,Yahoo Finance monthly adjusted close
XLI,Industrial Select Sector SPDR,Sector,2025-01-01,136.092224,Yahoo Finance monthly adjusted close
XLI,Industrial Select Sector SPDR,Sector,2025-02-01,134.105179,Yahoo Finance monthly adjusted close
XLI,Industrial Select Sector SPDR,Sector,2025-03-01,128.931015,Yahoo Finance monthly adjusted close
XLI,Industrial Select Sector SPDR,Sector,2025-04-01,129.475067,Yahoo Finance monthly adjusted close
XLI,Industrial Select Sector SPDR,Sector,2025-05-01,140.920822,Yahoo Finance monthly adjusted close
XLI,Industrial Select Sector SPDR,Sector,2025-06-01,145.558304,Yahoo Finance monthly adjusted close
XLI,Industrial Select Sector SPDR,Sector,2025-07-01,150.445099,Yahoo Finance monthly adjusted close
XLI,Industrial Select Sector SPDR,Sector,2025-08-01,150.445099,Yahoo Finance monthly adjusted close
XLI,Industrial Select Sector SPDR,Sector,2025-09-01,152.642242,Yahoo Finance monthly adjusted close
XLI,Industrial Select Sector SPDR,Sector,2025-10-01,154.097733,Yahoo Finance monthly adjusted close
XLI,Industrial Select Sector SPDR,Sector,2025-11-01,152.736237,Yahoo Finance monthly adjusted close
XLI,Industrial Select Sector SPDR,Sector,2025-12-01,154.157364,Yahoo Finance monthly adjusted close
XLI,Industrial Select Sector SPDR,Sector,2026-01-01,164.976440,Yahoo Finance monthly adjusted close
XLI,Industrial Select Sector SPDR,Sector,2026-02-01,176.643646,Yahoo Finance monthly adjusted close
XLI,Industrial Select Sector SPDR,Sector,2026-03-01,161.276825,Yahoo Finance monthly adjusted close
XLI,Industrial Select Sector SPDR,Sector,2026-04-01,174.580002,Yahoo Finance monthly adjusted close
XLI,Industrial Select Sector SPDR,Sector,2026-05-01,171.770004,Yahoo Finance monthly adjusted close
XLI,Industrial Select Sector SPDR,Sector,2026-05-01,171.770004,Yahoo Finance monthly adjusted close
XLV,Health Care Select Sector SPDR,Sector,1998-12-01,17.439659,Yahoo Finance monthly adjusted close
XLV,Health Care Select Sector SPDR,Sector,1999-01-01,18.278112,Yahoo Finance monthly adjusted close
XLV,Health Care Select Sector SPDR,Sector,1999-02-01,18.299072,Yahoo Finance monthly adjusted close
XLV,Health Care Select Sector SPDR,Sector,1999-03-01,18.781178,Yahoo Finance monthly adjusted close
XLV,Health Care Select Sector SPDR,Sector,1999-04-01,19.451937,Yahoo Finance monthly adjusted close
XLV,Health Care Select Sector SPDR,Sector,1999-05-01,18.854536,Yahoo Finance monthly adjusted close
XLV,Health Care Select Sector SPDR,Sector,1999-06-01,19.682508,Yahoo Finance monthly adjusted close
XLV,Health Care Select Sector SPDR,Sector,1999-07-01,19.095596,Yahoo Finance monthly adjusted close
XLV,Health Care Select Sector SPDR,Sector,1999-08-01,18.236181,Yahoo Finance monthly adjusted close
XLV,Health Care Select Sector SPDR,Sector,1999-09-01,17.984650,Yahoo Finance monthly adjusted close
XLV,Health Care Select Sector SPDR,Sector,1999-10-01,18.896467,Yahoo Finance monthly adjusted close
XLV,Health Care Select Sector SPDR,Sector,1999-11-01,19.116554,Yahoo Finance monthly adjusted close
XLV,Health Care Select Sector SPDR,Sector,1999-12-01,20.720074,Yahoo Finance monthly adjusted close
XLV,Health Care Select Sector SPDR,Sector,2000-01-01,20.314243,Yahoo Finance monthly adjusted close
XLV,Health Care Select Sector SPDR,Sector,2000-02-01,18.985964,Yahoo Finance monthly adjusted close
XLV,Health Care Select Sector SPDR,Sector,2000-03-01,20.693750,Yahoo Finance monthly adjusted close
XLV,Health Care Select Sector SPDR,Sector,2000-04-01,20.451296,Yahoo Finance monthly adjusted close
XLV,Health Care Select Sector SPDR,Sector,2000-05-01,19.903112,Yahoo Finance monthly adjusted close
XLV,Health Care Select Sector SPDR,Sector,2000-06-01,19.945282,Yahoo Finance monthly adjusted close
XLV,Health Care Select Sector SPDR,Sector,2000-07-01,19.650106,Yahoo Finance monthly adjusted close
XLV,Health Care Select Sector SPDR,Sector,2000-08-01,20.345871,Yahoo Finance monthly adjusted close
XLV,Health Care Select Sector SPDR,Sector,2000-09-01,19.607941,Yahoo Finance monthly adjusted close
XLV,Health Care Select Sector SPDR,Sector,2000-10-01,19.903112,Yahoo Finance monthly adjusted close
XLV,Health Care Select Sector SPDR,Sector,2000-11-01,18.089901,Yahoo Finance monthly adjusted close
XLV,Health Care Select Sector SPDR,Sector,2000-12-01,18.385078,Yahoo Finance monthly adjusted close
XLV,Health Care Select Sector SPDR,Sector,2001-01-01,19.717751,Yahoo Finance monthly adjusted close
XLV,Health Care Select Sector SPDR,Sector,2001-02-01,19.339869,Yahoo Finance monthly adjusted close
XLV,Health Care Select Sector SPDR,Sector,2001-03-01,18.098230,Yahoo Finance monthly adjusted close
XLV,Health Care Select Sector SPDR,Sector,2001-04-01,19.437880,Yahoo Finance monthly adjusted close
XLV,Health Care Select Sector SPDR,Sector,2001-05-01,20.180305,Yahoo Finance monthly adjusted close
XLV,Health Care Select Sector SPDR,Sector,2001-06-01,19.944078,Yahoo Finance monthly adjusted close
XLV,Health Care Select Sector SPDR,Sector,2001-07-01,19.553965,Yahoo Finance monthly adjusted close
XLV,Health Care Select Sector SPDR,Sector,2001-08-01,18.561415,Yahoo Finance monthly adjusted close
XLV,Health Care Select Sector SPDR,Sector,2001-09-01,15.867336,Yahoo Finance monthly adjusted close
XLV,Health Care Select Sector SPDR,Sector,2001-10-01,15.954924,Yahoo Finance monthly adjusted close
XLV,Health Care Select Sector SPDR,Sector,2001-11-01,17.805744,Yahoo Finance monthly adjusted close
XLV,Health Care Select Sector SPDR,Sector,2001-12-01,18.204290,Yahoo Finance monthly adjusted close
XLV,Health Care Select Sector SPDR,Sector,2002-01-01,18.101210,Yahoo Finance monthly adjusted close
XLV,Health Care Select Sector SPDR,Sector,2002-02-01,18.933521,Yahoo Finance monthly adjusted close
XLV,Health Care Select Sector SPDR,Sector,2002-03-01,20.022978,Yahoo Finance monthly adjusted close
XLV,Health Care Select Sector SPDR,Sector,2002-04-01,19.910072,Yahoo Finance monthly adjusted close
XLV,Health Care Select Sector SPDR,Sector,2002-05-01,20.187632,Yahoo Finance monthly adjusted close
XLV,Health Care Select Sector SPDR,Sector,2002-06-01,18.738888,Yahoo Finance monthly adjusted close
XLV,Health Care Select Sector SPDR,Sector,2002-07-01,18.201874,Yahoo Finance monthly adjusted close
XLV,Health Care Select Sector SPDR,Sector,2002-08-01,18.377941,Yahoo Finance monthly adjusted close
XLV,Health Care Select Sector SPDR,Sector,2002-09-01,17.186142,Yahoo Finance monthly adjusted close
XLV,Health Care Select Sector SPDR,Sector,2002-10-01,18.244854,Yahoo Finance monthly adjusted close
XLV,Health Care Select Sector SPDR,Sector,2002-11-01,18.808634,Yahoo Finance monthly adjusted close
XLV,Health Care Select Sector SPDR,Sector,2002-12-01,18.034286,Yahoo Finance monthly adjusted close
XLV,Health Care Select Sector SPDR,Sector,2003-01-01,18.040419,Yahoo Finance monthly adjusted close
XLV,Health Care Select Sector SPDR,Sector,2003-02-01,17.638161,Yahoo Finance monthly adjusted close
XLV,Health Care Select Sector SPDR,Sector,2003-03-01,18.217688,Yahoo Finance monthly adjusted close
XLV,Health Care Select Sector SPDR,Sector,2003-04-01,18.868521,Yahoo Finance monthly adjusted close
XLV,Health Care Select Sector SPDR,Sector,2003-05-01,19.258198,Yahoo Finance monthly adjusted close
XLV,Health Care Select Sector SPDR,Sector,2003-06-01,20.051210,Yahoo Finance monthly adjusted close
XLV,Health Care Select Sector SPDR,Sector,2003-07-01,19.807064,Yahoo Finance monthly adjusted close
XLV,Health Care Select Sector SPDR,Sector,2003-08-01,19.073467,Yahoo Finance monthly adjusted close
XLV,Health Care Select Sector SPDR,Sector,2003-09-01,19.066612,Yahoo Finance monthly adjusted close
XLV,Health Care Select Sector SPDR,Sector,2003-10-01,19.253756,Yahoo Finance monthly adjusted close
XLV,Health Care Select Sector SPDR,Sector,2003-11-01,19.666338,Yahoo Finance monthly adjusted close
XLV,Health Care Select Sector SPDR,Sector,2003-12-01,20.732172,Yahoo Finance monthly adjusted close
XLV,Health Care Select Sector SPDR,Sector,2004-01-01,21.377121,Yahoo Finance monthly adjusted close
XLV,Health Care Select Sector SPDR,Sector,2004-02-01,21.604824,Yahoo Finance monthly adjusted close
XLV,Health Care Select Sector SPDR,Sector,2004-03-01,20.652588,Yahoo Finance monthly adjusted close
XLV,Health Care Select Sector SPDR,Sector,2004-04-01,21.347460,Yahoo Finance monthly adjusted close
XLV,Health Care Select Sector SPDR,Sector,2004-05-01,21.278278,Yahoo Finance monthly adjusted close
XLV,Health Care Select Sector SPDR,Sector,2004-06-01,21.139935,Yahoo Finance monthly adjusted close
XLV,Health Care Select Sector SPDR,Sector,2004-07-01,20.061190,Yahoo Finance monthly adjusted close
XLV,Health Care Select Sector SPDR,Sector,2004-08-01,20.387211,Yahoo Finance monthly adjusted close
XLV,Health Care Select Sector SPDR,Sector,2004-09-01,19.971003,Yahoo Finance monthly adjusted close
XLV,Health Care Select Sector SPDR,Sector,2004-10-01,19.585445,Yahoo Finance monthly adjusted close
XLV,Health Care Select Sector SPDR,Sector,2004-11-01,19.968115,Yahoo Finance monthly adjusted close
XLV,Health Care Select Sector SPDR,Sector,2004-12-01,21.004782,Yahoo Finance monthly adjusted close
XLV,Health Care Select Sector SPDR,Sector,2005-01-01,20.413216,Yahoo Finance monthly adjusted close
XLV,Health Care Select Sector SPDR,Sector,2005-02-01,21.027359,Yahoo Finance monthly adjusted close
XLV,Health Care Select Sector SPDR,Sector,2005-03-01,20.838930,Yahoo Finance monthly adjusted close
XLV,Health Care Select Sector SPDR,Sector,2005-04-01,21.638296,Yahoo Finance monthly adjusted close
XLV,Health Care Select Sector SPDR,Sector,2005-05-01,21.911402,Yahoo Finance monthly adjusted close
XLV,Health Care Select Sector SPDR,Sector,2005-06-01,21.729332,Yahoo Finance monthly adjusted close
XLV,Health Care Select Sector SPDR,Sector,2005-07-01,22.287226,Yahoo Finance monthly adjusted close
XLV,Health Care Select Sector SPDR,Sector,2005-08-01,22.209957,Yahoo Finance monthly adjusted close
XLV,Health Care Select Sector SPDR,Sector,2005-09-01,22.020315,Yahoo Finance monthly adjusted close
XLV,Health Care Select Sector SPDR,Sector,2005-10-01,21.410542,Yahoo Finance monthly adjusted close
XLV,Health Care Select Sector SPDR,Sector,2005-11-01,21.671207,Yahoo Finance monthly adjusted close
XLV,Health Care Select Sector SPDR,Sector,2005-12-01,22.347563,Yahoo Finance monthly adjusted close
XLV,Health Care Select Sector SPDR,Sector,2006-01-01,22.710861,Yahoo Finance monthly adjusted close
XLV,Health Care Select Sector SPDR,Sector,2006-02-01,22.972391,Yahoo Finance monthly adjusted close
XLV,Health Care Select Sector SPDR,Sector,2006-03-01,22.604830,Yahoo Finance monthly adjusted close
XLV,Health Care Select Sector SPDR,Sector,2006-04-01,21.976856,Yahoo Finance monthly adjusted close
XLV,Health Care Select Sector SPDR,Sector,2006-05-01,21.515905,Yahoo Finance monthly adjusted close
XLV,Health Care Select Sector SPDR,Sector,2006-06-01,21.444986,Yahoo Finance monthly adjusted close
XLV,Health Care Select Sector SPDR,Sector,2006-07-01,22.697817,Yahoo Finance monthly adjusted close
XLV,Health Care Select Sector SPDR,Sector,2006-08-01,23.345514,Yahoo Finance monthly adjusted close
XLV,Health Care Select Sector SPDR,Sector,2006-09-01,23.623093,Yahoo Finance monthly adjusted close
XLV,Health Care Select Sector SPDR,Sector,2006-10-01,23.782333,Yahoo Finance monthly adjusted close
XLV,Health Care Select Sector SPDR,Sector,2006-11-01,23.753765,Yahoo Finance monthly adjusted close
XLV,Health Care Select Sector SPDR,Sector,2006-12-01,23.918032,Yahoo Finance monthly adjusted close
XLV,Health Care Select Sector SPDR,Sector,2007-01-01,24.733080,Yahoo Finance monthly adjusted close
XLV,Health Care Select Sector SPDR,Sector,2007-02-01,24.159735,Yahoo Finance monthly adjusted close
XLV,Health Care Select Sector SPDR,Sector,2007-03-01,24.116726,Yahoo Finance monthly adjusted close
XLV,Health Care Select Sector SPDR,Sector,2007-04-01,25.976547,Yahoo Finance monthly adjusted close
XLV,Health Care Select Sector SPDR,Sector,2007-05-01,26.422567,Yahoo Finance monthly adjusted close
XLV,Health Care Select Sector SPDR,Sector,2007-06-01,25.401043,Yahoo Finance monthly adjusted close
XLV,Health Care Select Sector SPDR,Sector,2007-07-01,24.322948,Yahoo Finance monthly adjusted close
XLV,Health Care Select Sector SPDR,Sector,2007-08-01,24.879843,Yahoo Finance monthly adjusted close
XLV,Health Care Select Sector SPDR,Sector,2007-09-01,25.566933,Yahoo Finance monthly adjusted close
XLV,Health Care Select Sector SPDR,Sector,2007-10-01,26.135082,Yahoo Finance monthly adjusted close
XLV,Health Care Select Sector SPDR,Sector,2007-11-01,26.468950,Yahoo Finance monthly adjusted close
XLV,Health Care Select Sector SPDR,Sector,2007-12-01,25.627041,Yahoo Finance monthly adjusted close
XLV,Health Care Select Sector SPDR,Sector,2008-01-01,24.547741,Yahoo Finance monthly adjusted close
XLV,Health Care Select Sector SPDR,Sector,2008-02-01,23.892160,Yahoo Finance monthly adjusted close
XLV,Health Care Select Sector SPDR,Sector,2008-03-01,22.704838,Yahoo Finance monthly adjusted close
XLV,Health Care Select Sector SPDR,Sector,2008-04-01,23.033298,Yahoo Finance monthly adjusted close
XLV,Health Care Select Sector SPDR,Sector,2008-05-01,23.472305,Yahoo Finance monthly adjusted close
XLV,Health Care Select Sector SPDR,Sector,2008-06-01,22.374788,Yahoo Finance monthly adjusted close
XLV,Health Care Select Sector SPDR,Sector,2008-07-01,23.486282,Yahoo Finance monthly adjusted close
XLV,Health Care Select Sector SPDR,Sector,2008-08-01,23.971453,Yahoo Finance monthly adjusted close
XLV,Health Care Select Sector SPDR,Sector,2008-09-01,22.089609,Yahoo Finance monthly adjusted close
XLV,Health Care Select Sector SPDR,Sector,2008-10-01,19.642498,Yahoo Finance monthly adjusted close
XLV,Health Care Select Sector SPDR,Sector,2008-11-01,18.401922,Yahoo Finance monthly adjusted close
XLV,Health Care Select Sector SPDR,Sector,2008-12-01,19.605577,Yahoo Finance monthly adjusted close
XLV,Health Care Select Sector SPDR,Sector,2009-01-01,19.487284,Yahoo Finance monthly adjusted close
XLV,Health Care Select Sector SPDR,Sector,2009-02-01,17.072742,Yahoo Finance monthly adjusted close
XLV,Health Care Select Sector SPDR,Sector,2009-03-01,17.986549,Yahoo Finance monthly adjusted close
XLV,Health Care Select Sector SPDR,Sector,2009-04-01,18.075663,Yahoo Finance monthly adjusted close
XLV,Health Care Select Sector SPDR,Sector,2009-05-01,19.309109,Yahoo Finance monthly adjusted close
XLV,Health Care Select Sector SPDR,Sector,2009-06-01,19.667933,Yahoo Finance monthly adjusted close
XLV,Health Care Select Sector SPDR,Sector,2009-07-01,20.938793,Yahoo Finance monthly adjusted close
XLV,Health Care Select Sector SPDR,Sector,2009-08-01,21.502279,Yahoo Finance monthly adjusted close
XLV,Health Care Select Sector SPDR,Sector,2009-09-01,21.539837,Yahoo Finance monthly adjusted close
XLV,Health Care Select Sector SPDR,Sector,2009-10-01,21.181797,Yahoo Finance monthly adjusted close
XLV,Health Care Select Sector SPDR,Sector,2009-11-01,23.151320,Yahoo Finance monthly adjusted close
XLV,Health Care Select Sector SPDR,Sector,2009-12-01,23.445614,Yahoo Finance monthly adjusted close
XLV,Health Care Select Sector SPDR,Sector,2010-01-01,23.734455,Yahoo Finance monthly adjusted close
XLV,Health Care Select Sector SPDR,Sector,2010-02-01,23.825500,Yahoo Finance monthly adjusted close
XLV,Health Care Select Sector SPDR,Sector,2010-03-01,24.379412,Yahoo Finance monthly adjusted close
XLV,Health Care Select Sector SPDR,Sector,2010-04-01,23.509382,Yahoo Finance monthly adjusted close
XLV,Health Care Select Sector SPDR,Sector,2010-05-01,21.979136,Yahoo Finance monthly adjusted close
XLV,Health Care Select Sector SPDR,Sector,2010-06-01,21.469061,Yahoo Finance monthly adjusted close
XLV,Health Care Select Sector SPDR,Sector,2010-07-01,21.861296,Yahoo Finance monthly adjusted close
XLV,Health Care Select Sector SPDR,Sector,2010-08-01,21.501657,Yahoo Finance monthly adjusted close
XLV,Health Care Select Sector SPDR,Sector,2010-09-01,23.330448,Yahoo Finance monthly adjusted close
XLV,Health Care Select Sector SPDR,Sector,2010-10-01,23.973423,Yahoo Finance monthly adjusted close
XLV,Health Care Select Sector SPDR,Sector,2010-11-01,23.281219,Yahoo Finance monthly adjusted close
XLV,Health Care Select Sector SPDR,Sector,2010-12-01,24.227236,Yahoo Finance monthly adjusted close
XLV,Health Care Select Sector SPDR,Sector,2011-01-01,24.492071,Yahoo Finance monthly adjusted close
XLV,Health Care Select Sector SPDR,Sector,2011-02-01,25.257442,Yahoo Finance monthly adjusted close
XLV,Health Care Select Sector SPDR,Sector,2011-03-01,25.597614,Yahoo Finance monthly adjusted close
XLV,Health Care Select Sector SPDR,Sector,2011-04-01,27.368462,Yahoo Finance monthly adjusted close
XLV,Health Care Select Sector SPDR,Sector,2011-05-01,28.044134,Yahoo Finance monthly adjusted close
XLV,Health Care Select Sector SPDR,Sector,2011-06-01,27.593683,Yahoo Finance monthly adjusted close
XLV,Health Care Select Sector SPDR,Sector,2011-07-01,26.628500,Yahoo Finance monthly adjusted close
XLV,Health Care Select Sector SPDR,Sector,2011-08-01,26.066587,Yahoo Finance monthly adjusted close
XLV,Health Care Select Sector SPDR,Sector,2011-09-01,24.763252,Yahoo Finance monthly adjusted close
XLV,Health Care Select Sector SPDR,Sector,2011-10-01,26.332596,Yahoo Finance monthly adjusted close
XLV,Health Care Select Sector SPDR,Sector,2011-11-01,26.583694,Yahoo Finance monthly adjusted close
XLV,Health Care Select Sector SPDR,Sector,2011-12-01,27.219242,Yahoo Finance monthly adjusted close
XLV,Health Care Select Sector SPDR,Sector,2012-01-01,28.247728,Yahoo Finance monthly adjusted close
XLV,Health Care Select Sector SPDR,Sector,2012-02-01,28.547583,Yahoo Finance monthly adjusted close
XLV,Health Care Select Sector SPDR,Sector,2012-03-01,29.675913,Yahoo Finance monthly adjusted close
XLV,Health Care Select Sector SPDR,Sector,2012-04-01,29.746372,Yahoo Finance monthly adjusted close
XLV,Health Care Select Sector SPDR,Sector,2012-05-01,28.667862,Yahoo Finance monthly adjusted close
XLV,Health Care Select Sector SPDR,Sector,2012-06-01,30.142879,Yahoo Finance monthly adjusted close
XLV,Health Care Select Sector SPDR,Sector,2012-07-01,30.608334,Yahoo Finance monthly adjusted close
XLV,Health Care Select Sector SPDR,Sector,2012-08-01,30.967121,Yahoo Finance monthly adjusted close
XLV,Health Care Select Sector SPDR,Sector,2012-09-01,31.987671,Yahoo Finance monthly adjusted close
XLV,Health Care Select Sector SPDR,Sector,2012-10-01,32.074520,Yahoo Finance monthly adjusted close
XLV,Health Care Select Sector SPDR,Sector,2012-11-01,32.242783,Yahoo Finance monthly adjusted close
XLV,Health Care Select Sector SPDR,Sector,2012-12-01,31.954348,Yahoo Finance monthly adjusted close
XLV,Health Care Select Sector SPDR,Sector,2013-01-01,34.567829,Yahoo Finance monthly adjusted close
XLV,Health Care Select Sector SPDR,Sector,2013-02-01,35.002865,Yahoo Finance monthly adjusted close
XLV,Health Care Select Sector SPDR,Sector,2013-03-01,37.016838,Yahoo Finance monthly adjusted close
XLV,Health Care Select Sector SPDR,Sector,2013-04-01,38.293552,Yahoo Finance monthly adjusted close
XLV,Health Care Select Sector SPDR,Sector,2013-05-01,38.924637,Yahoo Finance monthly adjusted close
XLV,Health Care Select Sector SPDR,Sector,2013-06-01,38.520103,Yahoo Finance monthly adjusted close
XLV,Health Care Select Sector SPDR,Sector,2013-07-01,41.465931,Yahoo Finance monthly adjusted close
XLV,Health Care Select Sector SPDR,Sector,2013-08-01,40.003010,Yahoo Finance monthly adjusted close
XLV,Health Care Select Sector SPDR,Sector,2013-09-01,41.116451,Yahoo Finance monthly adjusted close
XLV,Health Care Select Sector SPDR,Sector,2013-10-01,43.065128,Yahoo Finance monthly adjusted close
XLV,Health Care Select Sector SPDR,Sector,2013-11-01,45.097210,Yahoo Finance monthly adjusted close
XLV,Health Care Select Sector SPDR,Sector,2013-12-01,45.244106,Yahoo Finance monthly adjusted close
XLV,Health Care Select Sector SPDR,Sector,2014-01-01,45.856533,Yahoo Finance monthly adjusted close
XLV,Health Care Select Sector SPDR,Sector,2014-02-01,48.708221,Yahoo Finance monthly adjusted close
XLV,Health Care Select Sector SPDR,Sector,2014-03-01,47.929749,Yahoo Finance monthly adjusted close
XLV,Health Care Select Sector SPDR,Sector,2014-04-01,47.791325,Yahoo Finance monthly adjusted close
XLV,Health Care Select Sector SPDR,Sector,2014-05-01,49.164543,Yahoo Finance monthly adjusted close
XLV,Health Care Select Sector SPDR,Sector,2014-06-01,50.019718,Yahoo Finance monthly adjusted close
XLV,Health Care Select Sector SPDR,Sector,2014-07-01,50.273602,Yahoo Finance monthly adjusted close
XLV,Health Care Select Sector SPDR,Sector,2014-08-01,52.708473,Yahoo Finance monthly adjusted close
XLV,Health Care Select Sector SPDR,Sector,2014-09-01,52.749744,Yahoo Finance monthly adjusted close
XLV,Health Care Select Sector SPDR,Sector,2014-10-01,55.720905,Yahoo Finance monthly adjusted close
XLV,Health Care Select Sector SPDR,Sector,2014-11-01,57.659153,Yahoo Finance monthly adjusted close
XLV,Health Care Select Sector SPDR,Sector,2014-12-01,56.640331,Yahoo Finance monthly adjusted close
XLV,Health Care Select Sector SPDR,Sector,2015-01-01,57.589935,Yahoo Finance monthly adjusted close
XLV,Health Care Select Sector SPDR,Sector,2015-02-01,60.059128,Yahoo Finance monthly adjusted close
XLV,Health Care Select Sector SPDR,Sector,2015-03-01,60.275284,Yahoo Finance monthly adjusted close
XLV,Health Care Select Sector SPDR,Sector,2015-04-01,59.785271,Yahoo Finance monthly adjusted close
XLV,Health Care Select Sector SPDR,Sector,2015-05-01,62.478153,Yahoo Finance monthly adjusted close
XLV,Health Care Select Sector SPDR,Sector,2015-06-01,62.019596,Yahoo Finance monthly adjusted close
XLV,Health Care Select Sector SPDR,Sector,2015-07-01,64.073730,Yahoo Finance monthly adjusted close
XLV,Health Care Select Sector SPDR,Sector,2015-08-01,58.970554,Yahoo Finance monthly adjusted close
XLV,Health Care Select Sector SPDR,Sector,2015-09-01,55.406742,Yahoo Finance monthly adjusted close
XLV,Health Care Select Sector SPDR,Sector,2015-10-01,59.897987,Yahoo Finance monthly adjusted close
XLV,Health Care Select Sector SPDR,Sector,2015-11-01,59.704857,Yahoo Finance monthly adjusted close
XLV,Health Care Select Sector SPDR,Sector,2015-12-01,60.477329,Yahoo Finance monthly adjusted close
XLV,Health Care Select Sector SPDR,Sector,2016-01-01,56.045498,Yahoo Finance monthly adjusted close
XLV,Health Care Select Sector SPDR,Sector,2016-02-01,55.843143,Yahoo Finance monthly adjusted close
XLV,Health Care Select Sector SPDR,Sector,2016-03-01,57.150040,Yahoo Finance monthly adjusted close
XLV,Health Care Select Sector SPDR,Sector,2016-04-01,59.055912,Yahoo Finance monthly adjusted close
XLV,Health Care Select Sector SPDR,Sector,2016-05-01,60.375973,Yahoo Finance monthly adjusted close
XLV,Health Care Select Sector SPDR,Sector,2016-06-01,60.680607,Yahoo Finance monthly adjusted close
XLV,Health Care Select Sector SPDR,Sector,2016-07-01,63.890003,Yahoo Finance monthly adjusted close
XLV,Health Care Select Sector SPDR,Sector,2016-08-01,61.816982,Yahoo Finance monthly adjusted close
XLV,Health Care Select Sector SPDR,Sector,2016-09-01,61.264736,Yahoo Finance monthly adjusted close
XLV,Health Care Select Sector SPDR,Sector,2016-10-01,57.450703,Yahoo Finance monthly adjusted close
XLV,Health Care Select Sector SPDR,Sector,2016-11-01,58.636208,Yahoo Finance monthly adjusted close
XLV,Health Care Select Sector SPDR,Sector,2016-12-01,58.798283,Yahoo Finance monthly adjusted close
XLV,Health Care Select Sector SPDR,Sector,2017-01-01,60.409679,Yahoo Finance monthly adjusted close
XLV,Health Care Select Sector SPDR,Sector,2017-02-01,64.238838,Yahoo Finance monthly adjusted close
XLV,Health Care Select Sector SPDR,Sector,2017-03-01,63.699146,Yahoo Finance monthly adjusted close
XLV,Health Care Select Sector SPDR,Sector,2017-04-01,64.910187,Yahoo Finance monthly adjusted close
XLV,Health Care Select Sector SPDR,Sector,2017-05-01,65.408844,Yahoo Finance monthly adjusted close
XLV,Health Care Select Sector SPDR,Sector,2017-06-01,68.125618,Yahoo Finance monthly adjusted close
XLV,Health Care Select Sector SPDR,Sector,2017-07-01,68.957191,Yahoo Finance monthly adjusted close
XLV,Health Care Select Sector SPDR,Sector,2017-08-01,70.165596,Yahoo Finance monthly adjusted close
XLV,Health Care Select Sector SPDR,Sector,2017-09-01,70.545387,Yahoo Finance monthly adjusted close
XLV,Health Care Select Sector SPDR,Sector,2017-10-01,70.267944,Yahoo Finance monthly adjusted close
XLV,Health Care Select Sector SPDR,Sector,2017-11-01,72.312492,Yahoo Finance monthly adjusted close
XLV,Health Care Select Sector SPDR,Sector,2017-12-01,71.628113,Yahoo Finance monthly adjusted close
XLV,Health Care Select Sector SPDR,Sector,2018-01-01,76.628708,Yahoo Finance monthly adjusted close
XLV,Health Care Select Sector SPDR,Sector,2018-02-01,73.184349,Yahoo Finance monthly adjusted close
XLV,Health Care Select Sector SPDR,Sector,2018-03-01,70.801079,Yahoo Finance monthly adjusted close
XLV,Health Care Select Sector SPDR,Sector,2018-04-01,71.800499,Yahoo Finance monthly adjusted close
XLV,Health Care Select Sector SPDR,Sector,2018-05-01,71.931404,Yahoo Finance monthly adjusted close
XLV,Health Care Select Sector SPDR,Sector,2018-06-01,72.847916,Yahoo Finance monthly adjusted close
XLV,Health Care Select Sector SPDR,Sector,2018-07-01,77.909973,Yahoo Finance monthly adjusted close
XLV,Health Care Select Sector SPDR,Sector,2018-08-01,81.282883,Yahoo Finance monthly adjusted close
XLV,Health Care Select Sector SPDR,Sector,2018-09-01,83.359192,Yahoo Finance monthly adjusted close
XLV,Health Care Select Sector SPDR,Sector,2018-10-01,78.011429,Yahoo Finance monthly adjusted close
XLV,Health Care Select Sector SPDR,Sector,2018-11-01,84.317383,Yahoo Finance monthly adjusted close
XLV,Health Care Select Sector SPDR,Sector,2018-12-01,76.085304,Yahoo Finance monthly adjusted close
XLV,Health Care Select Sector SPDR,Sector,2019-01-01,80.105965,Yahoo Finance monthly adjusted close
XLV,Health Care Select Sector SPDR,Sector,2019-02-01,80.971794,Yahoo Finance monthly adjusted close
XLV,Health Care Select Sector SPDR,Sector,2019-03-01,81.060143,Yahoo Finance monthly adjusted close
XLV,Health Care Select Sector SPDR,Sector,2019-04-01,79.153931,Yahoo Finance monthly adjusted close
XLV,Health Care Select Sector SPDR,Sector,2019-05-01,77.398102,Yahoo Finance monthly adjusted close
XLV,Health Care Select Sector SPDR,Sector,2019-06-01,82.151237,Yahoo Finance monthly adjusted close
XLV,Health Care Select Sector SPDR,Sector,2019-07-01,81.165894,Yahoo Finance monthly adjusted close
XLV,Health Care Select Sector SPDR,Sector,2019-08-01,80.684990,Yahoo Finance monthly adjusted close
XLV,Health Care Select Sector SPDR,Sector,2019-09-01,80.266426,Yahoo Finance monthly adjusted close
XLV,Health Care Select Sector SPDR,Sector,2019-10-01,84.731316,Yahoo Finance monthly adjusted close
XLV,Health Care Select Sector SPDR,Sector,2019-11-01,88.970085,Yahoo Finance monthly adjusted close
XLV,Health Care Select Sector SPDR,Sector,2019-12-01,91.089523,Yahoo Finance monthly adjusted close
XLV,Health Care Select Sector SPDR,Sector,2020-01-01,89.603706,Yahoo Finance monthly adjusted close
XLV,Health Care Select Sector SPDR,Sector,2020-02-01,83.701805,Yahoo Finance monthly adjusted close
XLV,Health Care Select Sector SPDR,Sector,2020-03-01,80.059486,Yahoo Finance monthly adjusted close
XLV,Health Care Select Sector SPDR,Sector,2020-04-01,90.574448,Yahoo Finance monthly adjusted close
XLV,Health Care Select Sector SPDR,Sector,2020-05-01,93.553314,Yahoo Finance monthly adjusted close
XLV,Health Care Select Sector SPDR,Sector,2020-06-01,90.883217,Yahoo Finance monthly adjusted close
XLV,Health Care Select Sector SPDR,Sector,2020-07-01,96.247978,Yahoo Finance monthly adjusted close
XLV,Health Care Select Sector SPDR,Sector,2020-08-01,98.737839,Yahoo Finance monthly adjusted close
XLV,Health Care Select Sector SPDR,Sector,2020-09-01,96.202362,Yahoo Finance monthly adjusted close
XLV,Health Care Select Sector SPDR,Sector,2020-10-01,93.087036,Yahoo Finance monthly adjusted close
XLV,Health Care Select Sector SPDR,Sector,2020-11-01,100.485649,Yahoo Finance monthly adjusted close
XLV,Health Care Select Sector SPDR,Sector,2020-12-01,103.873634,Yahoo Finance monthly adjusted close
XLV,Health Care Select Sector SPDR,Sector,2021-01-01,105.763832,Yahoo Finance monthly adjusted close
XLV,Health Care Select Sector SPDR,Sector,2021-02-01,103.538780,Yahoo Finance monthly adjusted close
XLV,Health Care Select Sector SPDR,Sector,2021-03-01,107.336098,Yahoo Finance monthly adjusted close
XLV,Health Care Select Sector SPDR,Sector,2021-04-01,111.943527,Yahoo Finance monthly adjusted close
XLV,Health Care Select Sector SPDR,Sector,2021-05-01,114.037910,Yahoo Finance monthly adjusted close
XLV,Health Care Select Sector SPDR,Sector,2021-06-01,116.206116,Yahoo Finance monthly adjusted close
XLV,Health Care Select Sector SPDR,Sector,2021-07-01,122.402260,Yahoo Finance monthly adjusted close
XLV,Health Care Select Sector SPDR,Sector,2021-08-01,125.236549,Yahoo Finance monthly adjusted close
XLV,Health Care Select Sector SPDR,Sector,2021-09-01,117.910011,Yahoo Finance monthly adjusted close
XLV,Health Care Select Sector SPDR,Sector,2021-10-01,124.385834,Yahoo Finance monthly adjusted close
XLV,Health Care Select Sector SPDR,Sector,2021-11-01,120.584160,Yahoo Finance monthly adjusted close
XLV,Health Care Select Sector SPDR,Sector,2021-12-01,130.957413,Yahoo Finance monthly adjusted close
XLV,Health Care Select Sector SPDR,Sector,2022-01-01,122.447189,Yahoo Finance monthly adjusted close
XLV,Health Care Select Sector SPDR,Sector,2022-02-01,121.262207,Yahoo Finance monthly adjusted close
XLV,Health Care Select Sector SPDR,Sector,2022-03-01,127.821663,Yahoo Finance monthly adjusted close
XLV,Health Care Select Sector SPDR,Sector,2022-04-01,121.949326,Yahoo Finance monthly adjusted close
XLV,Health Care Select Sector SPDR,Sector,2022-05-01,123.765106,Yahoo Finance monthly adjusted close
XLV,Health Care Select Sector SPDR,Sector,2022-06-01,120.030556,Yahoo Finance monthly adjusted close
XLV,Health Care Select Sector SPDR,Sector,2022-07-01,124.447426,Yahoo Finance monthly adjusted close
XLV,Health Care Select Sector SPDR,Sector,2022-08-01,117.266304,Yahoo Finance monthly adjusted close
XLV,Health Care Select Sector SPDR,Sector,2022-09-01,113.835548,Yahoo Finance monthly adjusted close
XLV,Health Care Select Sector SPDR,Sector,2022-10-01,125.273750,Yahoo Finance monthly adjusted close
XLV,Health Care Select Sector SPDR,Sector,2022-11-01,131.190659,Yahoo Finance monthly adjusted close
XLV,Health Care Select Sector SPDR,Sector,2022-12-01,128.199188,Yahoo Finance monthly adjusted close
XLV,Health Care Select Sector SPDR,Sector,2023-01-01,126.367828,Yahoo Finance monthly adjusted close
XLV,Health Care Select Sector SPDR,Sector,2023-02-01,120.502350,Yahoo Finance monthly adjusted close
XLV,Health Care Select Sector SPDR,Sector,2023-03-01,122.672302,Yahoo Finance monthly adjusted close
XLV,Health Care Select Sector SPDR,Sector,2023-04-01,127.022408,Yahoo Finance monthly adjusted close
XLV,Health Care Select Sector SPDR,Sector,2023-05-01,121.600197,Yahoo Finance monthly adjusted close
XLV,Health Care Select Sector SPDR,Sector,2023-06-01,126.261383,Yahoo Finance monthly adjusted close
XLV,Health Care Select Sector SPDR,Sector,2023-07-01,128.137512,Yahoo Finance monthly adjusted close
XLV,Health Care Select Sector SPDR,Sector,2023-08-01,127.239647,Yahoo Finance monthly adjusted close
XLV,Health Care Select Sector SPDR,Sector,2023-09-01,122.969963,Yahoo Finance monthly adjusted close
XLV,Health Care Select Sector SPDR,Sector,2023-10-01,119.446152,Yahoo Finance monthly adjusted close
XLV,Health Care Select Sector SPDR,Sector,2023-11-01,125.939232,Yahoo Finance monthly adjusted close
XLV,Health Care Select Sector SPDR,Sector,2023-12-01,130.801880,Yahoo Finance monthly adjusted close
XLV,Health Care Select Sector SPDR,Sector,2024-01-01,135.241089,Yahoo Finance monthly adjusted close
XLV,Health Care Select Sector SPDR,Sector,2024-02-01,139.518555,Yahoo Finance monthly adjusted close
XLV,Health Care Select Sector SPDR,Sector,2024-03-01,142.322006,Yahoo Finance monthly adjusted close
XLV,Health Care Select Sector SPDR,Sector,2024-04-01,135.681107,Yahoo Finance monthly adjusted close
XLV,Health Care Select Sector SPDR,Sector,2024-05-01,138.939438,Yahoo Finance monthly adjusted close
XLV,Health Care Select Sector SPDR,Sector,2024-06-01,140.921539,Yahoo Finance monthly adjusted close
XLV,Health Care Select Sector SPDR,Sector,2024-07-01,145.239899,Yahoo Finance monthly adjusted close
XLV,Health Care Select Sector SPDR,Sector,2024-08-01,152.587769,Yahoo Finance monthly adjusted close
XLV,Health Care Select Sector SPDR,Sector,2024-09-01,149.501099,Yahoo Finance monthly adjusted close
XLV,Health Care Select Sector SPDR,Sector,2024-10-01,143.092560,Yahoo Finance monthly adjusted close
XLV,Health Care Select Sector SPDR,Sector,2024-11-01,143.618683,Yahoo Finance monthly adjusted close
XLV,Health Care Select Sector SPDR,Sector,2024-12-01,134.031784,Yahoo Finance monthly adjusted close
XLV,Health Care Select Sector SPDR,Sector,2025-01-01,143.740433,Yahoo Finance monthly adjusted close
XLV,Health Care Select Sector SPDR,Sector,2025-02-01,145.756546,Yahoo Finance monthly adjusted close
XLV,Health Care Select Sector SPDR,Sector,2025-03-01,142.898773,Yahoo Finance monthly adjusted close
XLV,Health Care Select Sector SPDR,Sector,2025-04-01,138.008713,Yahoo Finance monthly adjusted close
XLV,Health Care Select Sector SPDR,Sector,2025-05-01,130.315903,Yahoo Finance monthly adjusted close
XLV,Health Care Select Sector SPDR,Sector,2025-06-01,132.428223,Yahoo Finance monthly adjusted close
XLV,Health Care Select Sector SPDR,Sector,2025-07-01,128.756363,Yahoo Finance monthly adjusted close
XLV,Health Care Select Sector SPDR,Sector,2025-08-01,135.666534,Yahoo Finance monthly adjusted close
XLV,Health Care Select Sector SPDR,Sector,2025-09-01,137.384216,Yahoo Finance monthly adjusted close
XLV,Health Care Select Sector SPDR,Sector,2025-10-01,143.050262,Yahoo Finance monthly adjusted close
XLV,Health Care Select Sector SPDR,Sector,2025-11-01,156.338806,Yahoo Finance monthly adjusted close
XLV,Health Care Select Sector SPDR,Sector,2025-12-01,153.512512,Yahoo Finance monthly adjusted close
XLV,Health Care Select Sector SPDR,Sector,2026-01-01,154.106476,Yahoo Finance monthly adjusted close
XLV,Health Care Select Sector SPDR,Sector,2026-02-01,159.544113,Yahoo Finance monthly adjusted close
XLV,Health Care Select Sector SPDR,Sector,2026-03-01,146.009766,Yahoo Finance monthly adjusted close
XLV,Health Care Select Sector SPDR,Sector,2026-04-01,145.990005,Yahoo Finance monthly adjusted close
XLV,Health Care Select Sector SPDR,Sector,2026-05-01,149.889999,Yahoo Finance monthly adjusted close
XLV,Health Care Select Sector SPDR,Sector,2026-05-01,149.889999,Yahoo Finance monthly adjusted close
XLE,Energy Select Sector SPDR,Sector,1998-12-01,5.755893,Yahoo Finance monthly adjusted close
XLE,Energy Select Sector SPDR,Sector,1999-01-01,5.378333,Yahoo Finance monthly adjusted close
XLE,Energy Select Sector SPDR,Sector,1999-02-01,5.332098,Yahoo Finance monthly adjusted close
XLE,Energy Select Sector SPDR,Sector,1999-03-01,6.064106,Yahoo Finance monthly adjusted close
XLE,Energy Select Sector SPDR,Sector,1999-04-01,6.986808,Yahoo Finance monthly adjusted close
XLE,Energy Select Sector SPDR,Sector,1999-05-01,6.836011,Yahoo Finance monthly adjusted close
XLE,Energy Select Sector SPDR,Sector,1999-06-01,6.940411,Yahoo Finance monthly adjusted close
XLE,Energy Select Sector SPDR,Sector,1999-07-01,7.107691,Yahoo Finance monthly adjusted close
XLE,Energy Select Sector SPDR,Sector,1999-08-01,7.185412,Yahoo Finance monthly adjusted close
XLE,Energy Select Sector SPDR,Sector,1999-09-01,6.824008,Yahoo Finance monthly adjusted close
XLE,Energy Select Sector SPDR,Sector,1999-10-01,6.753455,Yahoo Finance monthly adjusted close
XLE,Energy Select Sector SPDR,Sector,1999-11-01,6.741745,Yahoo Finance monthly adjusted close
XLE,Energy Select Sector SPDR,Sector,1999-12-01,6.769074,Yahoo Finance monthly adjusted close
XLE,Energy Select Sector SPDR,Sector,2000-01-01,6.843849,Yahoo Finance monthly adjusted close
XLE,Energy Select Sector SPDR,Sector,2000-02-01,6.554121,Yahoo Finance monthly adjusted close
XLE,Energy Select Sector SPDR,Sector,2000-03-01,7.344998,Yahoo Finance monthly adjusted close
XLE,Energy Select Sector SPDR,Sector,2000-04-01,7.259618,Yahoo Finance monthly adjusted close
XLE,Energy Select Sector SPDR,Sector,2000-05-01,8.112068,Yahoo Finance monthly adjusted close
XLE,Energy Select Sector SPDR,Sector,2000-06-01,7.628879,Yahoo Finance monthly adjusted close
XLE,Energy Select Sector SPDR,Sector,2000-07-01,7.373668,Yahoo Finance monthly adjusted close
XLE,Energy Select Sector SPDR,Sector,2000-08-01,8.178929,Yahoo Finance monthly adjusted close
XLE,Energy Select Sector SPDR,Sector,2000-09-01,8.277613,Yahoo Finance monthly adjusted close
XLE,Energy Select Sector SPDR,Sector,2000-10-01,8.087426,Yahoo Finance monthly adjusted close
XLE,Energy Select Sector SPDR,Sector,2000-11-01,7.663236,Yahoo Finance monthly adjusted close
XLE,Energy Select Sector SPDR,Sector,2000-12-01,8.420438,Yahoo Finance monthly adjusted close
XLE,Energy Select Sector SPDR,Sector,2001-01-01,8.176497,Yahoo Finance monthly adjusted close
XLE,Energy Select Sector SPDR,Sector,2001-02-01,8.077253,Yahoo Finance monthly adjusted close
XLE,Energy Select Sector SPDR,Sector,2001-03-01,7.812593,Yahoo Finance monthly adjusted close
XLE,Energy Select Sector SPDR,Sector,2001-04-01,8.645441,Yahoo Finance monthly adjusted close
XLE,Energy Select Sector SPDR,Sector,2001-05-01,8.563759,Yahoo Finance monthly adjusted close
XLE,Energy Select Sector SPDR,Sector,2001-06-01,7.746946,Yahoo Finance monthly adjusted close
XLE,Energy Select Sector SPDR,Sector,2001-07-01,7.693573,Yahoo Finance monthly adjusted close
XLE,Energy Select Sector SPDR,Sector,2001-08-01,7.367880,Yahoo Finance monthly adjusted close
XLE,Energy Select Sector SPDR,Sector,2001-09-01,6.621605,Yahoo Finance monthly adjusted close
XLE,Energy Select Sector SPDR,Sector,2001-10-01,6.927058,Yahoo Finance monthly adjusted close
XLE,Energy Select Sector SPDR,Sector,2001-11-01,6.540215,Yahoo Finance monthly adjusted close
XLE,Energy Select Sector SPDR,Sector,2001-12-01,6.885796,Yahoo Finance monthly adjusted close
XLE,Energy Select Sector SPDR,Sector,2002-01-01,6.668156,Yahoo Finance monthly adjusted close
XLE,Energy Select Sector SPDR,Sector,2002-02-01,6.896041,Yahoo Finance monthly adjusted close
XLE,Energy Select Sector SPDR,Sector,2002-03-01,7.481287,Yahoo Finance monthly adjusted close
XLE,Energy Select Sector SPDR,Sector,2002-04-01,7.236283,Yahoo Finance monthly adjusted close
XLE,Energy Select Sector SPDR,Sector,2002-05-01,7.108964,Yahoo Finance monthly adjusted close
XLE,Energy Select Sector SPDR,Sector,2002-06-01,6.807564,Yahoo Finance monthly adjusted close
XLE,Energy Select Sector SPDR,Sector,2002-07-01,5.899721,Yahoo Finance monthly adjusted close
XLE,Energy Select Sector SPDR,Sector,2002-08-01,5.988596,Yahoo Finance monthly adjusted close
XLE,Energy Select Sector SPDR,Sector,2002-09-01,5.531151,Yahoo Finance monthly adjusted close
XLE,Energy Select Sector SPDR,Sector,2002-10-01,5.663778,Yahoo Finance monthly adjusted close
XLE,Energy Select Sector SPDR,Sector,2002-11-01,5.897687,Yahoo Finance monthly adjusted close
XLE,Energy Select Sector SPDR,Sector,2002-12-01,5.868776,Yahoo Finance monthly adjusted close
XLE,Energy Select Sector SPDR,Sector,2003-01-01,5.751118,Yahoo Finance monthly adjusted close
XLE,Energy Select Sector SPDR,Sector,2003-02-01,5.920189,Yahoo Finance monthly adjusted close
XLE,Energy Select Sector SPDR,Sector,2003-03-01,5.896418,Yahoo Finance monthly adjusted close
XLE,Energy Select Sector SPDR,Sector,2003-04-01,5.876961,Yahoo Finance monthly adjusted close
XLE,Energy Select Sector SPDR,Sector,2003-05-01,6.501041,Yahoo Finance monthly adjusted close
XLE,Energy Select Sector SPDR,Sector,2003-06-01,6.386846,Yahoo Finance monthly adjusted close
XLE,Energy Select Sector SPDR,Sector,2003-07-01,6.190741,Yahoo Finance monthly adjusted close
XLE,Energy Select Sector SPDR,Sector,2003-08-01,6.585667,Yahoo Finance monthly adjusted close
XLE,Energy Select Sector SPDR,Sector,2003-09-01,6.417556,Yahoo Finance monthly adjusted close
XLE,Energy Select Sector SPDR,Sector,2003-10-01,6.511554,Yahoo Finance monthly adjusted close
XLE,Energy Select Sector SPDR,Sector,2003-11-01,6.562510,Yahoo Finance monthly adjusted close
XLE,Energy Select Sector SPDR,Sector,2003-12-01,7.388522,Yahoo Finance monthly adjusted close
XLE,Energy Select Sector SPDR,Sector,2004-01-01,7.588721,Yahoo Finance monthly adjusted close
XLE,Energy Select Sector SPDR,Sector,2004-02-01,7.987421,Yahoo Finance monthly adjusted close
XLE,Energy Select Sector SPDR,Sector,2004-03-01,7.903909,Yahoo Finance monthly adjusted close
XLE,Energy Select Sector SPDR,Sector,2004-04-01,8.072751,Yahoo Finance monthly adjusted close
XLE,Energy Select Sector SPDR,Sector,2004-05-01,8.048408,Yahoo Finance monthly adjusted close
XLE,Energy Select Sector SPDR,Sector,2004-06-01,8.516434,Yahoo Finance monthly adjusted close
XLE,Energy Select Sector SPDR,Sector,2004-07-01,8.813817,Yahoo Finance monthly adjusted close
XLE,Energy Select Sector SPDR,Sector,2004-08-01,8.678008,Yahoo Finance monthly adjusted close
XLE,Energy Select Sector SPDR,Sector,2004-09-01,9.487412,Yahoo Finance monthly adjusted close
XLE,Energy Select Sector SPDR,Sector,2004-10-01,9.582507,Yahoo Finance monthly adjusted close
XLE,Energy Select Sector SPDR,Sector,2004-11-01,10.228791,Yahoo Finance monthly adjusted close
XLE,Energy Select Sector SPDR,Sector,2004-12-01,9.904288,Yahoo Finance monthly adjusted close
XLE,Energy Select Sector SPDR,Sector,2005-01-01,10.276903,Yahoo Finance monthly adjusted close
XLE,Energy Select Sector SPDR,Sector,2005-02-01,12.001122,Yahoo Finance monthly adjusted close
XLE,Energy Select Sector SPDR,Sector,2005-03-01,11.732907,Yahoo Finance monthly adjusted close
XLE,Energy Select Sector SPDR,Sector,2005-04-01,11.134912,Yahoo Finance monthly adjusted close
XLE,Energy Select Sector SPDR,Sector,2005-05-01,11.445211,Yahoo Finance monthly adjusted close
XLE,Energy Select Sector SPDR,Sector,2005-06-01,12.205842,Yahoo Finance monthly adjusted close
XLE,Energy Select Sector SPDR,Sector,2005-07-01,13.111680,Yahoo Finance monthly adjusted close
XLE,Energy Select Sector SPDR,Sector,2005-08-01,13.949062,Yahoo Finance monthly adjusted close
XLE,Energy Select Sector SPDR,Sector,2005-09-01,14.783696,Yahoo Finance monthly adjusted close
XLE,Energy Select Sector SPDR,Sector,2005-10-01,13.486176,Yahoo Finance monthly adjusted close
XLE,Energy Select Sector SPDR,Sector,2005-11-01,13.687832,Yahoo Finance monthly adjusted close
XLE,Energy Select Sector SPDR,Sector,2005-12-01,13.897780,Yahoo Finance monthly adjusted close
XLE,Energy Select Sector SPDR,Sector,2006-01-01,15.969851,Yahoo Finance monthly adjusted close
XLE,Energy Select Sector SPDR,Sector,2006-02-01,14.496400,Yahoo Finance monthly adjusted close
XLE,Energy Select Sector SPDR,Sector,2006-03-01,15.066943,Yahoo Finance monthly adjusted close
XLE,Energy Select Sector SPDR,Sector,2006-04-01,15.872718,Yahoo Finance monthly adjusted close
XLE,Energy Select Sector SPDR,Sector,2006-05-01,15.431037,Yahoo Finance monthly adjusted close
XLE,Energy Select Sector SPDR,Sector,2006-06-01,15.764380,Yahoo Finance monthly adjusted close
XLE,Energy Select Sector SPDR,Sector,2006-07-01,16.352463,Yahoo Finance monthly adjusted close
XLE,Energy Select Sector SPDR,Sector,2006-08-01,15.521589,Yahoo Finance monthly adjusted close
XLE,Energy Select Sector SPDR,Sector,2006-09-01,14.902625,Yahoo Finance monthly adjusted close
XLE,Energy Select Sector SPDR,Sector,2006-10-01,15.591547,Yahoo Finance monthly adjusted close
XLE,Energy Select Sector SPDR,Sector,2006-11-01,16.928843,Yahoo Finance monthly adjusted close
XLE,Energy Select Sector SPDR,Sector,2006-12-01,16.402880,Yahoo Finance monthly adjusted close
XLE,Energy Select Sector SPDR,Sector,2007-01-01,16.300365,Yahoo Finance monthly adjusted close
XLE,Energy Select Sector SPDR,Sector,2007-02-01,15.966452,Yahoo Finance monthly adjusted close
XLE,Energy Select Sector SPDR,Sector,2007-03-01,16.914900,Yahoo Finance monthly adjusted close
XLE,Energy Select Sector SPDR,Sector,2007-04-01,17.840303,Yahoo Finance monthly adjusted close
XLE,Energy Select Sector SPDR,Sector,2007-05-01,19.228230,Yahoo Finance monthly adjusted close
XLE,Energy Select Sector SPDR,Sector,2007-06-01,19.422478,Yahoo Finance monthly adjusted close
XLE,Energy Select Sector SPDR,Sector,2007-07-01,19.481707,Yahoo Finance monthly adjusted close
XLE,Energy Select Sector SPDR,Sector,2007-08-01,19.716049,Yahoo Finance monthly adjusted close
XLE,Energy Select Sector SPDR,Sector,2007-09-01,21.119299,Yahoo Finance monthly adjusted close
XLE,Energy Select Sector SPDR,Sector,2007-10-01,21.712742,Yahoo Finance monthly adjusted close
XLE,Energy Select Sector SPDR,Sector,2007-11-01,20.798355,Yahoo Finance monthly adjusted close
XLE,Energy Select Sector SPDR,Sector,2007-12-01,22.462900,Yahoo Finance monthly adjusted close
XLE,Energy Select Sector SPDR,Sector,2008-01-01,19.753542,Yahoo Finance monthly adjusted close
XLE,Energy Select Sector SPDR,Sector,2008-02-01,21.584143,Yahoo Finance monthly adjusted close
XLE,Energy Select Sector SPDR,Sector,2008-03-01,21.019356,Yahoo Finance monthly adjusted close
XLE,Energy Select Sector SPDR,Sector,2008-04-01,23.268707,Yahoo Finance monthly adjusted close
XLE,Energy Select Sector SPDR,Sector,2008-05-01,24.478386,Yahoo Finance monthly adjusted close
XLE,Energy Select Sector SPDR,Sector,2008-06-01,25.184286,Yahoo Finance monthly adjusted close
XLE,Energy Select Sector SPDR,Sector,2008-07-01,21.232569,Yahoo Finance monthly adjusted close
XLE,Energy Select Sector SPDR,Sector,2008-08-01,21.303923,Yahoo Finance monthly adjusted close
XLE,Energy Select Sector SPDR,Sector,2008-09-01,18.064817,Yahoo Finance monthly adjusted close
XLE,Energy Select Sector SPDR,Sector,2008-10-01,14.716048,Yahoo Finance monthly adjusted close
XLE,Energy Select Sector SPDR,Sector,2008-11-01,14.395394,Yahoo Finance monthly adjusted close
XLE,Energy Select Sector SPDR,Sector,2008-12-01,13.676764,Yahoo Finance monthly adjusted close
XLE,Energy Select Sector SPDR,Sector,2009-01-01,13.503091,Yahoo Finance monthly adjusted close
XLE,Energy Select Sector SPDR,Sector,2009-02-01,11.836791,Yahoo Finance monthly adjusted close
XLE,Energy Select Sector SPDR,Sector,2009-03-01,12.219547,Yahoo Finance monthly adjusted close
XLE,Energy Select Sector SPDR,Sector,2009-04-01,13.242728,Yahoo Finance monthly adjusted close
XLE,Energy Select Sector SPDR,Sector,2009-05-01,14.949408,Yahoo Finance monthly adjusted close
XLE,Energy Select Sector SPDR,Sector,2009-06-01,13.899370,Yahoo Finance monthly adjusted close
XLE,Energy Select Sector SPDR,Sector,2009-07-01,14.717612,Yahoo Finance monthly adjusted close
XLE,Energy Select Sector SPDR,Sector,2009-08-01,14.877522,Yahoo Finance monthly adjusted close
XLE,Energy Select Sector SPDR,Sector,2009-09-01,15.677084,Yahoo Finance monthly adjusted close
XLE,Energy Select Sector SPDR,Sector,2009-10-01,16.135134,Yahoo Finance monthly adjusted close
XLE,Energy Select Sector SPDR,Sector,2009-11-01,16.593637,Yahoo Finance monthly adjusted close
XLE,Energy Select Sector SPDR,Sector,2009-12-01,16.649122,Yahoo Finance monthly adjusted close
XLE,Energy Select Sector SPDR,Sector,2010-01-01,16.002729,Yahoo Finance monthly adjusted close
XLE,Energy Select Sector SPDR,Sector,2010-02-01,16.484278,Yahoo Finance monthly adjusted close
XLE,Energy Select Sector SPDR,Sector,2010-03-01,16.889484,Yahoo Finance monthly adjusted close
XLE,Energy Select Sector SPDR,Sector,2010-04-01,17.652855,Yahoo Finance monthly adjusted close
XLE,Energy Select Sector SPDR,Sector,2010-05-01,15.631510,Yahoo Finance monthly adjusted close
XLE,Energy Select Sector SPDR,Sector,2010-06-01,14.638518,Yahoo Finance monthly adjusted close
XLE,Energy Select Sector SPDR,Sector,2010-07-01,15.936627,Yahoo Finance monthly adjusted close
XLE,Energy Select Sector SPDR,Sector,2010-08-01,15.155181,Yahoo Finance monthly adjusted close
XLE,Energy Select Sector SPDR,Sector,2010-09-01,16.593750,Yahoo Finance monthly adjusted close
XLE,Energy Select Sector SPDR,Sector,2010-10-01,17.615641,Yahoo Finance monthly adjusted close
XLE,Energy Select Sector SPDR,Sector,2010-11-01,18.647478,Yahoo Finance monthly adjusted close
XLE,Energy Select Sector SPDR,Sector,2010-12-01,20.294859,Yahoo Finance monthly adjusted close
XLE,Energy Select Sector SPDR,Sector,2011-01-01,21.848684,Yahoo Finance monthly adjusted close
XLE,Energy Select Sector SPDR,Sector,2011-02-01,23.458588,Yahoo Finance monthly adjusted close
XLE,Energy Select Sector SPDR,Sector,2011-03-01,23.819988,Yahoo Finance monthly adjusted close
XLE,Energy Select Sector SPDR,Sector,2011-04-01,24.118961,Yahoo Finance monthly adjusted close
XLE,Energy Select Sector SPDR,Sector,2011-05-01,23.109013,Yahoo Finance monthly adjusted close
XLE,Energy Select Sector SPDR,Sector,2011-06-01,22.581558,Yahoo Finance monthly adjusted close
XLE,Energy Select Sector SPDR,Sector,2011-07-01,22.995689,Yahoo Finance monthly adjusted close
XLE,Energy Select Sector SPDR,Sector,2011-08-01,20.646494,Yahoo Finance monthly adjusted close
XLE,Energy Select Sector SPDR,Sector,2011-09-01,17.599451,Yahoo Finance monthly adjusted close
XLE,Energy Select Sector SPDR,Sector,2011-10-01,21.050676,Yahoo Finance monthly adjusted close
XLE,Energy Select Sector SPDR,Sector,2011-11-01,21.400963,Yahoo Finance monthly adjusted close
XLE,Energy Select Sector SPDR,Sector,2011-12-01,20.875528,Yahoo Finance monthly adjusted close
XLE,Energy Select Sector SPDR,Sector,2012-01-01,21.436964,Yahoo Finance monthly adjusted close
XLE,Energy Select Sector SPDR,Sector,2012-02-01,22.707592,Yahoo Finance monthly adjusted close
XLE,Energy Select Sector SPDR,Sector,2012-03-01,21.758413,Yahoo Finance monthly adjusted close
XLE,Energy Select Sector SPDR,Sector,2012-04-01,21.687193,Yahoo Finance monthly adjusted close
XLE,Energy Select Sector SPDR,Sector,2012-05-01,19.370529,Yahoo Finance monthly adjusted close
XLE,Energy Select Sector SPDR,Sector,2012-06-01,20.204659,Yahoo Finance monthly adjusted close
XLE,Energy Select Sector SPDR,Sector,2012-07-01,21.305580,Yahoo Finance monthly adjusted close
XLE,Energy Select Sector SPDR,Sector,2012-08-01,21.880661,Yahoo Finance monthly adjusted close
XLE,Energy Select Sector SPDR,Sector,2012-09-01,22.461859,Yahoo Finance monthly adjusted close
XLE,Energy Select Sector SPDR,Sector,2012-10-01,22.104603,Yahoo Finance monthly adjusted close
XLE,Energy Select Sector SPDR,Sector,2012-11-01,21.834219,Yahoo Finance monthly adjusted close
XLE,Energy Select Sector SPDR,Sector,2012-12-01,21.944828,Yahoo Finance monthly adjusted close
XLE,Energy Select Sector SPDR,Sector,2013-01-01,23.888012,Yahoo Finance monthly adjusted close
XLE,Energy Select Sector SPDR,Sector,2013-02-01,23.993013,Yahoo Finance monthly adjusted close
XLE,Energy Select Sector SPDR,Sector,2013-03-01,24.493326,Yahoo Finance monthly adjusted close
XLE,Energy Select Sector SPDR,Sector,2013-04-01,24.280460,Yahoo Finance monthly adjusted close
XLE,Energy Select Sector SPDR,Sector,2013-05-01,24.972239,Yahoo Finance monthly adjusted close
XLE,Energy Select Sector SPDR,Sector,2013-06-01,24.289770,Yahoo Finance monthly adjusted close
XLE,Energy Select Sector SPDR,Sector,2013-07-01,25.690382,Yahoo Finance monthly adjusted close
XLE,Energy Select Sector SPDR,Sector,2013-08-01,25.425438,Yahoo Finance monthly adjusted close
XLE,Energy Select Sector SPDR,Sector,2013-09-01,25.843132,Yahoo Finance monthly adjusted close
XLE,Energy Select Sector SPDR,Sector,2013-10-01,27.052736,Yahoo Finance monthly adjusted close
XLE,Energy Select Sector SPDR,Sector,2013-11-01,27.068399,Yahoo Finance monthly adjusted close
XLE,Energy Select Sector SPDR,Sector,2013-12-01,27.716614,Yahoo Finance monthly adjusted close
XLE,Energy Select Sector SPDR,Sector,2014-01-01,26.231796,Yahoo Finance monthly adjusted close
XLE,Energy Select Sector SPDR,Sector,2014-02-01,27.575159,Yahoo Finance monthly adjusted close
XLE,Energy Select Sector SPDR,Sector,2014-03-01,28.018744,Yahoo Finance monthly adjusted close
XLE,Energy Select Sector SPDR,Sector,2014-04-01,29.636143,Yahoo Finance monthly adjusted close
XLE,Energy Select Sector SPDR,Sector,2014-05-01,30.132500,Yahoo Finance monthly adjusted close
XLE,Energy Select Sector SPDR,Sector,2014-06-01,31.646870,Yahoo Finance monthly adjusted close
XLE,Energy Select Sector SPDR,Sector,2014-07-01,30.691681,Yahoo Finance monthly adjusted close
XLE,Energy Select Sector SPDR,Sector,2014-08-01,31.361853,Yahoo Finance monthly adjusted close
XLE,Energy Select Sector SPDR,Sector,2014-09-01,28.782780,Yahoo Finance monthly adjusted close
XLE,Energy Select Sector SPDR,Sector,2014-10-01,27.909252,Yahoo Finance monthly adjusted close
XLE,Energy Select Sector SPDR,Sector,2014-11-01,25.482925,Yahoo Finance monthly adjusted close
XLE,Energy Select Sector SPDR,Sector,2014-12-01,25.272217,Yahoo Finance monthly adjusted close
XLE,Energy Select Sector SPDR,Sector,2015-01-01,24.269535,Yahoo Finance monthly adjusted close
XLE,Energy Select Sector SPDR,Sector,2015-02-01,25.384224,Yahoo Finance monthly adjusted close
XLE,Energy Select Sector SPDR,Sector,2015-03-01,24.921650,Yahoo Finance monthly adjusted close
XLE,Energy Select Sector SPDR,Sector,2015-04-01,26.740433,Yahoo Finance monthly adjusted close
XLE,Energy Select Sector SPDR,Sector,2015-05-01,25.352951,Yahoo Finance monthly adjusted close
XLE,Energy Select Sector SPDR,Sector,2015-06-01,24.308298,Yahoo Finance monthly adjusted close
XLE,Energy Select Sector SPDR,Sector,2015-07-01,22.587994,Yahoo Finance monthly adjusted close
XLE,Energy Select Sector SPDR,Sector,2015-08-01,21.627567,Yahoo Finance monthly adjusted close
XLE,Energy Select Sector SPDR,Sector,2015-09-01,19.924843,Yahoo Finance monthly adjusted close
XLE,Energy Select Sector SPDR,Sector,2015-10-01,22.311850,Yahoo Finance monthly adjusted close
XLE,Energy Select Sector SPDR,Sector,2015-11-01,22.308567,Yahoo Finance monthly adjusted close
XLE,Energy Select Sector SPDR,Sector,2015-12-01,19.783197,Yahoo Finance monthly adjusted close
XLE,Energy Select Sector SPDR,Sector,2016-01-01,19.264099,Yahoo Finance monthly adjusted close
XLE,Energy Select Sector SPDR,Sector,2016-02-01,18.724670,Yahoo Finance monthly adjusted close
XLE,Energy Select Sector SPDR,Sector,2016-03-01,20.481962,Yahoo Finance monthly adjusted close
XLE,Energy Select Sector SPDR,Sector,2016-04-01,22.498035,Yahoo Finance monthly adjusted close
XLE,Energy Select Sector SPDR,Sector,2016-05-01,22.288061,Yahoo Finance monthly adjusted close
XLE,Energy Select Sector SPDR,Sector,2016-06-01,22.744686,Yahoo Finance monthly adjusted close
XLE,Energy Select Sector SPDR,Sector,2016-07-01,22.605915,Yahoo Finance monthly adjusted close
XLE,Energy Select Sector SPDR,Sector,2016-08-01,22.985037,Yahoo Finance monthly adjusted close
XLE,Energy Select Sector SPDR,Sector,2016-09-01,23.689590,Yahoo Finance monthly adjusted close
XLE,Energy Select Sector SPDR,Sector,2016-10-01,23.161091,Yahoo Finance monthly adjusted close
XLE,Energy Select Sector SPDR,Sector,2016-11-01,25.122128,Yahoo Finance monthly adjusted close
XLE,Energy Select Sector SPDR,Sector,2016-12-01,25.422514,Yahoo Finance monthly adjusted close
XLE,Energy Select Sector SPDR,Sector,2017-01-01,24.735790,Yahoo Finance monthly adjusted close
XLE,Energy Select Sector SPDR,Sector,2017-02-01,24.220037,Yahoo Finance monthly adjusted close
XLE,Energy Select Sector SPDR,Sector,2017-03-01,23.717852,Yahoo Finance monthly adjusted close
XLE,Energy Select Sector SPDR,Sector,2017-04-01,23.156956,Yahoo Finance monthly adjusted close
XLE,Energy Select Sector SPDR,Sector,2017-05-01,22.337721,Yahoo Finance monthly adjusted close
XLE,Energy Select Sector SPDR,Sector,2017-06-01,22.160215,Yahoo Finance monthly adjusted close
XLE,Energy Select Sector SPDR,Sector,2017-07-01,22.897062,Yahoo Finance monthly adjusted close
XLE,Energy Select Sector SPDR,Sector,2017-08-01,21.642574,Yahoo Finance monthly adjusted close
XLE,Energy Select Sector SPDR,Sector,2017-09-01,23.536335,Yahoo Finance monthly adjusted close
XLE,Energy Select Sector SPDR,Sector,2017-10-01,23.647793,Yahoo Finance monthly adjusted close
XLE,Energy Select Sector SPDR,Sector,2017-11-01,24.062187,Yahoo Finance monthly adjusted close
XLE,Energy Select Sector SPDR,Sector,2017-12-01,25.162565,Yahoo Finance monthly adjusted close
XLE,Energy Select Sector SPDR,Sector,2018-01-01,26.238024,Yahoo Finance monthly adjusted close
XLE,Energy Select Sector SPDR,Sector,2018-02-01,23.395130,Yahoo Finance monthly adjusted close
XLE,Energy Select Sector SPDR,Sector,2018-03-01,23.629993,Yahoo Finance monthly adjusted close
XLE,Energy Select Sector SPDR,Sector,2018-04-01,26.057673,Yahoo Finance monthly adjusted close
XLE,Energy Select Sector SPDR,Sector,2018-05-01,26.837879,Yahoo Finance monthly adjusted close
XLE,Energy Select Sector SPDR,Sector,2018-06-01,26.809643,Yahoo Finance monthly adjusted close
XLE,Energy Select Sector SPDR,Sector,2018-07-01,27.410139,Yahoo Finance monthly adjusted close
XLE,Energy Select Sector SPDR,Sector,2018-08-01,26.457605,Yahoo Finance monthly adjusted close
XLE,Energy Select Sector SPDR,Sector,2018-09-01,26.919647,Yahoo Finance monthly adjusted close
XLE,Energy Select Sector SPDR,Sector,2018-10-01,24.034264,Yahoo Finance monthly adjusted close
XLE,Energy Select Sector SPDR,Sector,2018-11-01,23.658501,Yahoo Finance monthly adjusted close
XLE,Energy Select Sector SPDR,Sector,2018-12-01,20.523603,Yahoo Finance monthly adjusted close
XLE,Energy Select Sector SPDR,Sector,2019-01-01,23.038181,Yahoo Finance monthly adjusted close
XLE,Energy Select Sector SPDR,Sector,2019-02-01,23.569157,Yahoo Finance monthly adjusted close
XLE,Energy Select Sector SPDR,Sector,2019-03-01,23.883423,Yahoo Finance monthly adjusted close
XLE,Energy Select Sector SPDR,Sector,2019-04-01,24.067095,Yahoo Finance monthly adjusted close
XLE,Energy Select Sector SPDR,Sector,2019-05-01,21.394999,Yahoo Finance monthly adjusted close
XLE,Energy Select Sector SPDR,Sector,2019-06-01,23.193388,Yahoo Finance monthly adjusted close
XLE,Energy Select Sector SPDR,Sector,2019-07-01,23.034044,Yahoo Finance monthly adjusted close
XLE,Energy Select Sector SPDR,Sector,2019-08-01,21.116383,Yahoo Finance monthly adjusted close
XLE,Energy Select Sector SPDR,Sector,2019-09-01,21.748253,Yahoo Finance monthly adjusted close
XLE,Energy Select Sector SPDR,Sector,2019-10-01,21.487452,Yahoo Finance monthly adjusted close
XLE,Energy Select Sector SPDR,Sector,2019-11-01,21.832233,Yahoo Finance monthly adjusted close
XLE,Energy Select Sector SPDR,Sector,2019-12-01,22.258572,Yahoo Finance monthly adjusted close
XLE,Energy Select Sector SPDR,Sector,2020-01-01,20.603319,Yahoo Finance monthly adjusted close
XLE,Energy Select Sector SPDR,Sector,2020-02-01,17.453453,Yahoo Finance monthly adjusted close
XLE,Energy Select Sector SPDR,Sector,2020-03-01,11.203825,Yahoo Finance monthly adjusted close
XLE,Energy Select Sector SPDR,Sector,2020-04-01,14.978403,Yahoo Finance monthly adjusted close
XLE,Energy Select Sector SPDR,Sector,2020-05-01,15.277966,Yahoo Finance monthly adjusted close
XLE,Energy Select Sector SPDR,Sector,2020-06-01,14.919273,Yahoo Finance monthly adjusted close
XLE,Energy Select Sector SPDR,Sector,2020-07-01,14.384003,Yahoo Finance monthly adjusted close
XLE,Energy Select Sector SPDR,Sector,2020-08-01,14.232301,Yahoo Finance monthly adjusted close
XLE,Energy Select Sector SPDR,Sector,2020-09-01,11.956729,Yahoo Finance monthly adjusted close
XLE,Energy Select Sector SPDR,Sector,2020-10-01,11.654318,Yahoo Finance monthly adjusted close
XLE,Energy Select Sector SPDR,Sector,2020-11-01,14.916875,Yahoo Finance monthly adjusted close
XLE,Energy Select Sector SPDR,Sector,2020-12-01,15.379477,Yahoo Finance monthly adjusted close
XLE,Energy Select Sector SPDR,Sector,2021-01-01,16.169098,Yahoo Finance monthly adjusted close
XLE,Energy Select Sector SPDR,Sector,2021-02-01,19.800159,Yahoo Finance monthly adjusted close
XLE,Energy Select Sector SPDR,Sector,2021-03-01,20.174368,Yahoo Finance monthly adjusted close
XLE,Energy Select Sector SPDR,Sector,2021-04-01,20.525562,Yahoo Finance monthly adjusted close
XLE,Energy Select Sector SPDR,Sector,2021-05-01,21.697498,Yahoo Finance monthly adjusted close
XLE,Energy Select Sector SPDR,Sector,2021-06-01,22.387365,Yahoo Finance monthly adjusted close
XLE,Energy Select Sector SPDR,Sector,2021-07-01,20.735331,Yahoo Finance monthly adjusted close
XLE,Energy Select Sector SPDR,Sector,2021-08-01,20.319696,Yahoo Finance monthly adjusted close
XLE,Energy Select Sector SPDR,Sector,2021-09-01,21.868864,Yahoo Finance monthly adjusted close
XLE,Energy Select Sector SPDR,Sector,2021-10-01,24.420668,Yahoo Finance monthly adjusted close
XLE,Energy Select Sector SPDR,Sector,2021-11-01,23.196873,Yahoo Finance monthly adjusted close
XLE,Energy Select Sector SPDR,Sector,2021-12-01,23.583557,Yahoo Finance monthly adjusted close
XLE,Energy Select Sector SPDR,Sector,2022-01-01,28.374018,Yahoo Finance monthly adjusted close
XLE,Energy Select Sector SPDR,Sector,2022-02-01,30.379827,Yahoo Finance monthly adjusted close
XLE,Energy Select Sector SPDR,Sector,2022-03-01,32.902161,Yahoo Finance monthly adjusted close
XLE,Energy Select Sector SPDR,Sector,2022-04-01,32.656315,Yahoo Finance monthly adjusted close
XLE,Energy Select Sector SPDR,Sector,2022-05-01,37.892616,Yahoo Finance monthly adjusted close
XLE,Energy Select Sector SPDR,Sector,2022-06-01,31.074554,Yahoo Finance monthly adjusted close
XLE,Energy Select Sector SPDR,Sector,2022-07-01,34.459438,Yahoo Finance monthly adjusted close
XLE,Energy Select Sector SPDR,Sector,2022-08-01,35.373425,Yahoo Finance monthly adjusted close
XLE,Energy Select Sector SPDR,Sector,2022-09-01,31.647141,Yahoo Finance monthly adjusted close
XLE,Energy Select Sector SPDR,Sector,2022-10-01,39.979122,Yahoo Finance monthly adjusted close
XLE,Energy Select Sector SPDR,Sector,2022-11-01,40.489967,Yahoo Finance monthly adjusted close
XLE,Energy Select Sector SPDR,Sector,2022-12-01,38.855270,Yahoo Finance monthly adjusted close
XLE,Energy Select Sector SPDR,Sector,2023-01-01,40.359478,Yahoo Finance monthly adjusted close
XLE,Energy Select Sector SPDR,Sector,2023-02-01,37.559040,Yahoo Finance monthly adjusted close
XLE,Energy Select Sector SPDR,Sector,2023-03-01,37.173080,Yahoo Finance monthly adjusted close
XLE,Energy Select Sector SPDR,Sector,2023-04-01,38.604023,Yahoo Finance monthly adjusted close
XLE,Energy Select Sector SPDR,Sector,2023-05-01,34.731377,Yahoo Finance monthly adjusted close
XLE,Energy Select Sector SPDR,Sector,2023-06-01,36.808273,Yahoo Finance monthly adjusted close
XLE,Energy Select Sector SPDR,Sector,2023-07-01,40.019089,Yahoo Finance monthly adjusted close
XLE,Energy Select Sector SPDR,Sector,2023-08-01,40.677834,Yahoo Finance monthly adjusted close
XLE,Energy Select Sector SPDR,Sector,2023-09-01,41.350315,Yahoo Finance monthly adjusted close
XLE,Energy Select Sector SPDR,Sector,2023-10-01,39.259083,Yahoo Finance monthly adjusted close
XLE,Energy Select Sector SPDR,Sector,2023-11-01,38.977962,Yahoo Finance monthly adjusted close
XLE,Energy Select Sector SPDR,Sector,2023-12-01,38.636940,Yahoo Finance monthly adjusted close
XLE,Energy Select Sector SPDR,Sector,2024-01-01,38.807983,Yahoo Finance monthly adjusted close
XLE,Energy Select Sector SPDR,Sector,2024-02-01,40.078163,Yahoo Finance monthly adjusted close
XLE,Energy Select Sector SPDR,Sector,2024-03-01,43.925934,Yahoo Finance monthly adjusted close
XLE,Energy Select Sector SPDR,Sector,2024-04-01,43.863476,Yahoo Finance monthly adjusted close
XLE,Energy Select Sector SPDR,Sector,2024-05-01,43.713390,Yahoo Finance monthly adjusted close
XLE,Energy Select Sector SPDR,Sector,2024-06-01,42.751884,Yahoo Finance monthly adjusted close
XLE,Energy Select Sector SPDR,Sector,2024-07-01,44.069157,Yahoo Finance monthly adjusted close
XLE,Energy Select Sector SPDR,Sector,2024-08-01,43.156666,Yahoo Finance monthly adjusted close
XLE,Energy Select Sector SPDR,Sector,2024-09-01,41.511341,Yahoo Finance monthly adjusted close
XLE,Energy Select Sector SPDR,Sector,2024-10-01,42.230740,Yahoo Finance monthly adjusted close
XLE,Energy Select Sector SPDR,Sector,2024-11-01,45.539028,Yahoo Finance monthly adjusted close
XLE,Energy Select Sector SPDR,Sector,2024-12-01,40.834023,Yahoo Finance monthly adjusted close
XLE,Energy Select Sector SPDR,Sector,2025-01-01,42.128365,Yahoo Finance monthly adjusted close
XLE,Energy Select Sector SPDR,Sector,2025-02-01,43.743515,Yahoo Finance monthly adjusted close
XLE,Energy Select Sector SPDR,Sector,2025-03-01,44.921223,Yahoo Finance monthly adjusted close
XLE,Energy Select Sector SPDR,Sector,2025-04-01,38.997986,Yahoo Finance monthly adjusted close
XLE,Energy Select Sector SPDR,Sector,2025-05-01,39.496967,Yahoo Finance monthly adjusted close
XLE,Energy Select Sector SPDR,Sector,2025-06-01,41.085953,Yahoo Finance monthly adjusted close
XLE,Energy Select Sector SPDR,Sector,2025-07-01,42.592316,Yahoo Finance monthly adjusted close
XLE,Energy Select Sector SPDR,Sector,2025-08-01,44.145390,Yahoo Finance monthly adjusted close
XLE,Energy Select Sector SPDR,Sector,2025-09-01,43.632576,Yahoo Finance monthly adjusted close
XLE,Energy Select Sector SPDR,Sector,2025-10-01,43.408924,Yahoo Finance monthly adjusted close
XLE,Energy Select Sector SPDR,Sector,2025-11-01,44.551655,Yahoo Finance monthly adjusted close
XLE,Energy Select Sector SPDR,Sector,2025-12-01,44.044323,Yahoo Finance monthly adjusted close
XLE,Energy Select Sector SPDR,Sector,2026-01-01,50.718616,Yahoo Finance monthly adjusted close
XLE,Energy Select Sector SPDR,Sector,2026-02-01,55.557003,Yahoo Finance monthly adjusted close
XLE,Energy Select Sector SPDR,Sector,2026-03-01,60.862343,Yahoo Finance monthly adjusted close
XLE,Energy Select Sector SPDR,Sector,2026-04-01,59.650002,Yahoo Finance monthly adjusted close
XLE,Energy Select Sector SPDR,Sector,2026-05-01,59.490002,Yahoo Finance monthly adjusted close
XLE,Energy Select Sector SPDR,Sector,2026-05-01,59.490002,Yahoo Finance monthly adjusted close
XLU,Utilities Select Sector SPDR,Sector,1998-12-01,5.911738,Yahoo Finance monthly adjusted close
XLU,Utilities Select Sector SPDR,Sector,1999-01-01,5.765090,Yahoo Finance monthly adjusted close
XLU,Utilities Select Sector SPDR,Sector,1999-02-01,5.606224,Yahoo Finance monthly adjusted close
XLU,Utilities Select Sector SPDR,Sector,1999-03-01,5.218216,Yahoo Finance monthly adjusted close
XLU,Utilities Select Sector SPDR,Sector,1999-04-01,5.759957,Yahoo Finance monthly adjusted close
XLU,Utilities Select Sector SPDR,Sector,1999-05-01,5.827614,Yahoo Finance monthly adjusted close
XLU,Utilities Select Sector SPDR,Sector,1999-06-01,6.030581,Yahoo Finance monthly adjusted close
XLU,Utilities Select Sector SPDR,Sector,1999-07-01,6.086140,Yahoo Finance monthly adjusted close
XLU,Utilities Select Sector SPDR,Sector,1999-08-01,5.795292,Yahoo Finance monthly adjusted close
XLU,Utilities Select Sector SPDR,Sector,1999-09-01,5.897397,Yahoo Finance monthly adjusted close
XLU,Utilities Select Sector SPDR,Sector,1999-10-01,5.973857,Yahoo Finance monthly adjusted close
XLU,Utilities Select Sector SPDR,Sector,1999-11-01,5.777434,Yahoo Finance monthly adjusted close
XLU,Utilities Select Sector SPDR,Sector,1999-12-01,5.615302,Yahoo Finance monthly adjusted close
XLU,Utilities Select Sector SPDR,Sector,2000-01-01,5.550708,Yahoo Finance monthly adjusted close
XLU,Utilities Select Sector SPDR,Sector,2000-02-01,4.876089,Yahoo Finance monthly adjusted close
XLU,Utilities Select Sector SPDR,Sector,2000-03-01,5.368720,Yahoo Finance monthly adjusted close
XLU,Utilities Select Sector SPDR,Sector,2000-04-01,5.762788,Yahoo Finance monthly adjusted close
XLU,Utilities Select Sector SPDR,Sector,2000-05-01,5.750144,Yahoo Finance monthly adjusted close
XLU,Utilities Select Sector SPDR,Sector,2000-06-01,5.513056,Yahoo Finance monthly adjusted close
XLU,Utilities Select Sector SPDR,Sector,2000-07-01,5.640823,Yahoo Finance monthly adjusted close
XLU,Utilities Select Sector SPDR,Sector,2000-08-01,5.860593,Yahoo Finance monthly adjusted close
XLU,Utilities Select Sector SPDR,Sector,2000-09-01,6.580430,Yahoo Finance monthly adjusted close
XLU,Utilities Select Sector SPDR,Sector,2000-10-01,7.020416,Yahoo Finance monthly adjusted close
XLU,Utilities Select Sector SPDR,Sector,2000-11-01,7.017203,Yahoo Finance monthly adjusted close
XLU,Utilities Select Sector SPDR,Sector,2000-12-01,6.821300,Yahoo Finance monthly adjusted close
XLU,Utilities Select Sector SPDR,Sector,2001-01-01,6.531968,Yahoo Finance monthly adjusted close
XLU,Utilities Select Sector SPDR,Sector,2001-02-01,6.667531,Yahoo Finance monthly adjusted close
XLU,Utilities Select Sector SPDR,Sector,2001-03-01,6.525717,Yahoo Finance monthly adjusted close
XLU,Utilities Select Sector SPDR,Sector,2001-04-01,6.889101,Yahoo Finance monthly adjusted close
XLU,Utilities Select Sector SPDR,Sector,2001-05-01,6.937408,Yahoo Finance monthly adjusted close
XLU,Utilities Select Sector SPDR,Sector,2001-06-01,6.542544,Yahoo Finance monthly adjusted close
XLU,Utilities Select Sector SPDR,Sector,2001-07-01,6.530089,Yahoo Finance monthly adjusted close
XLU,Utilities Select Sector SPDR,Sector,2001-08-01,6.297403,Yahoo Finance monthly adjusted close
XLU,Utilities Select Sector SPDR,Sector,2001-09-01,6.189517,Yahoo Finance monthly adjusted close
XLU,Utilities Select Sector SPDR,Sector,2001-10-01,5.908938,Yahoo Finance monthly adjusted close
XLU,Utilities Select Sector SPDR,Sector,2001-11-01,5.834329,Yahoo Finance monthly adjusted close
XLU,Utilities Select Sector SPDR,Sector,2001-12-01,5.975019,Yahoo Finance monthly adjusted close
XLU,Utilities Select Sector SPDR,Sector,2002-01-01,5.804339,Yahoo Finance monthly adjusted close
XLU,Utilities Select Sector SPDR,Sector,2002-02-01,5.793598,Yahoo Finance monthly adjusted close
XLU,Utilities Select Sector SPDR,Sector,2002-03-01,6.053527,Yahoo Finance monthly adjusted close
XLU,Utilities Select Sector SPDR,Sector,2002-04-01,5.732212,Yahoo Finance monthly adjusted close
XLU,Utilities Select Sector SPDR,Sector,2002-05-01,5.684573,Yahoo Finance monthly adjusted close
XLU,Utilities Select Sector SPDR,Sector,2002-06-01,5.251460,Yahoo Finance monthly adjusted close
XLU,Utilities Select Sector SPDR,Sector,2002-07-01,4.521658,Yahoo Finance monthly adjusted close
XLU,Utilities Select Sector SPDR,Sector,2002-08-01,4.700948,Yahoo Finance monthly adjusted close
XLU,Utilities Select Sector SPDR,Sector,2002-09-01,4.082173,Yahoo Finance monthly adjusted close
XLU,Utilities Select Sector SPDR,Sector,2002-10-01,4.036755,Yahoo Finance monthly adjusted close
XLU,Utilities Select Sector SPDR,Sector,2002-11-01,4.154050,Yahoo Finance monthly adjusted close
XLU,Utilities Select Sector SPDR,Sector,2002-12-01,4.238150,Yahoo Finance monthly adjusted close
XLU,Utilities Select Sector SPDR,Sector,2003-01-01,4.187866,Yahoo Finance monthly adjusted close
XLU,Utilities Select Sector SPDR,Sector,2003-02-01,3.963916,Yahoo Finance monthly adjusted close
XLU,Utilities Select Sector SPDR,Sector,2003-03-01,4.120681,Yahoo Finance monthly adjusted close
XLU,Utilities Select Sector SPDR,Sector,2003-04-01,4.524607,Yahoo Finance monthly adjusted close
XLU,Utilities Select Sector SPDR,Sector,2003-05-01,4.981822,Yahoo Finance monthly adjusted close
XLU,Utilities Select Sector SPDR,Sector,2003-06-01,5.006718,Yahoo Finance monthly adjusted close
XLU,Utilities Select Sector SPDR,Sector,2003-07-01,4.711578,Yahoo Finance monthly adjusted close
XLU,Utilities Select Sector SPDR,Sector,2003-08-01,4.805167,Yahoo Finance monthly adjusted close
XLU,Utilities Select Sector SPDR,Sector,2003-09-01,4.999202,Yahoo Finance monthly adjusted close
XLU,Utilities Select Sector SPDR,Sector,2003-10-01,5.078644,Yahoo Finance monthly adjusted close
XLU,Utilities Select Sector SPDR,Sector,2003-11-01,5.090162,Yahoo Finance monthly adjusted close
XLU,Utilities Select Sector SPDR,Sector,2003-12-01,5.373458,Yahoo Finance monthly adjusted close
XLU,Utilities Select Sector SPDR,Sector,2004-01-01,5.535257,Yahoo Finance monthly adjusted close
XLU,Utilities Select Sector SPDR,Sector,2004-02-01,5.639872,Yahoo Finance monthly adjusted close
XLU,Utilities Select Sector SPDR,Sector,2004-03-01,5.653820,Yahoo Finance monthly adjusted close
XLU,Utilities Select Sector SPDR,Sector,2004-04-01,5.456249,Yahoo Finance monthly adjusted close
XLU,Utilities Select Sector SPDR,Sector,2004-05-01,5.521873,Yahoo Finance monthly adjusted close
XLU,Utilities Select Sector SPDR,Sector,2004-06-01,5.568748,Yahoo Finance monthly adjusted close
XLU,Utilities Select Sector SPDR,Sector,2004-07-01,5.702620,Yahoo Finance monthly adjusted close
XLU,Utilities Select Sector SPDR,Sector,2004-08-01,5.934315,Yahoo Finance monthly adjusted close
XLU,Utilities Select Sector SPDR,Sector,2004-09-01,5.922494,Yahoo Finance monthly adjusted close
XLU,Utilities Select Sector SPDR,Sector,2004-10-01,6.262835,Yahoo Finance monthly adjusted close
XLU,Utilities Select Sector SPDR,Sector,2004-11-01,6.541767,Yahoo Finance monthly adjusted close
XLU,Utilities Select Sector SPDR,Sector,2004-12-01,6.639513,Yahoo Finance monthly adjusted close
XLU,Utilities Select Sector SPDR,Sector,2005-01-01,6.844888,Yahoo Finance monthly adjusted close
XLU,Utilities Select Sector SPDR,Sector,2005-02-01,6.991705,Yahoo Finance monthly adjusted close
XLU,Utilities Select Sector SPDR,Sector,2005-03-01,7.015769,Yahoo Finance monthly adjusted close
XLU,Utilities Select Sector SPDR,Sector,2005-04-01,7.287274,Yahoo Finance monthly adjusted close
XLU,Utilities Select Sector SPDR,Sector,2005-05-01,7.282427,Yahoo Finance monthly adjusted close
XLU,Utilities Select Sector SPDR,Sector,2005-06-01,7.653461,Yahoo Finance monthly adjusted close
XLU,Utilities Select Sector SPDR,Sector,2005-07-01,7.889566,Yahoo Finance monthly adjusted close
XLU,Utilities Select Sector SPDR,Sector,2005-08-01,7.940902,Yahoo Finance monthly adjusted close
XLU,Utilities Select Sector SPDR,Sector,2005-09-01,8.214733,Yahoo Finance monthly adjusted close
XLU,Utilities Select Sector SPDR,Sector,2005-10-01,7.747066,Yahoo Finance monthly adjusted close
XLU,Utilities Select Sector SPDR,Sector,2005-11-01,7.734745,Yahoo Finance monthly adjusted close
XLU,Utilities Select Sector SPDR,Sector,2005-12-01,7.732285,Yahoo Finance monthly adjusted close
XLU,Utilities Select Sector SPDR,Sector,2006-01-01,7.990080,Yahoo Finance monthly adjusted close
XLU,Utilities Select Sector SPDR,Sector,2006-02-01,8.094460,Yahoo Finance monthly adjusted close
XLU,Utilities Select Sector SPDR,Sector,2006-03-01,7.662029,Yahoo Finance monthly adjusted close
XLU,Utilities Select Sector SPDR,Sector,2006-04-01,7.842255,Yahoo Finance monthly adjusted close
XLU,Utilities Select Sector SPDR,Sector,2006-05-01,7.969954,Yahoo Finance monthly adjusted close
XLU,Utilities Select Sector SPDR,Sector,2006-06-01,8.085133,Yahoo Finance monthly adjusted close
XLU,Utilities Select Sector SPDR,Sector,2006-07-01,8.544175,Yahoo Finance monthly adjusted close
XLU,Utilities Select Sector SPDR,Sector,2006-08-01,8.778988,Yahoo Finance monthly adjusted close
XLU,Utilities Select Sector SPDR,Sector,2006-09-01,8.582051,Yahoo Finance monthly adjusted close
XLU,Utilities Select Sector SPDR,Sector,2006-10-01,9.109444,Yahoo Finance monthly adjusted close
XLU,Utilities Select Sector SPDR,Sector,2006-11-01,9.351246,Yahoo Finance monthly adjusted close
XLU,Utilities Select Sector SPDR,Sector,2006-12-01,9.346150,Yahoo Finance monthly adjusted close
XLU,Utilities Select Sector SPDR,Sector,2007-01-01,9.397698,Yahoo Finance monthly adjusted close
XLU,Utilities Select Sector SPDR,Sector,2007-02-01,9.895962,Yahoo Finance monthly adjusted close
XLU,Utilities Select Sector SPDR,Sector,2007-03-01,10.196465,Yahoo Finance monthly adjusted close
XLU,Utilities Select Sector SPDR,Sector,2007-04-01,10.755045,Yahoo Finance monthly adjusted close
XLU,Utilities Select Sector SPDR,Sector,2007-05-01,10.804105,Yahoo Finance monthly adjusted close
XLU,Utilities Select Sector SPDR,Sector,2007-06-01,10.220519,Yahoo Finance monthly adjusted close
XLU,Utilities Select Sector SPDR,Sector,2007-07-01,9.880391,Yahoo Finance monthly adjusted close
XLU,Utilities Select Sector SPDR,Sector,2007-08-01,10.036398,Yahoo Finance monthly adjusted close
XLU,Utilities Select Sector SPDR,Sector,2007-09-01,10.348413,Yahoo Finance monthly adjusted close
XLU,Utilities Select Sector SPDR,Sector,2007-10-01,11.115307,Yahoo Finance monthly adjusted close
XLU,Utilities Select Sector SPDR,Sector,2007-11-01,11.188621,Yahoo Finance monthly adjusted close
XLU,Utilities Select Sector SPDR,Sector,2007-12-01,11.083889,Yahoo Finance monthly adjusted close
XLU,Utilities Select Sector SPDR,Sector,2008-01-01,10.347801,Yahoo Finance monthly adjusted close
XLU,Utilities Select Sector SPDR,Sector,2008-02-01,9.923021,Yahoo Finance monthly adjusted close
XLU,Utilities Select Sector SPDR,Sector,2008-03-01,10.010082,Yahoo Finance monthly adjusted close
XLU,Utilities Select Sector SPDR,Sector,2008-04-01,10.597857,Yahoo Finance monthly adjusted close
XLU,Utilities Select Sector SPDR,Sector,2008-05-01,10.977870,Yahoo Finance monthly adjusted close
XLU,Utilities Select Sector SPDR,Sector,2008-06-01,10.815764,Yahoo Finance monthly adjusted close
XLU,Utilities Select Sector SPDR,Sector,2008-07-01,10.194535,Yahoo Finance monthly adjusted close
XLU,Utilities Select Sector SPDR,Sector,2008-08-01,10.082095,Yahoo Finance monthly adjusted close
XLU,Utilities Select Sector SPDR,Sector,2008-09-01,8.896120,Yahoo Finance monthly adjusted close
XLU,Utilities Select Sector SPDR,Sector,2008-10-01,7.808070,Yahoo Finance monthly adjusted close
XLU,Utilities Select Sector SPDR,Sector,2008-11-01,8.134871,Yahoo Finance monthly adjusted close
XLU,Utilities Select Sector SPDR,Sector,2008-12-01,7.840480,Yahoo Finance monthly adjusted close
XLU,Utilities Select Sector SPDR,Sector,2009-01-01,7.925879,Yahoo Finance monthly adjusted close
XLU,Utilities Select Sector SPDR,Sector,2009-02-01,6.933095,Yahoo Finance monthly adjusted close
XLU,Utilities Select Sector SPDR,Sector,2009-03-01,6.987792,Yahoo Finance monthly adjusted close
XLU,Utilities Select Sector SPDR,Sector,2009-04-01,7.147937,Yahoo Finance monthly adjusted close
XLU,Utilities Select Sector SPDR,Sector,2009-05-01,7.402334,Yahoo Finance monthly adjusted close
XLU,Utilities Select Sector SPDR,Sector,2009-06-01,7.712029,Yahoo Finance monthly adjusted close
XLU,Utilities Select Sector SPDR,Sector,2009-07-01,8.093614,Yahoo Finance monthly adjusted close
XLU,Utilities Select Sector SPDR,Sector,2009-08-01,8.174716,Yahoo Finance monthly adjusted close
XLU,Utilities Select Sector SPDR,Sector,2009-09-01,8.202687,Yahoo Finance monthly adjusted close
XLU,Utilities Select Sector SPDR,Sector,2009-10-01,8.021758,Yahoo Finance monthly adjusted close
XLU,Utilities Select Sector SPDR,Sector,2009-11-01,8.408861,Yahoo Finance monthly adjusted close
XLU,Utilities Select Sector SPDR,Sector,2009-12-01,8.764879,Yahoo Finance monthly adjusted close
XLU,Utilities Select Sector SPDR,Sector,2010-01-01,8.442934,Yahoo Finance monthly adjusted close
XLU,Utilities Select Sector SPDR,Sector,2010-02-01,8.331428,Yahoo Finance monthly adjusted close
XLU,Utilities Select Sector SPDR,Sector,2010-03-01,8.480102,Yahoo Finance monthly adjusted close
XLU,Utilities Select Sector SPDR,Sector,2010-04-01,8.780585,Yahoo Finance monthly adjusted close
XLU,Utilities Select Sector SPDR,Sector,2010-05-01,8.295984,Yahoo Finance monthly adjusted close
XLU,Utilities Select Sector SPDR,Sector,2010-06-01,8.151755,Yahoo Finance monthly adjusted close
XLU,Utilities Select Sector SPDR,Sector,2010-07-01,8.852799,Yahoo Finance monthly adjusted close
XLU,Utilities Select Sector SPDR,Sector,2010-08-01,8.981055,Yahoo Finance monthly adjusted close
XLU,Utilities Select Sector SPDR,Sector,2010-09-01,9.147212,Yahoo Finance monthly adjusted close
XLU,Utilities Select Sector SPDR,Sector,2010-10-01,9.341171,Yahoo Finance monthly adjusted close
XLU,Utilities Select Sector SPDR,Sector,2010-11-01,9.058459,Yahoo Finance monthly adjusted close
XLU,Utilities Select Sector SPDR,Sector,2010-12-01,9.229265,Yahoo Finance monthly adjusted close
XLU,Utilities Select Sector SPDR,Sector,2011-01-01,9.453004,Yahoo Finance monthly adjusted close
XLU,Utilities Select Sector SPDR,Sector,2011-02-01,9.569226,Yahoo Finance monthly adjusted close
XLU,Utilities Select Sector SPDR,Sector,2011-03-01,9.497704,Yahoo Finance monthly adjusted close
XLU,Utilities Select Sector SPDR,Sector,2011-04-01,9.979591,Yahoo Finance monthly adjusted close
XLU,Utilities Select Sector SPDR,Sector,2011-05-01,10.193267,Yahoo Finance monthly adjusted close
XLU,Utilities Select Sector SPDR,Sector,2011-06-01,10.075898,Yahoo Finance monthly adjusted close
XLU,Utilities Select Sector SPDR,Sector,2011-07-01,10.084357,Yahoo Finance monthly adjusted close
XLU,Utilities Select Sector SPDR,Sector,2011-08-01,10.303251,Yahoo Finance monthly adjusted close
XLU,Utilities Select Sector SPDR,Sector,2011-09-01,10.221166,Yahoo Finance monthly adjusted close
XLU,Utilities Select Sector SPDR,Sector,2011-10-01,10.703279,Yahoo Finance monthly adjusted close
XLU,Utilities Select Sector SPDR,Sector,2011-11-01,10.813846,Yahoo Finance monthly adjusted close
XLU,Utilities Select Sector SPDR,Sector,2011-12-01,11.050330,Yahoo Finance monthly adjusted close
XLU,Utilities Select Sector SPDR,Sector,2012-01-01,10.770366,Yahoo Finance monthly adjusted close
XLU,Utilities Select Sector SPDR,Sector,2012-02-01,10.835580,Yahoo Finance monthly adjusted close
XLU,Utilities Select Sector SPDR,Sector,2012-03-01,10.882169,Yahoo Finance monthly adjusted close
XLU,Utilities Select Sector SPDR,Sector,2012-04-01,11.177166,Yahoo Finance monthly adjusted close
XLU,Utilities Select Sector SPDR,Sector,2012-05-01,11.239853,Yahoo Finance monthly adjusted close
XLU,Utilities Select Sector SPDR,Sector,2012-06-01,11.594040,Yahoo Finance monthly adjusted close
XLU,Utilities Select Sector SPDR,Sector,2012-07-01,11.996147,Yahoo Finance monthly adjusted close
XLU,Utilities Select Sector SPDR,Sector,2012-08-01,11.499475,Yahoo Finance monthly adjusted close
XLU,Utilities Select Sector SPDR,Sector,2012-09-01,11.512129,Yahoo Finance monthly adjusted close
XLU,Utilities Select Sector SPDR,Sector,2012-10-01,11.796983,Yahoo Finance monthly adjusted close
XLU,Utilities Select Sector SPDR,Sector,2012-11-01,11.291852,Yahoo Finance monthly adjusted close
XLU,Utilities Select Sector SPDR,Sector,2012-12-01,11.163975,Yahoo Finance monthly adjusted close
XLU,Utilities Select Sector SPDR,Sector,2013-01-01,11.826671,Yahoo Finance monthly adjusted close
XLU,Utilities Select Sector SPDR,Sector,2013-02-01,12.101481,Yahoo Finance monthly adjusted close
XLU,Utilities Select Sector SPDR,Sector,2013-03-01,12.641413,Yahoo Finance monthly adjusted close
XLU,Utilities Select Sector SPDR,Sector,2013-04-01,13.511053,Yahoo Finance monthly adjusted close
XLU,Utilities Select Sector SPDR,Sector,2013-05-01,12.288117,Yahoo Finance monthly adjusted close
XLU,Utilities Select Sector SPDR,Sector,2013-06-01,12.271814,Yahoo Finance monthly adjusted close
XLU,Utilities Select Sector SPDR,Sector,2013-07-01,12.935081,Yahoo Finance monthly adjusted close
XLU,Utilities Select Sector SPDR,Sector,2013-08-01,12.289310,Yahoo Finance monthly adjusted close
XLU,Utilities Select Sector SPDR,Sector,2013-09-01,12.312374,Yahoo Finance monthly adjusted close
XLU,Utilities Select Sector SPDR,Sector,2013-10-01,12.899316,Yahoo Finance monthly adjusted close
XLU,Utilities Select Sector SPDR,Sector,2013-11-01,12.649845,Yahoo Finance monthly adjusted close
XLU,Utilities Select Sector SPDR,Sector,2013-12-01,12.629887,Yahoo Finance monthly adjusted close
XLU,Utilities Select Sector SPDR,Sector,2014-01-01,13.144987,Yahoo Finance monthly adjusted close
XLU,Utilities Select Sector SPDR,Sector,2014-02-01,13.598839,Yahoo Finance monthly adjusted close
XLU,Utilities Select Sector SPDR,Sector,2014-03-01,13.938387,Yahoo Finance monthly adjusted close
XLU,Utilities Select Sector SPDR,Sector,2014-04-01,14.647761,Yahoo Finance monthly adjusted close
XLU,Utilities Select Sector SPDR,Sector,2014-05-01,14.488435,Yahoo Finance monthly adjusted close
XLU,Utilities Select Sector SPDR,Sector,2014-06-01,15.003701,Yahoo Finance monthly adjusted close
XLU,Utilities Select Sector SPDR,Sector,2014-07-01,14.102918,Yahoo Finance monthly adjusted close
XLU,Utilities Select Sector SPDR,Sector,2014-08-01,14.796953,Yahoo Finance monthly adjusted close
XLU,Utilities Select Sector SPDR,Sector,2014-09-01,14.390102,Yahoo Finance monthly adjusted close
XLU,Utilities Select Sector SPDR,Sector,2014-10-01,15.685812,Yahoo Finance monthly adjusted close
XLU,Utilities Select Sector SPDR,Sector,2014-11-01,15.868636,Yahoo Finance monthly adjusted close
XLU,Utilities Select Sector SPDR,Sector,2014-12-01,16.289503,Yahoo Finance monthly adjusted close
XLU,Utilities Select Sector SPDR,Sector,2015-01-01,16.817549,Yahoo Finance monthly adjusted close
XLU,Utilities Select Sector SPDR,Sector,2015-02-01,15.742096,Yahoo Finance monthly adjusted close
XLU,Utilities Select Sector SPDR,Sector,2015-03-01,15.463656,Yahoo Finance monthly adjusted close
XLU,Utilities Select Sector SPDR,Sector,2015-04-01,15.511748,Yahoo Finance monthly adjusted close
XLU,Utilities Select Sector SPDR,Sector,2015-05-01,15.609969,Yahoo Finance monthly adjusted close
XLU,Utilities Select Sector SPDR,Sector,2015-06-01,14.543579,Yahoo Finance monthly adjusted close
XLU,Utilities Select Sector SPDR,Sector,2015-07-01,15.571424,Yahoo Finance monthly adjusted close
XLU,Utilities Select Sector SPDR,Sector,2015-08-01,15.029834,Yahoo Finance monthly adjusted close
XLU,Utilities Select Sector SPDR,Sector,2015-09-01,15.323636,Yahoo Finance monthly adjusted close
XLU,Utilities Select Sector SPDR,Sector,2015-10-01,15.632693,Yahoo Finance monthly adjusted close
XLU,Utilities Select Sector SPDR,Sector,2015-11-01,15.300382,Yahoo Finance monthly adjusted close
XLU,Utilities Select Sector SPDR,Sector,2015-12-01,15.464758,Yahoo Finance monthly adjusted close
XLU,Utilities Select Sector SPDR,Sector,2016-01-01,16.397198,Yahoo Finance monthly adjusted close
XLU,Utilities Select Sector SPDR,Sector,2016-02-01,16.714891,Yahoo Finance monthly adjusted close
XLU,Utilities Select Sector SPDR,Sector,2016-03-01,17.913450,Yahoo Finance monthly adjusted close
XLU,Utilities Select Sector SPDR,Sector,2016-04-01,17.611666,Yahoo Finance monthly adjusted close
XLU,Utilities Select Sector SPDR,Sector,2016-05-01,17.877190,Yahoo Finance monthly adjusted close
XLU,Utilities Select Sector SPDR,Sector,2016-06-01,19.084768,Yahoo Finance monthly adjusted close
XLU,Utilities Select Sector SPDR,Sector,2016-07-01,19.112528,Yahoo Finance monthly adjusted close
XLU,Utilities Select Sector SPDR,Sector,2016-08-01,18.052752,Yahoo Finance monthly adjusted close
XLU,Utilities Select Sector SPDR,Sector,2016-09-01,17.964745,Yahoo Finance monthly adjusted close
XLU,Utilities Select Sector SPDR,Sector,2016-10-01,18.280668,Yahoo Finance monthly adjusted close
XLU,Utilities Select Sector SPDR,Sector,2016-11-01,17.289528,Yahoo Finance monthly adjusted close
XLU,Utilities Select Sector SPDR,Sector,2016-12-01,17.962614,Yahoo Finance monthly adjusted close
XLU,Utilities Select Sector SPDR,Sector,2017-01-01,18.364285,Yahoo Finance monthly adjusted close
XLU,Utilities Select Sector SPDR,Sector,2017-02-01,19.331417,Yahoo Finance monthly adjusted close
XLU,Utilities Select Sector SPDR,Sector,2017-03-01,19.159649,Yahoo Finance monthly adjusted close
XLU,Utilities Select Sector SPDR,Sector,2017-04-01,19.451992,Yahoo Finance monthly adjusted close
XLU,Utilities Select Sector SPDR,Sector,2017-05-01,20.257158,Yahoo Finance monthly adjusted close
XLU,Utilities Select Sector SPDR,Sector,2017-06-01,19.549818,Yahoo Finance monthly adjusted close
XLU,Utilities Select Sector SPDR,Sector,2017-07-01,20.186346,Yahoo Finance monthly adjusted close
XLU,Utilities Select Sector SPDR,Sector,2017-08-01,20.850117,Yahoo Finance monthly adjusted close
XLU,Utilities Select Sector SPDR,Sector,2017-09-01,20.121862,Yahoo Finance monthly adjusted close
XLU,Utilities Select Sector SPDR,Sector,2017-10-01,21.066471,Yahoo Finance monthly adjusted close
XLU,Utilities Select Sector SPDR,Sector,2017-11-01,21.632116,Yahoo Finance monthly adjusted close
XLU,Utilities Select Sector SPDR,Sector,2017-12-01,20.133921,Yahoo Finance monthly adjusted close
XLU,Utilities Select Sector SPDR,Sector,2018-01-01,19.688961,Yahoo Finance monthly adjusted close
XLU,Utilities Select Sector SPDR,Sector,2018-02-01,18.925169,Yahoo Finance monthly adjusted close
XLU,Utilities Select Sector SPDR,Sector,2018-03-01,19.492229,Yahoo Finance monthly adjusted close
XLU,Utilities Select Sector SPDR,Sector,2018-04-01,20.044081,Yahoo Finance monthly adjusted close
XLU,Utilities Select Sector SPDR,Sector,2018-05-01,19.822491,Yahoo Finance monthly adjusted close
XLU,Utilities Select Sector SPDR,Sector,2018-06-01,20.199583,Yahoo Finance monthly adjusted close
XLU,Utilities Select Sector SPDR,Sector,2018-07-01,20.705816,Yahoo Finance monthly adjusted close
XLU,Utilities Select Sector SPDR,Sector,2018-08-01,20.972530,Yahoo Finance monthly adjusted close
XLU,Utilities Select Sector SPDR,Sector,2018-09-01,20.650906,Yahoo Finance monthly adjusted close
XLU,Utilities Select Sector SPDR,Sector,2018-10-01,21.248148,Yahoo Finance monthly adjusted close
XLU,Utilities Select Sector SPDR,Sector,2018-11-01,22.000084,Yahoo Finance monthly adjusted close
XLU,Utilities Select Sector SPDR,Sector,2018-12-01,20.943411,Yahoo Finance monthly adjusted close
XLU,Utilities Select Sector SPDR,Sector,2019-01-01,21.855671,Yahoo Finance monthly adjusted close
XLU,Utilities Select Sector SPDR,Sector,2019-02-01,22.753687,Yahoo Finance monthly adjusted close
XLU,Utilities Select Sector SPDR,Sector,2019-03-01,23.216660,Yahoo Finance monthly adjusted close
XLU,Utilities Select Sector SPDR,Sector,2019-04-01,23.605968,Yahoo Finance monthly adjusted close
XLU,Utilities Select Sector SPDR,Sector,2019-05-01,23.421015,Yahoo Finance monthly adjusted close
XLU,Utilities Select Sector SPDR,Sector,2019-06-01,23.975878,Yahoo Finance monthly adjusted close
XLU,Utilities Select Sector SPDR,Sector,2019-07-01,24.134848,Yahoo Finance monthly adjusted close
XLU,Utilities Select Sector SPDR,Sector,2019-08-01,25.362873,Yahoo Finance monthly adjusted close
XLU,Utilities Select Sector SPDR,Sector,2019-09-01,26.238297,Yahoo Finance monthly adjusted close
XLU,Utilities Select Sector SPDR,Sector,2019-10-01,26.241089,Yahoo Finance monthly adjusted close
XLU,Utilities Select Sector SPDR,Sector,2019-11-01,25.750980,Yahoo Finance monthly adjusted close
XLU,Utilities Select Sector SPDR,Sector,2019-12-01,26.392202,Yahoo Finance monthly adjusted close
XLU,Utilities Select Sector SPDR,Sector,2020-01-01,28.392948,Yahoo Finance monthly adjusted close
XLU,Utilities Select Sector SPDR,Sector,2020-02-01,25.593994,Yahoo Finance monthly adjusted close
XLU,Utilities Select Sector SPDR,Sector,2020-03-01,22.807384,Yahoo Finance monthly adjusted close
XLU,Utilities Select Sector SPDR,Sector,2020-04-01,23.804821,Yahoo Finance monthly adjusted close
XLU,Utilities Select Sector SPDR,Sector,2020-05-01,24.815056,Yahoo Finance monthly adjusted close
XLU,Utilities Select Sector SPDR,Sector,2020-06-01,23.459768,Yahoo Finance monthly adjusted close
XLU,Utilities Select Sector SPDR,Sector,2020-07-01,25.500118,Yahoo Finance monthly adjusted close
XLU,Utilities Select Sector SPDR,Sector,2020-08-01,24.837780,Yahoo Finance monthly adjusted close
XLU,Utilities Select Sector SPDR,Sector,2020-09-01,24.892275,Yahoo Finance monthly adjusted close
XLU,Utilities Select Sector SPDR,Sector,2020-10-01,26.374783,Yahoo Finance monthly adjusted close
XLU,Utilities Select Sector SPDR,Sector,2020-11-01,26.569273,Yahoo Finance monthly adjusted close
XLU,Utilities Select Sector SPDR,Sector,2020-12-01,26.510080,Yahoo Finance monthly adjusted close
XLU,Utilities Select Sector SPDR,Sector,2021-01-01,26.499609,Yahoo Finance monthly adjusted close
XLU,Utilities Select Sector SPDR,Sector,2021-02-01,24.883619,Yahoo Finance monthly adjusted close
XLU,Utilities Select Sector SPDR,Sector,2021-03-01,27.305466,Yahoo Finance monthly adjusted close
XLU,Utilities Select Sector SPDR,Sector,2021-04-01,28.660591,Yahoo Finance monthly adjusted close
XLU,Utilities Select Sector SPDR,Sector,2021-05-01,27.990473,Yahoo Finance monthly adjusted close
XLU,Utilities Select Sector SPDR,Sector,2021-06-01,27.161409,Yahoo Finance monthly adjusted close
XLU,Utilities Select Sector SPDR,Sector,2021-07-01,28.558512,Yahoo Finance monthly adjusted close
XLU,Utilities Select Sector SPDR,Sector,2021-08-01,29.671068,Yahoo Finance monthly adjusted close
XLU,Utilities Select Sector SPDR,Sector,2021-09-01,27.653746,Yahoo Finance monthly adjusted close
XLU,Utilities Select Sector SPDR,Sector,2021-10-01,29.184763,Yahoo Finance monthly adjusted close
XLU,Utilities Select Sector SPDR,Sector,2021-11-01,28.687517,Yahoo Finance monthly adjusted close
XLU,Utilities Select Sector SPDR,Sector,2021-12-01,31.221722,Yahoo Finance monthly adjusted close
XLU,Utilities Select Sector SPDR,Sector,2022-01-01,30.442841,Yahoo Finance monthly adjusted close
XLU,Utilities Select Sector SPDR,Sector,2022-02-01,29.862558,Yahoo Finance monthly adjusted close
XLU,Utilities Select Sector SPDR,Sector,2022-03-01,32.733204,Yahoo Finance monthly adjusted close
XLU,Utilities Select Sector SPDR,Sector,2022-04-01,31.535780,Yahoo Finance monthly adjusted close
XLU,Utilities Select Sector SPDR,Sector,2022-05-01,32.894386,Yahoo Finance monthly adjusted close
XLU,Utilities Select Sector SPDR,Sector,2022-06-01,31.035696,Yahoo Finance monthly adjusted close
XLU,Utilities Select Sector SPDR,Sector,2022-07-01,32.988110,Yahoo Finance monthly adjusted close
XLU,Utilities Select Sector SPDR,Sector,2022-08-01,33.162083,Yahoo Finance monthly adjusted close
XLU,Utilities Select Sector SPDR,Sector,2022-09-01,29.223139,Yahoo Finance monthly adjusted close
XLU,Utilities Select Sector SPDR,Sector,2022-10-01,29.991442,Yahoo Finance monthly adjusted close
XLU,Utilities Select Sector SPDR,Sector,2022-11-01,32.079796,Yahoo Finance monthly adjusted close
XLU,Utilities Select Sector SPDR,Sector,2022-12-01,31.662121,Yahoo Finance monthly adjusted close
XLU,Utilities Select Sector SPDR,Sector,2023-01-01,31.282761,Yahoo Finance monthly adjusted close
XLU,Utilities Select Sector SPDR,Sector,2023-02-01,29.430880,Yahoo Finance monthly adjusted close
XLU,Utilities Select Sector SPDR,Sector,2023-03-01,30.648861,Yahoo Finance monthly adjusted close
XLU,Utilities Select Sector SPDR,Sector,2023-04-01,31.463160,Yahoo Finance monthly adjusted close
XLU,Utilities Select Sector SPDR,Sector,2023-05-01,29.615875,Yahoo Finance monthly adjusted close
XLU,Utilities Select Sector SPDR,Sector,2023-06-01,29.848499,Yahoo Finance monthly adjusted close
XLU,Utilities Select Sector SPDR,Sector,2023-07-01,30.838036,Yahoo Finance monthly adjusted close
XLU,Utilities Select Sector SPDR,Sector,2023-08-01,28.948305,Yahoo Finance monthly adjusted close
XLU,Utilities Select Sector SPDR,Sector,2023-09-01,27.095356,Yahoo Finance monthly adjusted close
XLU,Utilities Select Sector SPDR,Sector,2023-10-01,27.667189,Yahoo Finance monthly adjusted close
XLU,Utilities Select Sector SPDR,Sector,2023-11-01,29.090179,Yahoo Finance monthly adjusted close
XLU,Utilities Select Sector SPDR,Sector,2023-12-01,29.354378,Yahoo Finance monthly adjusted close
XLU,Utilities Select Sector SPDR,Sector,2024-01-01,28.751295,Yahoo Finance monthly adjusted close
XLU,Utilities Select Sector SPDR,Sector,2024-02-01,29.055418,Yahoo Finance monthly adjusted close
XLU,Utilities Select Sector SPDR,Sector,2024-03-01,30.716394,Yahoo Finance monthly adjusted close
XLU,Utilities Select Sector SPDR,Sector,2024-04-01,31.484375,Yahoo Finance monthly adjusted close
XLU,Utilities Select Sector SPDR,Sector,2024-05-01,34.305420,Yahoo Finance monthly adjusted close
XLU,Utilities Select Sector SPDR,Sector,2024-06-01,32.144817,Yahoo Finance monthly adjusted close
XLU,Utilities Select Sector SPDR,Sector,2024-07-01,34.615303,Yahoo Finance monthly adjusted close
XLU,Utilities Select Sector SPDR,Sector,2024-08-01,36.279728,Yahoo Finance monthly adjusted close
XLU,Utilities Select Sector SPDR,Sector,2024-09-01,38.414948,Yahoo Finance monthly adjusted close
XLU,Utilities Select Sector SPDR,Sector,2024-10-01,38.258732,Yahoo Finance monthly adjusted close
XLU,Utilities Select Sector SPDR,Sector,2024-11-01,39.704628,Yahoo Finance monthly adjusted close
XLU,Utilities Select Sector SPDR,Sector,2024-12-01,36.238312,Yahoo Finance monthly adjusted close
XLU,Utilities Select Sector SPDR,Sector,2025-01-01,37.595734,Yahoo Finance monthly adjusted close
XLU,Utilities Select Sector SPDR,Sector,2025-02-01,38.242607,Yahoo Finance monthly adjusted close
XLU,Utilities Select Sector SPDR,Sector,2025-03-01,38.063995,Yahoo Finance monthly adjusted close
XLU,Utilities Select Sector SPDR,Sector,2025-04-01,38.358463,Yahoo Finance monthly adjusted close
XLU,Utilities Select Sector SPDR,Sector,2025-05-01,39.826687,Yahoo Finance monthly adjusted close
XLU,Utilities Select Sector SPDR,Sector,2025-06-01,39.700287,Yahoo Finance monthly adjusted close
XLU,Utilities Select Sector SPDR,Sector,2025-07-01,41.938984,Yahoo Finance monthly adjusted close
XLU,Utilities Select Sector SPDR,Sector,2025-08-01,41.278103,Yahoo Finance monthly adjusted close
XLU,Utilities Select Sector SPDR,Sector,2025-09-01,42.692879,Yahoo Finance monthly adjusted close
XLU,Utilities Select Sector SPDR,Sector,2025-10-01,43.911716,Yahoo Finance monthly adjusted close
XLU,Utilities Select Sector SPDR,Sector,2025-11-01,44.665756,Yahoo Finance monthly adjusted close
XLU,Utilities Select Sector SPDR,Sector,2025-12-01,42.078365,Yahoo Finance monthly adjusted close
XLU,Utilities Select Sector SPDR,Sector,2026-01-01,42.949722,Yahoo Finance monthly adjusted close
XLU,Utilities Select Sector SPDR,Sector,2026-02-01,47.398617,Yahoo Finance monthly adjusted close
XLU,Utilities Select Sector SPDR,Sector,2026-03-01,45.571392,Yahoo Finance monthly adjusted close
XLU,Utilities Select Sector SPDR,Sector,2026-04-01,46.849998,Yahoo Finance monthly adjusted close
XLU,Utilities Select Sector SPDR,Sector,2026-05-01,45.349998,Yahoo Finance monthly adjusted close
XLU,Utilities Select Sector SPDR,Sector,2026-05-01,45.349998,Yahoo Finance monthly adjusted close
XLB,Materials Select Sector SPDR,Sector,1998-12-01,6.018315,Yahoo Finance monthly adjusted close
XLB,Materials Select Sector SPDR,Sector,1999-01-01,5.795256,Yahoo Finance monthly adjusted close
XLB,Materials Select Sector SPDR,Sector,1999-02-01,5.885335,Yahoo Finance monthly adjusted close
XLB,Materials Select Sector SPDR,Sector,1999-03-01,5.971126,Yahoo Finance monthly adjusted close
XLB,Materials Select Sector SPDR,Sector,1999-04-01,7.471798,Yahoo Finance monthly adjusted close
XLB,Materials Select Sector SPDR,Sector,1999-05-01,6.791759,Yahoo Finance monthly adjusted close
XLB,Materials Select Sector SPDR,Sector,1999-06-01,7.161905,Yahoo Finance monthly adjusted close
XLB,Materials Select Sector SPDR,Sector,1999-07-01,7.102215,Yahoo Finance monthly adjusted close
XLB,Materials Select Sector SPDR,Sector,1999-08-01,6.782721,Yahoo Finance monthly adjusted close
XLB,Materials Select Sector SPDR,Sector,1999-09-01,6.549581,Yahoo Finance monthly adjusted close
XLB,Materials Select Sector SPDR,Sector,1999-10-01,6.725920,Yahoo Finance monthly adjusted close
XLB,Materials Select Sector SPDR,Sector,1999-11-01,6.630640,Yahoo Finance monthly adjusted close
XLB,Materials Select Sector SPDR,Sector,1999-12-01,7.366893,Yahoo Finance monthly adjusted close
XLB,Materials Select Sector SPDR,Sector,2000-01-01,6.493255,Yahoo Finance monthly adjusted close
XLB,Materials Select Sector SPDR,Sector,2000-02-01,5.840885,Yahoo Finance monthly adjusted close
XLB,Materials Select Sector SPDR,Sector,2000-03-01,6.414968,Yahoo Finance monthly adjusted close
XLB,Materials Select Sector SPDR,Sector,2000-04-01,6.216578,Yahoo Finance monthly adjusted close
XLB,Materials Select Sector SPDR,Sector,2000-05-01,6.020402,Yahoo Finance monthly adjusted close
XLB,Materials Select Sector SPDR,Sector,2000-06-01,5.479833,Yahoo Finance monthly adjusted close
XLB,Materials Select Sector SPDR,Sector,2000-07-01,5.553767,Yahoo Finance monthly adjusted close
XLB,Materials Select Sector SPDR,Sector,2000-08-01,5.680785,Yahoo Finance monthly adjusted close
XLB,Materials Select Sector SPDR,Sector,2000-09-01,5.093875,Yahoo Finance monthly adjusted close
XLB,Materials Select Sector SPDR,Sector,2000-10-01,5.573269,Yahoo Finance monthly adjusted close
XLB,Materials Select Sector SPDR,Sector,2000-11-01,5.432287,Yahoo Finance monthly adjusted close
XLB,Materials Select Sector SPDR,Sector,2000-12-01,6.040279,Yahoo Finance monthly adjusted close
XLB,Materials Select Sector SPDR,Sector,2001-01-01,6.032184,Yahoo Finance monthly adjusted close
XLB,Materials Select Sector SPDR,Sector,2001-02-01,6.110297,Yahoo Finance monthly adjusted close
XLB,Materials Select Sector SPDR,Sector,2001-03-01,5.777587,Yahoo Finance monthly adjusted close
XLB,Materials Select Sector SPDR,Sector,2001-04-01,6.423378,Yahoo Finance monthly adjusted close
XLB,Materials Select Sector SPDR,Sector,2001-05-01,6.670434,Yahoo Finance monthly adjusted close
XLB,Materials Select Sector SPDR,Sector,2001-06-01,6.411753,Yahoo Finance monthly adjusted close
XLB,Materials Select Sector SPDR,Sector,2001-07-01,6.422700,Yahoo Finance monthly adjusted close
XLB,Materials Select Sector SPDR,Sector,2001-08-01,6.396425,Yahoo Finance monthly adjusted close
XLB,Materials Select Sector SPDR,Sector,2001-09-01,5.605262,Yahoo Finance monthly adjusted close
XLB,Materials Select Sector SPDR,Sector,2001-10-01,5.791521,Yahoo Finance monthly adjusted close
XLB,Materials Select Sector SPDR,Sector,2001-11-01,6.525743,Yahoo Finance monthly adjusted close
XLB,Materials Select Sector SPDR,Sector,2001-12-01,6.290789,Yahoo Finance monthly adjusted close
XLB,Materials Select Sector SPDR,Sector,2002-01-01,6.478063,Yahoo Finance monthly adjusted close
XLB,Materials Select Sector SPDR,Sector,2002-02-01,6.820882,Yahoo Finance monthly adjusted close
XLB,Materials Select Sector SPDR,Sector,2002-03-01,7.007067,Yahoo Finance monthly adjusted close
XLB,Materials Select Sector SPDR,Sector,2002-04-01,6.698526,Yahoo Finance monthly adjusted close
XLB,Materials Select Sector SPDR,Sector,2002-05-01,7.030634,Yahoo Finance monthly adjusted close
XLB,Materials Select Sector SPDR,Sector,2002-06-01,6.876437,Yahoo Finance monthly adjusted close
XLB,Materials Select Sector SPDR,Sector,2002-07-01,6.127120,Yahoo Finance monthly adjusted close
XLB,Materials Select Sector SPDR,Sector,2002-08-01,6.094337,Yahoo Finance monthly adjusted close
XLB,Materials Select Sector SPDR,Sector,2002-09-01,5.271825,Yahoo Finance monthly adjusted close
XLB,Materials Select Sector SPDR,Sector,2002-10-01,5.606132,Yahoo Finance monthly adjusted close
XLB,Materials Select Sector SPDR,Sector,2002-11-01,6.280664,Yahoo Finance monthly adjusted close
XLB,Materials Select Sector SPDR,Sector,2002-12-01,5.947893,Yahoo Finance monthly adjusted close
XLB,Materials Select Sector SPDR,Sector,2003-01-01,5.693948,Yahoo Finance monthly adjusted close
XLB,Materials Select Sector SPDR,Sector,2003-02-01,5.542916,Yahoo Finance monthly adjusted close
XLB,Materials Select Sector SPDR,Sector,2003-03-01,5.551977,Yahoo Finance monthly adjusted close
XLB,Materials Select Sector SPDR,Sector,2003-04-01,6.080843,Yahoo Finance monthly adjusted close
XLB,Materials Select Sector SPDR,Sector,2003-05-01,6.268975,Yahoo Finance monthly adjusted close
XLB,Materials Select Sector SPDR,Sector,2003-06-01,6.290213,Yahoo Finance monthly adjusted close
XLB,Materials Select Sector SPDR,Sector,2003-07-01,6.822912,Yahoo Finance monthly adjusted close
XLB,Materials Select Sector SPDR,Sector,2003-08-01,7.012101,Yahoo Finance monthly adjusted close
XLB,Materials Select Sector SPDR,Sector,2003-09-01,6.661192,Yahoo Finance monthly adjusted close
XLB,Materials Select Sector SPDR,Sector,2003-10-01,7.334280,Yahoo Finance monthly adjusted close
XLB,Materials Select Sector SPDR,Sector,2003-11-01,7.499922,Yahoo Finance monthly adjusted close
XLB,Materials Select Sector SPDR,Sector,2003-12-01,8.187032,Yahoo Finance monthly adjusted close
XLB,Materials Select Sector SPDR,Sector,2004-01-01,7.871052,Yahoo Finance monthly adjusted close
XLB,Materials Select Sector SPDR,Sector,2004-02-01,8.281424,Yahoo Finance monthly adjusted close
XLB,Materials Select Sector SPDR,Sector,2004-03-01,8.062351,Yahoo Finance monthly adjusted close
XLB,Materials Select Sector SPDR,Sector,2004-04-01,7.715823,Yahoo Finance monthly adjusted close
XLB,Materials Select Sector SPDR,Sector,2004-05-01,7.932561,Yahoo Finance monthly adjusted close
XLB,Materials Select Sector SPDR,Sector,2004-06-01,8.291724,Yahoo Finance monthly adjusted close
XLB,Materials Select Sector SPDR,Sector,2004-07-01,8.140821,Yahoo Finance monthly adjusted close
XLB,Materials Select Sector SPDR,Sector,2004-08-01,8.277697,Yahoo Finance monthly adjusted close
XLB,Materials Select Sector SPDR,Sector,2004-09-01,8.570106,Yahoo Finance monthly adjusted close
XLB,Materials Select Sector SPDR,Sector,2004-10-01,8.529111,Yahoo Finance monthly adjusted close
XLB,Materials Select Sector SPDR,Sector,2004-11-01,9.222945,Yahoo Finance monthly adjusted close
XLB,Materials Select Sector SPDR,Sector,2004-12-01,9.291700,Yahoo Finance monthly adjusted close
XLB,Materials Select Sector SPDR,Sector,2005-01-01,9.060190,Yahoo Finance monthly adjusted close
XLB,Materials Select Sector SPDR,Sector,2005-02-01,9.773812,Yahoo Finance monthly adjusted close
XLB,Materials Select Sector SPDR,Sector,2005-03-01,9.481446,Yahoo Finance monthly adjusted close
XLB,Materials Select Sector SPDR,Sector,2005-04-01,8.835819,Yahoo Finance monthly adjusted close
XLB,Materials Select Sector SPDR,Sector,2005-05-01,8.779037,Yahoo Finance monthly adjusted close
XLB,Materials Select Sector SPDR,Sector,2005-06-01,8.561376,Yahoo Finance monthly adjusted close
XLB,Materials Select Sector SPDR,Sector,2005-07-01,9.078802,Yahoo Finance monthly adjusted close
XLB,Materials Select Sector SPDR,Sector,2005-08-01,8.698405,Yahoo Finance monthly adjusted close
XLB,Materials Select Sector SPDR,Sector,2005-09-01,8.717425,Yahoo Finance monthly adjusted close
XLB,Materials Select Sector SPDR,Sector,2005-10-01,8.784492,Yahoo Finance monthly adjusted close
XLB,Materials Select Sector SPDR,Sector,2005-11-01,9.457034,Yahoo Finance monthly adjusted close
XLB,Materials Select Sector SPDR,Sector,2005-12-01,9.651465,Yahoo Finance monthly adjusted close
XLB,Materials Select Sector SPDR,Sector,2006-01-01,10.196645,Yahoo Finance monthly adjusted close
XLB,Materials Select Sector SPDR,Sector,2006-02-01,9.978192,Yahoo Finance monthly adjusted close
XLB,Materials Select Sector SPDR,Sector,2006-03-01,10.392607,Yahoo Finance monthly adjusted close
XLB,Materials Select Sector SPDR,Sector,2006-04-01,10.814807,Yahoo Finance monthly adjusted close
XLB,Materials Select Sector SPDR,Sector,2006-05-01,10.378985,Yahoo Finance monthly adjusted close
XLB,Materials Select Sector SPDR,Sector,2006-06-01,10.362847,Yahoo Finance monthly adjusted close
XLB,Materials Select Sector SPDR,Sector,2006-07-01,10.042552,Yahoo Finance monthly adjusted close
XLB,Materials Select Sector SPDR,Sector,2006-08-01,10.344804,Yahoo Finance monthly adjusted close
XLB,Materials Select Sector SPDR,Sector,2006-09-01,10.283052,Yahoo Finance monthly adjusted close
XLB,Materials Select Sector SPDR,Sector,2006-10-01,10.964499,Yahoo Finance monthly adjusted close
XLB,Materials Select Sector SPDR,Sector,2006-11-01,11.441783,Yahoo Finance monthly adjusted close
XLB,Materials Select Sector SPDR,Sector,2006-12-01,11.389481,Yahoo Finance monthly adjusted close
XLB,Materials Select Sector SPDR,Sector,2007-01-01,11.980041,Yahoo Finance monthly adjusted close
XLB,Materials Select Sector SPDR,Sector,2007-02-01,12.300611,Yahoo Finance monthly adjusted close
XLB,Materials Select Sector SPDR,Sector,2007-03-01,12.574910,Yahoo Finance monthly adjusted close
XLB,Materials Select Sector SPDR,Sector,2007-04-01,12.779672,Yahoo Finance monthly adjusted close
XLB,Materials Select Sector SPDR,Sector,2007-05-01,13.534140,Yahoo Finance monthly adjusted close
XLB,Materials Select Sector SPDR,Sector,2007-06-01,13.401783,Yahoo Finance monthly adjusted close
XLB,Materials Select Sector SPDR,Sector,2007-07-01,13.103168,Yahoo Finance monthly adjusted close
XLB,Materials Select Sector SPDR,Sector,2007-08-01,13.013421,Yahoo Finance monthly adjusted close
XLB,Materials Select Sector SPDR,Sector,2007-09-01,13.997323,Yahoo Finance monthly adjusted close
XLB,Materials Select Sector SPDR,Sector,2007-10-01,14.645847,Yahoo Finance monthly adjusted close
XLB,Materials Select Sector SPDR,Sector,2007-11-01,13.907873,Yahoo Finance monthly adjusted close
XLB,Materials Select Sector SPDR,Sector,2007-12-01,13.924576,Yahoo Finance monthly adjusted close
XLB,Materials Select Sector SPDR,Sector,2008-01-01,13.467080,Yahoo Finance monthly adjusted close
XLB,Materials Select Sector SPDR,Sector,2008-02-01,13.777209,Yahoo Finance monthly adjusted close
XLB,Materials Select Sector SPDR,Sector,2008-03-01,13.541245,Yahoo Finance monthly adjusted close
XLB,Materials Select Sector SPDR,Sector,2008-04-01,14.307165,Yahoo Finance monthly adjusted close
XLB,Materials Select Sector SPDR,Sector,2008-05-01,15.051102,Yahoo Finance monthly adjusted close
XLB,Materials Select Sector SPDR,Sector,2008-06-01,14.111042,Yahoo Finance monthly adjusted close
XLB,Materials Select Sector SPDR,Sector,2008-07-01,13.717087,Yahoo Finance monthly adjusted close
XLB,Materials Select Sector SPDR,Sector,2008-08-01,13.503069,Yahoo Finance monthly adjusted close
XLB,Materials Select Sector SPDR,Sector,2008-09-01,11.345977,Yahoo Finance monthly adjusted close
XLB,Materials Select Sector SPDR,Sector,2008-10-01,8.857138,Yahoo Finance monthly adjusted close
XLB,Materials Select Sector SPDR,Sector,2008-11-01,7.910597,Yahoo Finance monthly adjusted close
XLB,Materials Select Sector SPDR,Sector,2008-12-01,7.770500,Yahoo Finance monthly adjusted close
XLB,Materials Select Sector SPDR,Sector,2009-01-01,7.283992,Yahoo Finance monthly adjusted close
XLB,Materials Select Sector SPDR,Sector,2009-02-01,6.699475,Yahoo Finance monthly adjusted close
XLB,Materials Select Sector SPDR,Sector,2009-03-01,7.681743,Yahoo Finance monthly adjusted close
XLB,Materials Select Sector SPDR,Sector,2009-04-01,8.932469,Yahoo Finance monthly adjusted close
XLB,Materials Select Sector SPDR,Sector,2009-05-01,9.454432,Yahoo Finance monthly adjusted close
XLB,Materials Select Sector SPDR,Sector,2009-06-01,8.977704,Yahoo Finance monthly adjusted close
XLB,Materials Select Sector SPDR,Sector,2009-07-01,10.186880,Yahoo Finance monthly adjusted close
XLB,Materials Select Sector SPDR,Sector,2009-08-01,10.428258,Yahoo Finance monthly adjusted close
XLB,Materials Select Sector SPDR,Sector,2009-09-01,10.823561,Yahoo Finance monthly adjusted close
XLB,Materials Select Sector SPDR,Sector,2009-10-01,10.306460,Yahoo Finance monthly adjusted close
XLB,Materials Select Sector SPDR,Sector,2009-11-01,11.416499,Yahoo Finance monthly adjusted close
XLB,Materials Select Sector SPDR,Sector,2009-12-01,11.588622,Yahoo Finance monthly adjusted close
XLB,Materials Select Sector SPDR,Sector,2010-01-01,10.646022,Yahoo Finance monthly adjusted close
XLB,Materials Select Sector SPDR,Sector,2010-02-01,11.126403,Yahoo Finance monthly adjusted close
XLB,Materials Select Sector SPDR,Sector,2010-03-01,11.981194,Yahoo Finance monthly adjusted close
XLB,Materials Select Sector SPDR,Sector,2010-04-01,12.031965,Yahoo Finance monthly adjusted close
XLB,Materials Select Sector SPDR,Sector,2010-05-01,10.885054,Yahoo Finance monthly adjusted close
XLB,Materials Select Sector SPDR,Sector,2010-06-01,10.042563,Yahoo Finance monthly adjusted close
XLB,Materials Select Sector SPDR,Sector,2010-07-01,11.381150,Yahoo Finance monthly adjusted close
XLB,Materials Select Sector SPDR,Sector,2010-08-01,11.036266,Yahoo Finance monthly adjusted close
XLB,Materials Select Sector SPDR,Sector,2010-09-01,11.654922,Yahoo Finance monthly adjusted close
XLB,Materials Select Sector SPDR,Sector,2010-10-01,12.624950,Yahoo Finance monthly adjusted close
XLB,Materials Select Sector SPDR,Sector,2010-11-01,12.766434,Yahoo Finance monthly adjusted close
XLB,Materials Select Sector SPDR,Sector,2010-12-01,13.934614,Yahoo Finance monthly adjusted close
XLB,Materials Select Sector SPDR,Sector,2011-01-01,14.058875,Yahoo Finance monthly adjusted close
XLB,Materials Select Sector SPDR,Sector,2011-02-01,14.431933,Yahoo Finance monthly adjusted close
XLB,Materials Select Sector SPDR,Sector,2011-03-01,14.636742,Yahoo Finance monthly adjusted close
XLB,Materials Select Sector SPDR,Sector,2011-04-01,14.996982,Yahoo Finance monthly adjusted close
XLB,Materials Select Sector SPDR,Sector,2011-05-01,14.586004,Yahoo Finance monthly adjusted close
XLB,Materials Select Sector SPDR,Sector,2011-06-01,14.446569,Yahoo Finance monthly adjusted close
XLB,Materials Select Sector SPDR,Sector,2011-07-01,14.025547,Yahoo Finance monthly adjusted close
XLB,Materials Select Sector SPDR,Sector,2011-08-01,13.040333,Yahoo Finance monthly adjusted close
XLB,Materials Select Sector SPDR,Sector,2011-09-01,10.833730,Yahoo Finance monthly adjusted close
XLB,Materials Select Sector SPDR,Sector,2011-10-01,12.779536,Yahoo Finance monthly adjusted close
XLB,Materials Select Sector SPDR,Sector,2011-11-01,12.805506,Yahoo Finance monthly adjusted close
XLB,Materials Select Sector SPDR,Sector,2011-12-01,12.427119,Yahoo Finance monthly adjusted close
XLB,Materials Select Sector SPDR,Sector,2012-01-01,13.888247,Yahoo Finance monthly adjusted close
XLB,Materials Select Sector SPDR,Sector,2012-02-01,13.809803,Yahoo Finance monthly adjusted close
XLB,Materials Select Sector SPDR,Sector,2012-03-01,13.809803,Yahoo Finance monthly adjusted close
XLB,Materials Select Sector SPDR,Sector,2012-04-01,13.749904,Yahoo Finance monthly adjusted close
XLB,Materials Select Sector SPDR,Sector,2012-05-01,12.681254,Yahoo Finance monthly adjusted close
XLB,Materials Select Sector SPDR,Sector,2012-06-01,13.232458,Yahoo Finance monthly adjusted close
XLB,Materials Select Sector SPDR,Sector,2012-07-01,13.134523,Yahoo Finance monthly adjusted close
XLB,Materials Select Sector SPDR,Sector,2012-08-01,13.439888,Yahoo Finance monthly adjusted close
XLB,Materials Select Sector SPDR,Sector,2012-09-01,13.873435,Yahoo Finance monthly adjusted close
XLB,Materials Select Sector SPDR,Sector,2012-10-01,13.654289,Yahoo Finance monthly adjusted close
XLB,Materials Select Sector SPDR,Sector,2012-11-01,13.908197,Yahoo Finance monthly adjusted close
XLB,Materials Select Sector SPDR,Sector,2012-12-01,14.226535,Yahoo Finance monthly adjusted close
XLB,Materials Select Sector SPDR,Sector,2013-01-01,14.918138,Yahoo Finance monthly adjusted close
XLB,Materials Select Sector SPDR,Sector,2013-02-01,14.715501,Yahoo Finance monthly adjusted close
XLB,Materials Select Sector SPDR,Sector,2013-03-01,14.979308,Yahoo Finance monthly adjusted close
XLB,Materials Select Sector SPDR,Sector,2013-04-01,15.183043,Yahoo Finance monthly adjusted close
XLB,Materials Select Sector SPDR,Sector,2013-05-01,15.470962,Yahoo Finance monthly adjusted close
XLB,Materials Select Sector SPDR,Sector,2013-06-01,14.722368,Yahoo Finance monthly adjusted close
XLB,Materials Select Sector SPDR,Sector,2013-07-01,15.659049,Yahoo Finance monthly adjusted close
XLB,Materials Select Sector SPDR,Sector,2013-08-01,15.639699,Yahoo Finance monthly adjusted close
XLB,Materials Select Sector SPDR,Sector,2013-09-01,16.250906,Yahoo Finance monthly adjusted close
XLB,Materials Select Sector SPDR,Sector,2013-10-01,17.016535,Yahoo Finance monthly adjusted close
XLB,Materials Select Sector SPDR,Sector,2013-11-01,17.238136,Yahoo Finance monthly adjusted close
XLB,Materials Select Sector SPDR,Sector,2013-12-01,17.969021,Yahoo Finance monthly adjusted close
XLB,Materials Select Sector SPDR,Sector,2014-01-01,17.229311,Yahoo Finance monthly adjusted close
XLB,Materials Select Sector SPDR,Sector,2014-02-01,18.418617,Yahoo Finance monthly adjusted close
XLB,Materials Select Sector SPDR,Sector,2014-03-01,18.496859,Yahoo Finance monthly adjusted close
XLB,Materials Select Sector SPDR,Sector,2014-04-01,18.723919,Yahoo Finance monthly adjusted close
XLB,Materials Select Sector SPDR,Sector,2014-05-01,19.277744,Yahoo Finance monthly adjusted close
XLB,Materials Select Sector SPDR,Sector,2014-06-01,19.497704,Yahoo Finance monthly adjusted close
XLB,Materials Select Sector SPDR,Sector,2014-07-01,19.198313,Yahoo Finance monthly adjusted close
XLB,Materials Select Sector SPDR,Sector,2014-08-01,19.940205,Yahoo Finance monthly adjusted close
XLB,Materials Select Sector SPDR,Sector,2014-09-01,19.569258,Yahoo Finance monthly adjusted close
XLB,Materials Select Sector SPDR,Sector,2014-10-01,19.188232,Yahoo Finance monthly adjusted close
XLB,Materials Select Sector SPDR,Sector,2014-11-01,19.489540,Yahoo Finance monthly adjusted close
XLB,Materials Select Sector SPDR,Sector,2014-12-01,19.259596,Yahoo Finance monthly adjusted close
XLB,Materials Select Sector SPDR,Sector,2015-01-01,19.025942,Yahoo Finance monthly adjusted close
XLB,Materials Select Sector SPDR,Sector,2015-02-01,20.541954,Yahoo Finance monthly adjusted close
XLB,Materials Select Sector SPDR,Sector,2015-03-01,19.460794,Yahoo Finance monthly adjusted close
XLB,Materials Select Sector SPDR,Sector,2015-04-01,20.191156,Yahoo Finance monthly adjusted close
XLB,Materials Select Sector SPDR,Sector,2015-05-01,20.267237,Yahoo Finance monthly adjusted close
XLB,Materials Select Sector SPDR,Sector,2015-06-01,19.378222,Yahoo Finance monthly adjusted close
XLB,Materials Select Sector SPDR,Sector,2015-07-01,18.485186,Yahoo Finance monthly adjusted close
XLB,Materials Select Sector SPDR,Sector,2015-08-01,17.443260,Yahoo Finance monthly adjusted close
XLB,Materials Select Sector SPDR,Sector,2015-09-01,16.059385,Yahoo Finance monthly adjusted close
XLB,Materials Select Sector SPDR,Sector,2015-10-01,18.316994,Yahoo Finance monthly adjusted close
XLB,Materials Select Sector SPDR,Sector,2015-11-01,18.499027,Yahoo Finance monthly adjusted close
XLB,Materials Select Sector SPDR,Sector,2015-12-01,17.564568,Yahoo Finance monthly adjusted close
XLB,Materials Select Sector SPDR,Sector,2016-01-01,15.801008,Yahoo Finance monthly adjusted close
XLB,Materials Select Sector SPDR,Sector,2016-02-01,17.035912,Yahoo Finance monthly adjusted close
XLB,Materials Select Sector SPDR,Sector,2016-03-01,18.262659,Yahoo Finance monthly adjusted close
XLB,Materials Select Sector SPDR,Sector,2016-04-01,19.262592,Yahoo Finance monthly adjusted close
XLB,Materials Select Sector SPDR,Sector,2016-05-01,19.197159,Yahoo Finance monthly adjusted close
XLB,Materials Select Sector SPDR,Sector,2016-06-01,18.951775,Yahoo Finance monthly adjusted close
XLB,Materials Select Sector SPDR,Sector,2016-07-01,20.012440,Yahoo Finance monthly adjusted close
XLB,Materials Select Sector SPDR,Sector,2016-08-01,19.959003,Yahoo Finance monthly adjusted close
XLB,Materials Select Sector SPDR,Sector,2016-09-01,19.626085,Yahoo Finance monthly adjusted close
XLB,Materials Select Sector SPDR,Sector,2016-10-01,19.314112,Yahoo Finance monthly adjusted close
XLB,Materials Select Sector SPDR,Sector,2016-11-01,20.632017,Yahoo Finance monthly adjusted close
XLB,Materials Select Sector SPDR,Sector,2016-12-01,20.532866,Yahoo Finance monthly adjusted close
XLB,Materials Select Sector SPDR,Sector,2017-01-01,21.608313,Yahoo Finance monthly adjusted close
XLB,Materials Select Sector SPDR,Sector,2017-02-01,21.728909,Yahoo Finance monthly adjusted close
XLB,Materials Select Sector SPDR,Sector,2017-03-01,21.795446,Yahoo Finance monthly adjusted close
XLB,Materials Select Sector SPDR,Sector,2017-04-01,22.139374,Yahoo Finance monthly adjusted close
XLB,Materials Select Sector SPDR,Sector,2017-05-01,22.143541,Yahoo Finance monthly adjusted close
XLB,Materials Select Sector SPDR,Sector,2017-06-01,22.448078,Yahoo Finance monthly adjusted close
XLB,Materials Select Sector SPDR,Sector,2017-07-01,22.901127,Yahoo Finance monthly adjusted close
XLB,Materials Select Sector SPDR,Sector,2017-08-01,23.081347,Yahoo Finance monthly adjusted close
XLB,Materials Select Sector SPDR,Sector,2017-09-01,23.806440,Yahoo Finance monthly adjusted close
XLB,Materials Select Sector SPDR,Sector,2017-10-01,24.861717,Yahoo Finance monthly adjusted close
XLB,Materials Select Sector SPDR,Sector,2017-11-01,25.097694,Yahoo Finance monthly adjusted close
XLB,Materials Select Sector SPDR,Sector,2017-12-01,25.506433,Yahoo Finance monthly adjusted close
XLB,Materials Select Sector SPDR,Sector,2018-01-01,26.656260,Yahoo Finance monthly adjusted close
XLB,Materials Select Sector SPDR,Sector,2018-02-01,25.250402,Yahoo Finance monthly adjusted close
XLB,Materials Select Sector SPDR,Sector,2018-03-01,24.111320,Yahoo Finance monthly adjusted close
XLB,Materials Select Sector SPDR,Sector,2018-04-01,24.233192,Yahoo Finance monthly adjusted close
XLB,Materials Select Sector SPDR,Sector,2018-05-01,24.730524,Yahoo Finance monthly adjusted close
XLB,Materials Select Sector SPDR,Sector,2018-06-01,24.683762,Yahoo Finance monthly adjusted close
XLB,Materials Select Sector SPDR,Sector,2018-07-01,25.507565,Yahoo Finance monthly adjusted close
XLB,Materials Select Sector SPDR,Sector,2018-08-01,25.311125,Yahoo Finance monthly adjusted close
XLB,Materials Select Sector SPDR,Sector,2018-09-01,24.738882,Yahoo Finance monthly adjusted close
XLB,Materials Select Sector SPDR,Sector,2018-10-01,22.573975,Yahoo Finance monthly adjusted close
XLB,Materials Select Sector SPDR,Sector,2018-11-01,23.432142,Yahoo Finance monthly adjusted close
XLB,Materials Select Sector SPDR,Sector,2018-12-01,21.677193,Yahoo Finance monthly adjusted close
XLB,Materials Select Sector SPDR,Sector,2019-01-01,23.040396,Yahoo Finance monthly adjusted close
XLB,Materials Select Sector SPDR,Sector,2019-02-01,23.774576,Yahoo Finance monthly adjusted close
XLB,Materials Select Sector SPDR,Sector,2019-03-01,23.968922,Yahoo Finance monthly adjusted close
XLB,Materials Select Sector SPDR,Sector,2019-04-01,24.918243,Yahoo Finance monthly adjusted close
XLB,Materials Select Sector SPDR,Sector,2019-05-01,22.879677,Yahoo Finance monthly adjusted close
XLB,Materials Select Sector SPDR,Sector,2019-06-01,25.373672,Yahoo Finance monthly adjusted close
XLB,Materials Select Sector SPDR,Sector,2019-07-01,25.455605,Yahoo Finance monthly adjusted close
XLB,Materials Select Sector SPDR,Sector,2019-08-01,24.735661,Yahoo Finance monthly adjusted close
XLB,Materials Select Sector SPDR,Sector,2019-09-01,25.394518,Yahoo Finance monthly adjusted close
XLB,Materials Select Sector SPDR,Sector,2019-10-01,25.517807,Yahoo Finance monthly adjusted close
XLB,Materials Select Sector SPDR,Sector,2019-11-01,26.329084,Yahoo Finance monthly adjusted close
XLB,Materials Select Sector SPDR,Sector,2019-12-01,26.934250,Yahoo Finance monthly adjusted close
XLB,Materials Select Sector SPDR,Sector,2020-01-01,25.411554,Yahoo Finance monthly adjusted close
XLB,Materials Select Sector SPDR,Sector,2020-02-01,23.246527,Yahoo Finance monthly adjusted close
XLB,Materials Select Sector SPDR,Sector,2020-03-01,19.860085,Yahoo Finance monthly adjusted close
XLB,Materials Select Sector SPDR,Sector,2020-04-01,23.028980,Yahoo Finance monthly adjusted close
XLB,Materials Select Sector SPDR,Sector,2020-05-01,24.613663,Yahoo Finance monthly adjusted close
XLB,Materials Select Sector SPDR,Sector,2020-06-01,25.013166,Yahoo Finance monthly adjusted close
XLB,Materials Select Sector SPDR,Sector,2020-07-01,26.940378,Yahoo Finance monthly adjusted close
XLB,Materials Select Sector SPDR,Sector,2020-08-01,28.114225,Yahoo Finance monthly adjusted close
XLB,Materials Select Sector SPDR,Sector,2020-09-01,28.404335,Yahoo Finance monthly adjusted close
XLB,Materials Select Sector SPDR,Sector,2020-10-01,28.331802,Yahoo Finance monthly adjusted close
XLB,Materials Select Sector SPDR,Sector,2020-11-01,31.834038,Yahoo Finance monthly adjusted close
XLB,Materials Select Sector SPDR,Sector,2020-12-01,32.461845,Yahoo Finance monthly adjusted close
XLB,Materials Select Sector SPDR,Sector,2021-01-01,31.835360,Yahoo Finance monthly adjusted close
XLB,Materials Select Sector SPDR,Sector,2021-02-01,33.146824,Yahoo Finance monthly adjusted close
XLB,Materials Select Sector SPDR,Sector,2021-03-01,35.512833,Yahoo Finance monthly adjusted close
XLB,Materials Select Sector SPDR,Sector,2021-04-01,37.581715,Yahoo Finance monthly adjusted close
XLB,Materials Select Sector SPDR,Sector,2021-05-01,39.491577,Yahoo Finance monthly adjusted close
XLB,Materials Select Sector SPDR,Sector,2021-06-01,37.251328,Yahoo Finance monthly adjusted close
XLB,Materials Select Sector SPDR,Sector,2021-07-01,38.190319,Yahoo Finance monthly adjusted close
XLB,Materials Select Sector SPDR,Sector,2021-08-01,38.913029,Yahoo Finance monthly adjusted close
XLB,Materials Select Sector SPDR,Sector,2021-09-01,35.958523,Yahoo Finance monthly adjusted close
XLB,Materials Select Sector SPDR,Sector,2021-10-01,38.859451,Yahoo Finance monthly adjusted close
XLB,Materials Select Sector SPDR,Sector,2021-11-01,38.644882,Yahoo Finance monthly adjusted close
XLB,Materials Select Sector SPDR,Sector,2021-12-01,41.365772,Yahoo Finance monthly adjusted close
XLB,Materials Select Sector SPDR,Sector,2022-01-01,38.748951,Yahoo Finance monthly adjusted close
XLB,Materials Select Sector SPDR,Sector,2022-02-01,38.257996,Yahoo Finance monthly adjusted close
XLB,Materials Select Sector SPDR,Sector,2022-03-01,40.446659,Yahoo Finance monthly adjusted close
XLB,Materials Select Sector SPDR,Sector,2022-04-01,39.162003,Yahoo Finance monthly adjusted close
XLB,Materials Select Sector SPDR,Sector,2022-05-01,39.622555,Yahoo Finance monthly adjusted close
XLB,Materials Select Sector SPDR,Sector,2022-06-01,33.897724,Yahoo Finance monthly adjusted close
XLB,Materials Select Sector SPDR,Sector,2022-07-01,36.233150,Yahoo Finance monthly adjusted close
XLB,Materials Select Sector SPDR,Sector,2022-08-01,34.971741,Yahoo Finance monthly adjusted close
XLB,Materials Select Sector SPDR,Sector,2022-09-01,31.539955,Yahoo Finance monthly adjusted close
XLB,Materials Select Sector SPDR,Sector,2022-10-01,34.549259,Yahoo Finance monthly adjusted close
XLB,Materials Select Sector SPDR,Sector,2022-11-01,38.592754,Yahoo Finance monthly adjusted close
XLB,Materials Select Sector SPDR,Sector,2022-12-01,36.228218,Yahoo Finance monthly adjusted close
XLB,Materials Select Sector SPDR,Sector,2023-01-01,39.734623,Yahoo Finance monthly adjusted close
XLB,Materials Select Sector SPDR,Sector,2023-02-01,38.410919,Yahoo Finance monthly adjusted close
XLB,Materials Select Sector SPDR,Sector,2023-03-01,37.861717,Yahoo Finance monthly adjusted close
XLB,Materials Select Sector SPDR,Sector,2023-04-01,37.974537,Yahoo Finance monthly adjusted close
XLB,Materials Select Sector SPDR,Sector,2023-05-01,35.367470,Yahoo Finance monthly adjusted close
XLB,Materials Select Sector SPDR,Sector,2023-06-01,39.068283,Yahoo Finance monthly adjusted close
XLB,Materials Select Sector SPDR,Sector,2023-07-01,40.610092,Yahoo Finance monthly adjusted close
XLB,Materials Select Sector SPDR,Sector,2023-08-01,39.269367,Yahoo Finance monthly adjusted close
XLB,Materials Select Sector SPDR,Sector,2023-09-01,37.213287,Yahoo Finance monthly adjusted close
XLB,Materials Select Sector SPDR,Sector,2023-10-01,36.207340,Yahoo Finance monthly adjusted close
XLB,Materials Select Sector SPDR,Sector,2023-11-01,39.230175,Yahoo Finance monthly adjusted close
XLB,Materials Select Sector SPDR,Sector,2023-12-01,40.720169,Yahoo Finance monthly adjusted close
XLB,Materials Select Sector SPDR,Sector,2024-01-01,39.408421,Yahoo Finance monthly adjusted close
XLB,Materials Select Sector SPDR,Sector,2024-02-01,41.973011,Yahoo Finance monthly adjusted close
XLB,Materials Select Sector SPDR,Sector,2024-03-01,44.528023,Yahoo Finance monthly adjusted close
XLB,Materials Select Sector SPDR,Sector,2024-04-01,42.638554,Yahoo Finance monthly adjusted close
XLB,Materials Select Sector SPDR,Sector,2024-05-01,44.033695,Yahoo Finance monthly adjusted close
XLB,Materials Select Sector SPDR,Sector,2024-06-01,42.484608,Yahoo Finance monthly adjusted close
XLB,Materials Select Sector SPDR,Sector,2024-07-01,44.538326,Yahoo Finance monthly adjusted close
XLB,Materials Select Sector SPDR,Sector,2024-08-01,45.572750,Yahoo Finance monthly adjusted close
XLB,Materials Select Sector SPDR,Sector,2024-09-01,46.587841,Yahoo Finance monthly adjusted close
XLB,Materials Select Sector SPDR,Sector,2024-10-01,45.344032,Yahoo Finance monthly adjusted close
XLB,Materials Select Sector SPDR,Sector,2024-11-01,46.018925,Yahoo Finance monthly adjusted close
XLB,Materials Select Sector SPDR,Sector,2024-12-01,40.852837,Yahoo Finance monthly adjusted close
XLB,Materials Select Sector SPDR,Sector,2025-01-01,43.335403,Yahoo Finance monthly adjusted close
XLB,Materials Select Sector SPDR,Sector,2025-02-01,43.320759,Yahoo Finance monthly adjusted close
XLB,Materials Select Sector SPDR,Sector,2025-03-01,41.963932,Yahoo Finance monthly adjusted close
XLB,Materials Select Sector SPDR,Sector,2025-04-01,41.139050,Yahoo Finance monthly adjusted close
XLB,Materials Select Sector SPDR,Sector,2025-05-01,42.340508,Yahoo Finance monthly adjusted close
XLB,Materials Select Sector SPDR,Sector,2025-06-01,43.061382,Yahoo Finance monthly adjusted close
XLB,Materials Select Sector SPDR,Sector,2025-07-01,43.241318,Yahoo Finance monthly adjusted close
XLB,Materials Select Sector SPDR,Sector,2025-08-01,45.483967,Yahoo Finance monthly adjusted close
XLB,Materials Select Sector SPDR,Sector,2025-09-01,44.172878,Yahoo Finance monthly adjusted close
XLB,Materials Select Sector SPDR,Sector,2025-10-01,42.426346,Yahoo Finance monthly adjusted close
XLB,Materials Select Sector SPDR,Sector,2025-11-01,44.273552,Yahoo Finance monthly adjusted close
XLB,Materials Select Sector SPDR,Sector,2025-12-01,44.917351,Yahoo Finance monthly adjusted close
XLB,Materials Select Sector SPDR,Sector,2026-01-01,49.051861,Yahoo Finance monthly adjusted close
XLB,Materials Select Sector SPDR,Sector,2026-02-01,53.173531,Yahoo Finance monthly adjusted close
XLB,Materials Select Sector SPDR,Sector,2026-03-01,49.748764,Yahoo Finance monthly adjusted close
XLB,Materials Select Sector SPDR,Sector,2026-04-01,51.470001,Yahoo Finance monthly adjusted close
XLB,Materials Select Sector SPDR,Sector,2026-05-01,50.290001,Yahoo Finance monthly adjusted close
XLB,Materials Select Sector SPDR,Sector,2026-05-01,50.290001,Yahoo Finance monthly adjusted close
XLRE,Real Estate Select Sector SPDR,Sector,2015-10-01,21.559607,Yahoo Finance monthly adjusted close
XLRE,Real Estate Select Sector SPDR,Sector,2015-11-01,21.420290,Yahoo Finance monthly adjusted close
XLRE,Real Estate Select Sector SPDR,Sector,2015-12-01,21.722610,Yahoo Finance monthly adjusted close
XLRE,Real Estate Select Sector SPDR,Sector,2016-01-01,20.558426,Yahoo Finance monthly adjusted close
XLRE,Real Estate Select Sector SPDR,Sector,2016-02-01,20.657032,Yahoo Finance monthly adjusted close
XLRE,Real Estate Select Sector SPDR,Sector,2016-03-01,22.650188,Yahoo Finance monthly adjusted close
XLRE,Real Estate Select Sector SPDR,Sector,2016-04-01,22.312128,Yahoo Finance monthly adjusted close
XLRE,Real Estate Select Sector SPDR,Sector,2016-05-01,22.696093,Yahoo Finance monthly adjusted close
XLRE,Real Estate Select Sector SPDR,Sector,2016-06-01,23.883511,Yahoo Finance monthly adjusted close
XLRE,Real Estate Select Sector SPDR,Sector,2016-07-01,24.860664,Yahoo Finance monthly adjusted close
XLRE,Real Estate Select Sector SPDR,Sector,2016-08-01,23.930141,Yahoo Finance monthly adjusted close
XLRE,Real Estate Select Sector SPDR,Sector,2016-09-01,23.492823,Yahoo Finance monthly adjusted close
XLRE,Real Estate Select Sector SPDR,Sector,2016-10-01,22.305286,Yahoo Finance monthly adjusted close
XLRE,Real Estate Select Sector SPDR,Sector,2016-11-01,21.627846,Yahoo Finance monthly adjusted close
XLRE,Real Estate Select Sector SPDR,Sector,2016-12-01,22.161156,Yahoo Finance monthly adjusted close
XLRE,Real Estate Select Sector SPDR,Sector,2017-01-01,22.538563,Yahoo Finance monthly adjusted close
XLRE,Real Estate Select Sector SPDR,Sector,2017-02-01,23.588064,Yahoo Finance monthly adjusted close
XLRE,Real Estate Select Sector SPDR,Sector,2017-03-01,23.191748,Yahoo Finance monthly adjusted close
XLRE,Real Estate Select Sector SPDR,Sector,2017-04-01,23.376612,Yahoo Finance monthly adjusted close
XLRE,Real Estate Select Sector SPDR,Sector,2017-05-01,23.531712,Yahoo Finance monthly adjusted close
XLRE,Real Estate Select Sector SPDR,Sector,2017-06-01,23.782837,Yahoo Finance monthly adjusted close
XLRE,Real Estate Select Sector SPDR,Sector,2017-07-01,24.272602,Yahoo Finance monthly adjusted close
XLRE,Real Estate Select Sector SPDR,Sector,2017-08-01,24.518387,Yahoo Finance monthly adjusted close
XLRE,Real Estate Select Sector SPDR,Sector,2017-09-01,24.011936,Yahoo Finance monthly adjusted close
XLRE,Real Estate Select Sector SPDR,Sector,2017-10-01,24.379028,Yahoo Finance monthly adjusted close
XLRE,Real Estate Select Sector SPDR,Sector,2017-11-01,25.091648,Yahoo Finance monthly adjusted close
XLRE,Real Estate Select Sector SPDR,Sector,2017-12-01,24.709080,Yahoo Finance monthly adjusted close
XLRE,Real Estate Select Sector SPDR,Sector,2018-01-01,24.503883,Yahoo Finance monthly adjusted close
XLRE,Real Estate Select Sector SPDR,Sector,2018-02-01,22.835409,Yahoo Finance monthly adjusted close
XLRE,Real Estate Select Sector SPDR,Sector,2018-03-01,23.571058,Yahoo Finance monthly adjusted close
XLRE,Real Estate Select Sector SPDR,Sector,2018-04-01,23.564821,Yahoo Finance monthly adjusted close
XLRE,Real Estate Select Sector SPDR,Sector,2018-05-01,24.091194,Yahoo Finance monthly adjusted close
XLRE,Real Estate Select Sector SPDR,Sector,2018-06-01,24.953238,Yahoo Finance monthly adjusted close
XLRE,Real Estate Select Sector SPDR,Sector,2018-07-01,25.427631,Yahoo Finance monthly adjusted close
XLRE,Real Estate Select Sector SPDR,Sector,2018-08-01,26.043125,Yahoo Finance monthly adjusted close
XLRE,Real Estate Select Sector SPDR,Sector,2018-09-01,25.089113,Yahoo Finance monthly adjusted close
XLRE,Real Estate Select Sector SPDR,Sector,2018-10-01,24.949703,Yahoo Finance monthly adjusted close
XLRE,Real Estate Select Sector SPDR,Sector,2018-11-01,26.318092,Yahoo Finance monthly adjusted close
XLRE,Real Estate Select Sector SPDR,Sector,2018-12-01,24.102243,Yahoo Finance monthly adjusted close
XLRE,Real Estate Select Sector SPDR,Sector,2019-01-01,27.004650,Yahoo Finance monthly adjusted close
XLRE,Real Estate Select Sector SPDR,Sector,2019-02-01,27.303556,Yahoo Finance monthly adjusted close
XLRE,Real Estate Select Sector SPDR,Sector,2019-03-01,28.491354,Yahoo Finance monthly adjusted close
XLRE,Real Estate Select Sector SPDR,Sector,2019-04-01,28.504282,Yahoo Finance monthly adjusted close
XLRE,Real Estate Select Sector SPDR,Sector,2019-05-01,28.852377,Yahoo Finance monthly adjusted close
XLRE,Real Estate Select Sector SPDR,Sector,2019-06-01,29.089716,Yahoo Finance monthly adjusted close
XLRE,Real Estate Select Sector SPDR,Sector,2019-07-01,29.830809,Yahoo Finance monthly adjusted close
XLRE,Real Estate Select Sector SPDR,Sector,2019-08-01,31.266130,Yahoo Finance monthly adjusted close
XLRE,Real Estate Select Sector SPDR,Sector,2019-09-01,31.369789,Yahoo Finance monthly adjusted close
XLRE,Real Estate Select Sector SPDR,Sector,2019-10-01,31.571772,Yahoo Finance monthly adjusted close
XLRE,Real Estate Select Sector SPDR,Sector,2019-11-01,31.025892,Yahoo Finance monthly adjusted close
XLRE,Real Estate Select Sector SPDR,Sector,2019-12-01,31.041952,Yahoo Finance monthly adjusted close
XLRE,Real Estate Select Sector SPDR,Sector,2020-01-01,31.834227,Yahoo Finance monthly adjusted close
XLRE,Real Estate Select Sector SPDR,Sector,2020-02-01,29.854227,Yahoo Finance monthly adjusted close
XLRE,Real Estate Select Sector SPDR,Sector,2020-03-01,25.155779,Yahoo Finance monthly adjusted close
XLRE,Real Estate Select Sector SPDR,Sector,2020-04-01,27.731537,Yahoo Finance monthly adjusted close
XLRE,Real Estate Select Sector SPDR,Sector,2020-05-01,28.328352,Yahoo Finance monthly adjusted close
XLRE,Real Estate Select Sector SPDR,Sector,2020-06-01,28.459162,Yahoo Finance monthly adjusted close
XLRE,Real Estate Select Sector SPDR,Sector,2020-07-01,29.872786,Yahoo Finance monthly adjusted close
XLRE,Real Estate Select Sector SPDR,Sector,2020-08-01,29.864550,Yahoo Finance monthly adjusted close
XLRE,Real Estate Select Sector SPDR,Sector,2020-09-01,29.057177,Yahoo Finance monthly adjusted close
XLRE,Real Estate Select Sector SPDR,Sector,2020-10-01,28.303812,Yahoo Finance monthly adjusted close
XLRE,Real Estate Select Sector SPDR,Sector,2020-11-01,30.251514,Yahoo Finance monthly adjusted close
XLRE,Real Estate Select Sector SPDR,Sector,2020-12-01,30.301243,Yahoo Finance monthly adjusted close
XLRE,Real Estate Select Sector SPDR,Sector,2021-01-01,30.861664,Yahoo Finance monthly adjusted close
XLRE,Real Estate Select Sector SPDR,Sector,2021-02-01,31.348602,Yahoo Finance monthly adjusted close
XLRE,Real Estate Select Sector SPDR,Sector,2021-03-01,33.153629,Yahoo Finance monthly adjusted close
XLRE,Real Estate Select Sector SPDR,Sector,2021-04-01,36.265862,Yahoo Finance monthly adjusted close
XLRE,Real Estate Select Sector SPDR,Sector,2021-05-01,36.681343,Yahoo Finance monthly adjusted close
XLRE,Real Estate Select Sector SPDR,Sector,2021-06-01,37.588631,Yahoo Finance monthly adjusted close
XLRE,Real Estate Select Sector SPDR,Sector,2021-07-01,39.581345,Yahoo Finance monthly adjusted close
XLRE,Real Estate Select Sector SPDR,Sector,2021-08-01,40.690788,Yahoo Finance monthly adjusted close
XLRE,Real Estate Select Sector SPDR,Sector,2021-09-01,37.934265,Yahoo Finance monthly adjusted close
XLRE,Real Estate Select Sector SPDR,Sector,2021-10-01,41.038887,Yahoo Finance monthly adjusted close
XLRE,Real Estate Select Sector SPDR,Sector,2021-11-01,40.669865,Yahoo Finance monthly adjusted close
XLRE,Real Estate Select Sector SPDR,Sector,2021-12-01,44.463097,Yahoo Finance monthly adjusted close
XLRE,Real Estate Select Sector SPDR,Sector,2022-01-01,40.974892,Yahoo Finance monthly adjusted close
XLRE,Real Estate Select Sector SPDR,Sector,2022-02-01,39.010105,Yahoo Finance monthly adjusted close
XLRE,Real Estate Select Sector SPDR,Sector,2022-03-01,41.823128,Yahoo Finance monthly adjusted close
XLRE,Real Estate Select Sector SPDR,Sector,2022-04-01,40.565437,Yahoo Finance monthly adjusted close
XLRE,Real Estate Select Sector SPDR,Sector,2022-05-01,38.493637,Yahoo Finance monthly adjusted close
XLRE,Real Estate Select Sector SPDR,Sector,2022-06-01,35.568752,Yahoo Finance monthly adjusted close
XLRE,Real Estate Select Sector SPDR,Sector,2022-07-01,38.908733,Yahoo Finance monthly adjusted close
XLRE,Real Estate Select Sector SPDR,Sector,2022-08-01,36.723736,Yahoo Finance monthly adjusted close
XLRE,Real Estate Select Sector SPDR,Sector,2022-09-01,31.599085,Yahoo Finance monthly adjusted close
XLRE,Real Estate Select Sector SPDR,Sector,2022-10-01,32.524296,Yahoo Finance monthly adjusted close
XLRE,Real Estate Select Sector SPDR,Sector,2022-11-01,34.746891,Yahoo Finance monthly adjusted close
XLRE,Real Estate Select Sector SPDR,Sector,2022-12-01,32.701405,Yahoo Finance monthly adjusted close
XLRE,Real Estate Select Sector SPDR,Sector,2023-01-01,36.350407,Yahoo Finance monthly adjusted close
XLRE,Real Estate Select Sector SPDR,Sector,2023-02-01,34.218990,Yahoo Finance monthly adjusted close
XLRE,Real Estate Select Sector SPDR,Sector,2023-03-01,33.475689,Yahoo Finance monthly adjusted close
XLRE,Real Estate Select Sector SPDR,Sector,2023-04-01,34.047623,Yahoo Finance monthly adjusted close
XLRE,Real Estate Select Sector SPDR,Sector,2023-05-01,32.505325,Yahoo Finance monthly adjusted close
XLRE,Real Estate Select Sector SPDR,Sector,2023-06-01,33.993504,Yahoo Finance monthly adjusted close
XLRE,Real Estate Select Sector SPDR,Sector,2023-07-01,34.775703,Yahoo Finance monthly adjusted close
XLRE,Real Estate Select Sector SPDR,Sector,2023-08-01,33.710308,Yahoo Finance monthly adjusted close
XLRE,Real Estate Select Sector SPDR,Sector,2023-09-01,31.024046,Yahoo Finance monthly adjusted close
XLRE,Real Estate Select Sector SPDR,Sector,2023-10-01,30.381071,Yahoo Finance monthly adjusted close
XLRE,Real Estate Select Sector SPDR,Sector,2023-11-01,34.171822,Yahoo Finance monthly adjusted close
XLRE,Real Estate Select Sector SPDR,Sector,2023-12-01,36.769356,Yahoo Finance monthly adjusted close
XLRE,Real Estate Select Sector SPDR,Sector,2024-01-01,35.370163,Yahoo Finance monthly adjusted close
XLRE,Real Estate Select Sector SPDR,Sector,2024-02-01,36.279240,Yahoo Finance monthly adjusted close
XLRE,Real Estate Select Sector SPDR,Sector,2024-03-01,36.668835,Yahoo Finance monthly adjusted close
XLRE,Real Estate Select Sector SPDR,Sector,2024-04-01,33.799141,Yahoo Finance monthly adjusted close
XLRE,Real Estate Select Sector SPDR,Sector,2024-05-01,35.536263,Yahoo Finance monthly adjusted close
XLRE,Real Estate Select Sector SPDR,Sector,2024-06-01,35.872475,Yahoo Finance monthly adjusted close
XLRE,Real Estate Select Sector SPDR,Sector,2024-07-01,38.859634,Yahoo Finance monthly adjusted close
XLRE,Real Estate Select Sector SPDR,Sector,2024-08-01,41.086121,Yahoo Finance monthly adjusted close
XLRE,Real Estate Select Sector SPDR,Sector,2024-09-01,42.142750,Yahoo Finance monthly adjusted close
XLRE,Real Estate Select Sector SPDR,Sector,2024-10-01,41.041599,Yahoo Finance monthly adjusted close
XLRE,Real Estate Select Sector SPDR,Sector,2024-11-01,42.751663,Yahoo Finance monthly adjusted close
XLRE,Real Estate Select Sector SPDR,Sector,2024-12-01,38.638000,Yahoo Finance monthly adjusted close
XLRE,Real Estate Select Sector SPDR,Sector,2025-01-01,39.773712,Yahoo Finance monthly adjusted close
XLRE,Real Estate Select Sector SPDR,Sector,2025-02-01,41.434959,Yahoo Finance monthly adjusted close
XLRE,Real Estate Select Sector SPDR,Sector,2025-03-01,40.186623,Yahoo Finance monthly adjusted close
XLRE,Real Estate Select Sector SPDR,Sector,2025-04-01,39.912327,Yahoo Finance monthly adjusted close
XLRE,Real Estate Select Sector SPDR,Sector,2025-05-01,40.327877,Yahoo Finance monthly adjusted close
XLRE,Real Estate Select Sector SPDR,Sector,2025-06-01,40.028290,Yahoo Finance monthly adjusted close
XLRE,Real Estate Select Sector SPDR,Sector,2025-07-01,40.380634,Yahoo Finance monthly adjusted close
XLRE,Real Estate Select Sector SPDR,Sector,2025-08-01,41.258266,Yahoo Finance monthly adjusted close
XLRE,Real Estate Select Sector SPDR,Sector,2025-09-01,41.082737,Yahoo Finance monthly adjusted close
XLRE,Real Estate Select Sector SPDR,Sector,2025-10-01,40.187725,Yahoo Finance monthly adjusted close
XLRE,Real Estate Select Sector SPDR,Sector,2025-11-01,40.944309,Yahoo Finance monthly adjusted close
XLRE,Real Estate Select Sector SPDR,Sector,2025-12-01,39.647297,Yahoo Finance monthly adjusted close
XLRE,Real Estate Select Sector SPDR,Sector,2026-01-01,41.153393,Yahoo Finance monthly adjusted close
XLRE,Real Estate Select Sector SPDR,Sector,2026-02-01,43.547302,Yahoo Finance monthly adjusted close
XLRE,Real Estate Select Sector SPDR,Sector,2026-03-01,40.557400,Yahoo Finance monthly adjusted close
XLRE,Real Estate Select Sector SPDR,Sector,2026-04-01,44.400002,Yahoo Finance monthly adjusted close
XLRE,Real Estate Select Sector SPDR,Sector,2026-05-01,44.560001,Yahoo Finance monthly adjusted close
XLRE,Real Estate Select Sector SPDR,Sector,2026-05-01,44.560001,Yahoo Finance monthly adjusted close
XLC,Communication Services Select Sector SPDR,Sector,2018-06-01,45.925602,Yahoo Finance monthly adjusted close
XLC,Communication Services Select Sector SPDR,Sector,2018-07-01,44.933464,Yahoo Finance monthly adjusted close
XLC,Communication Services Select Sector SPDR,Sector,2018-08-01,45.601067,Yahoo Finance monthly adjusted close
XLC,Communication Services Select Sector SPDR,Sector,2018-09-01,45.434166,Yahoo Finance monthly adjusted close
XLC,Communication Services Select Sector SPDR,Sector,2018-10-01,42.805130,Yahoo Finance monthly adjusted close
XLC,Communication Services Select Sector SPDR,Sector,2018-11-01,41.847492,Yahoo Finance monthly adjusted close
XLC,Communication Services Select Sector SPDR,Sector,2018-12-01,38.379574,Yahoo Finance monthly adjusted close
XLC,Communication Services Select Sector SPDR,Sector,2019-01-01,43.028431,Yahoo Finance monthly adjusted close
XLC,Communication Services Select Sector SPDR,Sector,2019-02-01,42.832554,Yahoo Finance monthly adjusted close
XLC,Communication Services Select Sector SPDR,Sector,2019-03-01,43.625404,Yahoo Finance monthly adjusted close
XLC,Communication Services Select Sector SPDR,Sector,2019-04-01,46.785912,Yahoo Finance monthly adjusted close
XLC,Communication Services Select Sector SPDR,Sector,2019-05-01,44.001377,Yahoo Finance monthly adjusted close
XLC,Communication Services Select Sector SPDR,Sector,2019-06-01,45.991661,Yahoo Finance monthly adjusted close
XLC,Communication Services Select Sector SPDR,Sector,2019-07-01,47.563156,Yahoo Finance monthly adjusted close
XLC,Communication Services Select Sector SPDR,Sector,2019-08-01,46.392342,Yahoo Finance monthly adjusted close
XLC,Communication Services Select Sector SPDR,Sector,2019-09-01,46.382977,Yahoo Finance monthly adjusted close
XLC,Communication Services Select Sector SPDR,Sector,2019-10-01,47.523884,Yahoo Finance monthly adjusted close
XLC,Communication Services Select Sector SPDR,Sector,2019-11-01,49.345230,Yahoo Finance monthly adjusted close
XLC,Communication Services Select Sector SPDR,Sector,2019-12-01,50.349781,Yahoo Finance monthly adjusted close
XLC,Communication Services Select Sector SPDR,Sector,2020-01-01,50.722797,Yahoo Finance monthly adjusted close
XLC,Communication Services Select Sector SPDR,Sector,2020-02-01,47.759026,Yahoo Finance monthly adjusted close
XLC,Communication Services Select Sector SPDR,Sector,2020-03-01,41.624500,Yahoo Finance monthly adjusted close
XLC,Communication Services Select Sector SPDR,Sector,2020-04-01,47.440681,Yahoo Finance monthly adjusted close
XLC,Communication Services Select Sector SPDR,Sector,2020-05-01,50.969498,Yahoo Finance monthly adjusted close
XLC,Communication Services Select Sector SPDR,Sector,2020-06-01,50.988373,Yahoo Finance monthly adjusted close
XLC,Communication Services Select Sector SPDR,Sector,2020-07-01,54.958229,Yahoo Finance monthly adjusted close
XLC,Communication Services Select Sector SPDR,Sector,2020-08-01,59.808327,Yahoo Finance monthly adjusted close
XLC,Communication Services Select Sector SPDR,Sector,2020-09-01,56.158939,Yahoo Finance monthly adjusted close
XLC,Communication Services Select Sector SPDR,Sector,2020-10-01,56.088253,Yahoo Finance monthly adjusted close
XLC,Communication Services Select Sector SPDR,Sector,2020-11-01,61.962357,Yahoo Finance monthly adjusted close
XLC,Communication Services Select Sector SPDR,Sector,2020-12-01,63.933029,Yahoo Finance monthly adjusted close
XLC,Communication Services Select Sector SPDR,Sector,2021-01-01,63.465744,Yahoo Finance monthly adjusted close
XLC,Communication Services Select Sector SPDR,Sector,2021-02-01,67.916336,Yahoo Finance monthly adjusted close
XLC,Communication Services Select Sector SPDR,Sector,2021-03-01,69.576988,Yahoo Finance monthly adjusted close
XLC,Communication Services Select Sector SPDR,Sector,2021-04-01,74.196381,Yahoo Finance monthly adjusted close
XLC,Communication Services Select Sector SPDR,Sector,2021-05-01,74.899849,Yahoo Finance monthly adjusted close
XLC,Communication Services Select Sector SPDR,Sector,2021-06-01,76.972221,Yahoo Finance monthly adjusted close
XLC,Communication Services Select Sector SPDR,Sector,2021-07-01,78.472443,Yahoo Finance monthly adjusted close
XLC,Communication Services Select Sector SPDR,Sector,2021-08-01,81.538948,Yahoo Finance monthly adjusted close
XLC,Communication Services Select Sector SPDR,Sector,2021-09-01,76.291565,Yahoo Finance monthly adjusted close
XLC,Communication Services Select Sector SPDR,Sector,2021-10-01,76.603348,Yahoo Finance monthly adjusted close
XLC,Communication Services Select Sector SPDR,Sector,2021-11-01,71.900299,Yahoo Finance monthly adjusted close
XLC,Communication Services Select Sector SPDR,Sector,2021-12-01,74.103966,Yahoo Finance monthly adjusted close
XLC,Communication Services Select Sector SPDR,Sector,2022-01-01,70.690811,Yahoo Finance monthly adjusted close
XLC,Communication Services Select Sector SPDR,Sector,2022-02-01,65.433205,Yahoo Finance monthly adjusted close
XLC,Communication Services Select Sector SPDR,Sector,2022-03-01,65.748657,Yahoo Finance monthly adjusted close
XLC,Communication Services Select Sector SPDR,Sector,2022-04-01,56.600552,Yahoo Finance monthly adjusted close
XLC,Communication Services Select Sector SPDR,Sector,2022-05-01,57.673920,Yahoo Finance monthly adjusted close
XLC,Communication Services Select Sector SPDR,Sector,2022-06-01,52.010017,Yahoo Finance monthly adjusted close
XLC,Communication Services Select Sector SPDR,Sector,2022-07-01,54.153328,Yahoo Finance monthly adjusted close
XLC,Communication Services Select Sector SPDR,Sector,2022-08-01,52.241585,Yahoo Finance monthly adjusted close
XLC,Communication Services Select Sector SPDR,Sector,2022-09-01,46.006802,Yahoo Finance monthly adjusted close
XLC,Communication Services Select Sector SPDR,Sector,2022-10-01,46.412125,Yahoo Finance monthly adjusted close
XLC,Communication Services Select Sector SPDR,Sector,2022-11-01,49.589054,Yahoo Finance monthly adjusted close
XLC,Communication Services Select Sector SPDR,Sector,2022-12-01,46.200336,Yahoo Finance monthly adjusted close
XLC,Communication Services Select Sector SPDR,Sector,2023-01-01,53.156475,Yahoo Finance monthly adjusted close
XLC,Communication Services Select Sector SPDR,Sector,2023-02-01,51.631653,Yahoo Finance monthly adjusted close
XLC,Communication Services Select Sector SPDR,Sector,2023-03-01,55.945541,Yahoo Finance monthly adjusted close
XLC,Communication Services Select Sector SPDR,Sector,2023-04-01,57.966202,Yahoo Finance monthly adjusted close
XLC,Communication Services Select Sector SPDR,Sector,2023-05-01,60.230659,Yahoo Finance monthly adjusted close
XLC,Communication Services Select Sector SPDR,Sector,2023-06-01,62.978973,Yahoo Finance monthly adjusted close
XLC,Communication Services Select Sector SPDR,Sector,2023-07-01,66.677292,Yahoo Finance monthly adjusted close
XLC,Communication Services Select Sector SPDR,Sector,2023-08-01,65.649864,Yahoo Finance monthly adjusted close
XLC,Communication Services Select Sector SPDR,Sector,2023-09-01,63.556198,Yahoo Finance monthly adjusted close
XLC,Communication Services Select Sector SPDR,Sector,2023-10-01,62.888805,Yahoo Finance monthly adjusted close
XLC,Communication Services Select Sector SPDR,Sector,2023-11-01,67.795921,Yahoo Finance monthly adjusted close
XLC,Communication Services Select Sector SPDR,Sector,2023-12-01,70.604156,Yahoo Finance monthly adjusted close
XLC,Communication Services Select Sector SPDR,Sector,2024-01-01,73.914146,Yahoo Finance monthly adjusted close
XLC,Communication Services Select Sector SPDR,Sector,2024-02-01,77.303970,Yahoo Finance monthly adjusted close
XLC,Communication Services Select Sector SPDR,Sector,2024-03-01,79.544380,Yahoo Finance monthly adjusted close
XLC,Communication Services Select Sector SPDR,Sector,2024-04-01,76.048080,Yahoo Finance monthly adjusted close
XLC,Communication Services Select Sector SPDR,Sector,2024-05-01,81.322426,Yahoo Finance monthly adjusted close
XLC,Communication Services Select Sector SPDR,Sector,2024-06-01,83.666565,Yahoo Finance monthly adjusted close
XLC,Communication Services Select Sector SPDR,Sector,2024-07-01,84.015099,Yahoo Finance monthly adjusted close
XLC,Communication Services Select Sector SPDR,Sector,2024-08-01,85.513451,Yahoo Finance monthly adjusted close
XLC,Communication Services Select Sector SPDR,Sector,2024-09-01,88.529732,Yahoo Finance monthly adjusted close
XLC,Communication Services Select Sector SPDR,Sector,2024-10-01,90.409370,Yahoo Finance monthly adjusted close
XLC,Communication Services Select Sector SPDR,Sector,2024-11-01,96.656685,Yahoo Finance monthly adjusted close
XLC,Communication Services Select Sector SPDR,Sector,2024-12-01,95.094856,Yahoo Finance monthly adjusted close
XLC,Communication Services Select Sector SPDR,Sector,2025-01-01,100.827614,Yahoo Finance monthly adjusted close
XLC,Communication Services Select Sector SPDR,Sector,2025-02-01,100.453377,Yahoo Finance monthly adjusted close
XLC,Communication Services Select Sector SPDR,Sector,2025-03-01,94.987534,Yahoo Finance monthly adjusted close
XLC,Communication Services Select Sector SPDR,Sector,2025-04-01,94.271034,Yahoo Finance monthly adjusted close
XLC,Communication Services Select Sector SPDR,Sector,2025-05-01,100.158028,Yahoo Finance monthly adjusted close
XLC,Communication Services Select Sector SPDR,Sector,2025-06-01,107.200699,Yahoo Finance monthly adjusted close
XLC,Communication Services Select Sector SPDR,Sector,2025-07-01,106.351921,Yahoo Finance monthly adjusted close
XLC,Communication Services Select Sector SPDR,Sector,2025-08-01,110.292709,Yahoo Finance monthly adjusted close
XLC,Communication Services Select Sector SPDR,Sector,2025-09-01,117.203957,Yahoo Finance monthly adjusted close
XLC,Communication Services Select Sector SPDR,Sector,2025-10-01,114.075485,Yahoo Finance monthly adjusted close
XLC,Communication Services Select Sector SPDR,Sector,2025-11-01,114.651779,Yahoo Finance monthly adjusted close
XLC,Communication Services Select Sector SPDR,Sector,2025-12-01,116.966873,Yahoo Finance monthly adjusted close
XLC,Communication Services Select Sector SPDR,Sector,2026-01-01,119.698029,Yahoo Finance monthly adjusted close
XLC,Communication Services Select Sector SPDR,Sector,2026-02-01,117.674492,Yahoo Finance monthly adjusted close
XLC,Communication Services Select Sector SPDR,Sector,2026-03-01,110.507355,Yahoo Finance monthly adjusted close
XLC,Communication Services Select Sector SPDR,Sector,2026-04-01,116.510002,Yahoo Finance monthly adjusted close
XLC,Communication Services Select Sector SPDR,Sector,2026-05-01,115.459999,Yahoo Finance monthly adjusted close
XLC,Communication Services Select Sector SPDR,Sector,2026-05-01,115.459999,Yahoo Finance monthly adjusted close
